area_id,raw_population_density,raw_car_access_hhshare,raw_share_work_from_home,raw_share_students,mean_age_adult,raw_prob_female,scaled_population_density,scaled_car_access_hhshare,scaled_share_work_from_home,scaled_share_students,scaled_mean_age_adult,scaled_prob_female
W02000001,62.8,0.8630968082300184,0.20816326530612245,0.05273603629146584,53.79872910623014,0.5039857227840571,-0.7385763534300872,0.6348996398241148,-0.4925119732106015,-0.24719603888037903,0.6562949398195984,-0.5343496819376176
W02000002,53.1,0.9011289770783442,0.30970724191063176,0.03888280394304491,57.52071629213483,0.5117850408548082,-0.7435072959980442,1.0668380727353353,0.6555194254488073,-0.4337328434688836,1.502527080665835,0.06109871774923681
W02000003,2298.2,0.6803312629399586,0.12175980975029727,0.05821505893673322,49.32469512195122,0.5159439375411532,0.39777715341641895,-1.4408027356460775,-1.4693683387742393,-0.17341980017947176,-0.3609227902879013,0.378614730544513
W02000004,99.2,0.9045468232460102,0.235790841182202,0.05146124523506988,55.722714766126565,0.5118259224219489,-0.7200726101853825,1.105655188937171,-0.18016134804140685,-0.26436137937257187,1.0937329057796734,0.06421987058718644
W02000005,100.0,0.8890060638017401,0.2877245508982036,0.04686393883618859,57.866020984665056,0.5195441735081485,-0.7196659345096746,0.929155886271086,0.40698848985636743,-0.32626511590084506,1.581035660789568,0.6534791129937785
W02000006,152.4,0.8252714708785784,0.1740942609810837,0.06419221803837188,51.497051682275405,0.5095170454545455,-0.6930286777508141,0.20531023078786145,-0.8776878151863511,-0.0929360451037935,0.13298485928334985,-0.1120541424537778
W02000007,68.5,0.8936243936243936,0.22540592168099333,0.04885877318116976,52.10606060606061,0.508558166521613,-0.7356787892406691,0.9816071191791966,-0.2975707115369126,-0.29940423498603064,0.2714493137878993,-0.185260917831907
W02000008,831.4,0.8593637020968908,0.23960695389266817,0.06869479882237488,55.026785714285715,0.5193212365591398,-0.34786269799382313,0.5925020574126297,-0.13701730977411022,-0.03230780970534093,0.9355062644718721,0.6364587211705284
W02000009,55.9,0.9136690647482014,0.2666117517847337,0.04996998799519808,54.42075716136462,0.5017430278884463,-0.7420839311330668,1.2092581865681522,0.16829233961346235,-0.2844414843869707,0.797719427995241,-0.7055709444202115
W02000010,3111.9,0.6141263940520446,0.21473354231974923,0.5843221408735167,32.98196517412935,0.5163087637840975,0.81141715007071,-2.1927037758571273,-0.4182300260015461,6.910727167662044,-4.076610851598534,0.4064678326432248
W02000011,1265.2,0.7724321133412042,0.18610960390667391,0.13227752639517346,47.21250732278852,0.5080577772472246,-0.12734281284127125,-0.3947962049442112,-0.7418452826650747,0.8238475286408882,-0.841150451985318,-0.22346374402160354
W02000012,72.3,0.8454622084855297,0.23492462311557788,0.06761406133133882,50.10968307287863,0.5121208429772202,-0.7337470797810571,0.43462020246075195,-0.18995459793985905,-0.0468601764820263,-0.18244769054347873,0.08673593815591306
W02000013,206.1,0.8938790293371967,0.2500784436774396,0.06661605617764281,51.063853211009175,0.5083268482490272,-0.6657305730189285,0.9844990644476879,-0.018629203796340296,-0.060298534235011886,0.03449272284096322,-0.20292119197127031
W02000014,72.5,0.8723040054775761,0.2438078185616234,0.06648745519713262,50.38761588245583,0.5057846336398695,-0.7336454108621301,0.7394674956956753,-0.0895233598349329,-0.06203017457482431,-0.11925680225922562,-0.3970096503405166
W02000015,1378.1,0.7449700924415443,0.19360953154616842,0.057019502754205746,50.40181008475794,0.5204932472108045,-0.06995070810700874,-0.7066874967419564,-0.6570529325353588,-0.1895182257588367,-0.11602960409819883,0.7259372961714441
W02000016,77.4,0.8385797950219619,0.24610798277575355,0.05581039755351682,52.68874656907594,0.5177784770295784,-0.7311545223484198,0.35645534949230445,-0.06351826501597647,-0.20579909183220213,0.40392897191000554,0.5186748733205454
W02000017,63.9,0.867620206938527,0.22713950762016413,0.056447688564476885,52.36042125117888,0.508843717001056,-0.7380171743759889,0.6862727223684687,-0.2779712123150734,-0.19721782893358206,0.3292808275772577,-0.16346022006939387
W02000018,28.2,0.7938549481957842,0.1909824046920821,0.057796508127633955,52.40652131969902,0.4995888834073343,-0.7561650764044493,-0.15149307509889598,-0.6867545871051727,-0.17905567840078876,0.33976215320478637,-0.8700317180848559
W02000019,28.5,0.8325718015665796,0.2241318835496317,0.04561590344337948,56.453566621803496,0.5058558558558559,-0.7560125730260588,0.2882214475970952,-0.3119746754823974,-0.3430701855288375,1.2598996064102144,-0.3915721038593294
W02000020,46.4,0.8824771287825475,0.24587912087912087,0.04677182685253118,56.06531963072636,0.5227518124325158,-0.7469132047820969,0.8550055539033491,-0.06610572172268374,-0.3275054239144272,1.1716276522023823,0.8983701979529268
W02000021,101.5,0.8161912993373668,0.20734528629265472,0.04404669260700389,53.66696415290793,0.5041919257061782,-0.7189034176177226,0.10218502954789364,-0.5017598441558456,-0.3641999527760116,0.6263368198774804,-0.5186068696976285
W02000022,31.1,0.8616305160807779,0.25421530479896237,0.04103852596314908,57.06888265919103,0.5103584939650514,-0.7546908770800086,0.618246686487196,0.02814113766762232,-0.4047055748071301,1.3997980481854548,-0.04781273513399774
W02000023,32.9,0.9077649077649077,0.3362646566164154,0.045475011256190905,55.85481798715203,0.5041635124905375,-0.753775856809666,1.142203574847317,0.9557710697999586,-0.34496732965582805,1.1237679343698892,-0.5207761111146031
W02000024,10.2,0.8636363636363636,0.31554441260744986,0.047699451245251163,53.699858040965324,0.49815108293713684,-0.7653152791078747,0.6410274711769613,0.7215130516919637,-0.3150147585069376,0.6338155842904748,-0.9798023392188698
W02000025,24.8,0.7922168172341904,0.2435328898743533,0.05188316679477325,54.86845983787767,0.506201044386423,-0.7578934480262074,-0.1700976338679743,-0.09263163642535631,-0.25868011325686746,0.8995092449626368,-0.3652182667351266
W02000026,25.6,0.8287356321839081,0.2579022988505747,0.04005231322543731,58.68273525334976,0.5132259919493962,-0.7574867723504997,0.2446533566438474,0.06982539191351572,-0.41798514509876705,1.766724065807743,0.1711098771244552
W02000027,1260.9,0.6425360775964041,0.25284008156131665,0.04592251422378759,55.65333503705597,0.5098528015194682,-0.12952869459820063,-1.8700497027067728,0.012593199623671192,-0.3389416042857577,1.0779587094350203,-0.0864204383619848
W02000028,1371.1,0.740790354989953,0.15910898965791567,0.06094929881337648,55.485617021276596,0.5298852287971382,-0.07350912026945194,-0.7541575543140255,-1.0471076328032174,-0.13660266200264487,1.0398262902561073,1.4429795240610133
W02000029,679.5,0.8988682000730194,0.22138910812943963,0.04793070259865255,58.27014303820388,0.5178333333333334,-0.4250802419188407,1.0411620067519278,-0.34298382449490444,-0.311900908436764,1.6729169740365424,0.5228629443784697
W02000030,2858.6,0.7843601895734598,0.24302973977695166,0.0448843590748726,59.68804664723032,0.5272016320979259,0.6826534642497294,-0.25932681912103445,-0.09832012853853549,-0.35292059050898233,1.995291970684578,1.238097078511904
W02000031,784.0,0.8487953475491554,0.14864010120177104,0.051656208959579744,54.540803382663846,0.5139500734214391,-0.37195823177951,0.4724752842879105,-1.1654663287948746,-0.2617361501649719,0.8250131734533821,0.22639075551146565
W02000032,1649.5,0.8735483870967742,0.23518005540166206,0.04270011273957159,56.862802446157936,0.5274830094193395,0.06801401487686076,0.7536001697664992,-0.18706674289949446,-0.3823319453158368,1.3529435881482268,1.2595791714620799
W02000033,3533.4,0.6812101910828026,0.18630234208658622,0.05969360802958267,51.60931174089069,0.5033778927698721,1.0256843967092546,-1.4308205848469573,-0.7396662318768474,-0.153510813145207,0.15850834042087159,-0.5807552017465071
W02000034,949.8,0.835076187630714,0.27349678925861065,0.05519937451133698,53.64999251160701,0.5123255510629973,-0.28767469798906947,0.3166642270836122,0.24613289170984756,-0.21402665078389804,0.6224781423392715,0.10236462530178769
W02000035,711.1,0.8310381355932204,0.20711297071129708,0.06286672254819782,51.50554803788904,0.5182104316546763,-0.4090165527283828,0.2708033171774514,-0.5043863473785345,-0.11078413189068168,0.13491659328489278,0.5516529731901312
W02000036,674.4,0.8069620253164557,0.18541321335543454,0.04023829431438127,56.997130701494015,0.5237462342725501,-0.4276727993514779,-0.002633556354973747,-0.7497185041528083,-0.41548086904441706,1.3834845012173729,0.974290539691861
W02000037,310.9,0.8511642542479547,0.18468871015787905,0.05547021676053934,51.059057730590574,0.5108393551973318,-0.6124560595012073,0.4993793993614664,-0.7579095603536338,-0.210379700639477,0.03340242095158899,-0.011100801009064016
W02000038,75.8,0.8563400070249385,0.2913185615691972,0.054018195602729344,54.59489516864175,0.5166639832555144,-0.7319678736998355,0.5581613886963895,0.4476214967109998,-0.22993148322425777,0.8373114983975479,0.433587494115429
W02000039,236.4,0.8184540010887316,0.2775698243593435,0.05646879756468798,53.22652910832719,0.5129447774518556,-0.6503277318014956,0.12788295523095664,0.29218163177145723,-0.19693359162719742,0.5261993739209939,0.14964021516038534
W02000040,14.1,0.9368949444245249,0.34191616766467064,0.047721952097965065,54.08188976377953,0.4979536152796726,-0.7633327351887992,1.4730388326413353,1.0196656734014826,-0.3147117796020724,0.7206744332119711,-0.9948782470816299
W02000041,19.2,0.868619022031166,0.27889997566317837,0.04673028346898681,53.88010273046769,0.5083313776108894,-0.760740177756162,0.6976164516099725,0.3072199975399921,-0.32806481466333387,0.6747960718244957,-0.2025753923451996
W02000042,3145.3,0.8015463917525774,0.1684027777777778,0.045666734321087886,55.79571150097466,0.5198771540692715,0.8283958595315105,-0.06413991651371036,-0.9420343342101849,-0.34238573663895544,1.110329465660165,0.6789009178809337
W02000043,809.5,0.756993006993007,0.20066571564431765,0.0577716643741403,53.938704028021014,0.5289744567289363,-0.358995444616324,-0.5701410144444342,-0.5772774385053485,-0.17939020497726813,0.6881196806947026,1.3734455256305491
W02000044,2511.7,0.8409455128205128,0.17625402669121032,0.049777777777777775,56.024096385542165,0.5302887337233441,0.5063087243709368,0.3833232476311516,-0.8532700315631007,-0.28702963701915635,1.1622551226147049,1.4737855971555445
W02000045,3389.0,0.6184636742248959,0.13497128270580727,0.05762273901808786,52.59465096307201,0.5024043487351035,0.9522794372439976,-2.1434444762250275,-1.320002652274312,-0.18139551748062732,0.382535366253738,-0.6550816021149685
W02000047,3024.2,0.6411439114391144,0.09140316205533597,0.08459657701711491,46.147710843373495,0.5228171038447719,0.7668353291212429,-1.8858607933319187,-1.8125731833864576,0.1818131129152976,-1.083242904037082,0.9033549500284934
W02000049,122.9,0.8856036606828581,0.24339498018494055,0.0481972038263429,52.46442617089739,0.5112646440372485,-0.708024843292539,0.89051415965373,-0.09419080969116046,-0.30831241109679575,0.3529274178194928,0.021368391404403442
W02000050,210.2,0.8681088625261688,0.1684894053315106,0.05220808383233533,52.67944757405052,0.5207647704121611,-0.6636463601809259,0.6918224749897577,-0.9410549442453654,-0.25430503425589324,0.4018147495671994,0.7466670643715584
W02000051,165.8,0.8681644764730818,0.26527125160187953,0.04611650485436893,55.15277190012696,0.5232974910394266,-0.6862168601827086,0.6924540929543658,0.1531369719463181,-0.3363294780008133,0.9641505220784635,0.9400306931758239
W02000052,269.0,0.7260579064587973,0.1659367396593674,0.05654761904761905,50.32274368231047,0.5067945643485212,-0.633755698016403,-0.9214767192259883,-0.969914758878332,-0.19587224311378965,-0.13400616545378893,-0.31990526521273194
W02000053,49.9,0.8980044345898004,0.24577373211963588,0.05167464114832536,53.73146440427887,0.5103655641715461,-0.7451339987008753,1.0313520611053273,-0.06729722129755025,-0.26148795671064273,0.6410016166853397,-0.04727295164208996
W02000054,38.4,0.9360398314821907,0.357511172224132,0.050315668643581404,54.584504437869825,0.49730963639328224,-0.7509799615391749,1.4633271555148755,1.1959789860682548,-0.2797868188233156,0.8349490586827145,-1.0440435963922674
W02000055,697.3,0.8412033511043412,0.2085792994883904,0.07369542066027689,53.02358682391216,0.5079838568169854,-0.41603170813434226,0.3862515650959145,-0.4878083923569637,0.03502665745271992,0.4800583542906392,-0.2291072889431934
W02000056,28.4,0.9108597285067873,0.3077541181197268,0.05129411764705882,53.1209695860965,0.5026995757809487,-0.7560634074855223,1.177352031058682,0.6334378848946036,-0.26661178891180987,0.5021993287778316,-0.6325421351515634
W02000057,30.1,0.8438906195915542,0.26645547342485043,0.04759228030728874,55.815808297567955,0.5032868366201699,-0.7551992216746434,0.41677137436073886,0.166525494645634,-0.31645783863505966,1.1148986794580251,-0.5877069939583336
W02000058,158.0,0.8858974358974359,0.19843821773082224,0.04428212736818078,54.30328596802842,0.5166634184369518,-0.6901819480208595,0.8938506195416456,-0.6024609858771528,-0.3610297722048324,0.7710111416795017,0.4335443723570708
W02000059,183.2,0.8731831395348837,0.22405816259087905,0.04757480022300688,51.917848055252634,0.4987076174547666,-0.677371664236064,0.7494519851037523,-0.3128081466366438,-0.31669321179446874,0.22865725087926508,-0.9373130363225175
W02000060,659.3,0.7807244501940491,0.1302039082412914,0.05801456142378366,49.84673338580906,0.5112537202380952,-0.4353488027304625,-0.3006185891560052,-1.37390142359925,-0.17611954305917707,-0.24223201152835755,0.02053440070607683
W02000061,651.1,0.7141158989598811,0.13695090439276486,0.05277001479533125,47.99489633173844,0.5148099606815203,-0.4395172284064674,-1.0571043250421885,-1.297621532979113,-0.24673851089150683,-0.6632662484809132,0.29203989153614535
W02000062,677.4,0.8995967741935484,0.18864229765013055,0.04660766961651917,51.473744510215774,0.516049787094661,-0.42614776556757367,1.049436558885308,-0.7132112657799478,-0.32971583701410007,0.12768573354111562,0.3866959431161794
W02000063,70.7,0.9342589968829697,0.315990818668707,0.047326279668287105,54.96574585635359,0.5067242442936459,-0.7345604311324726,1.44310188492541,0.7265600095915058,-0.3200395954388081,0.921628223770801,-0.3252739351094511
W02000064,581.5,0.7518882175226587,0.11816891412349184,0.0627269060104881,47.96052112120016,0.5073529411764706,-0.47489801219304556,-0.628117060274411,-1.50996612770009,-0.11266679216209284,-0.671081806824588,-0.2772753089000721
W02000065,1073.9,0.8842838196286472,0.18251859723698194,0.055145826349312775,49.62763695829926,0.5054295532646048,-0.2245891337948977,0.8755244787096509,-0.7824443270146799,-0.2147476885016204,-0.29204584205564127,-0.42411869234823485
W02000066,440.6,0.7415014164305949,0.14036996735582155,0.04949367088607595,48.907764013246656,0.503505028954587,-0.5465237655770809,-0.7460818969514573,-1.258966442181652,-0.2908551984770692,-0.45571637422086214,-0.5710488354919108
W02000067,842.9,0.9310850439882699,0.26062573789846516,0.04957634757526591,51.555321020228675,0.5148630839068677,-0.34201673515552355,1.407054710099854,0.10061592862344493,-0.2897419387678859,0.1462329937177254,0.2960956486205974
W02000068,606.8,0.8154488517745303,0.16614542611415167,0.04375569735642662,51.10223996451541,0.4961494031574894,-0.46203689394878655,0.09375291414345066,-0.9675554007895664,-0.36811826749332033,0.0432203468163329,-1.132623010290925
W02000069,420.1,0.9203377386196769,0.29828042328042326,0.05394032134659526,52.82220986281053,0.5158920300271522,-0.5569448297670931,1.2849955591363207,0.5263306048715057,-0.23098007712159574,0.4342732270458444,0.37465178841762214
W02000070,949.7,0.9155684610230065,0.3041825095057034,0.05793307534714318,52.21757877280265,0.5104921426555001,-0.2877255324485329,1.2308299842136823,0.5930581502246579,-0.17721677090988164,0.29680411816303304,-0.03760916372864778
W02000071,1060.1,0.9103269666558756,0.22845992194536174,0.04522613065326633,53.89387290752479,0.5081687739735757,-0.23160428920085727,1.171301355381589,-0.2630429304488773,-0.34831856142802176,0.6779268634765971,-0.21498956429502628
W02000072,734.2,0.8538812785388128,0.2212701612903226,0.0517860917353625,48.144366197183096,0.5079269860313651,-0.39727379259232015,0.5302371508364161,-0.34432860840670154,-0.25998725017136415,-0.6292827343231429,-0.23344915806295097
W02000073,1590.5,0.8090650317495074,0.23610493552690084,0.055028235011414156,52.5476795197414,0.5196097753251873,0.03802168379341088,0.02125067982196377,-0.17661027409381036,-0.21633108159481398,0.3718559245837527,0.6584875632990378
W02000074,1749.2,0.8352542372881355,0.20690385429902583,0.04648850217526414,50.58224040428348,0.513752156703542,0.11869597096194473,0.3186863702412569,-0.5067505664616361,-0.3313204526838312,-0.0750069116655389,0.2112805635851968
W02000075,361.8,0.9374297489696516,0.32584615384615384,0.05196304849884527,51.11611329956856,0.5115701195837863,-0.5865813196342988,1.4791127075774995,0.8379820220668293,-0.2576044886338258,0.04637459250185346,0.044690292585937104
W02000076,141.6,0.9103685196752029,0.26885823304960377,0.051459912889175674,53.62204107226838,0.5065555859054903,-0.6985187993728694,1.171773280769871,0.19369050811946553,-0.2643793197015479,0.6161230945731646,-0.3381503643574953
W02000077,180.8,0.8918918918918919,0.23830966401108417,0.059185700099304864,52.908151549942595,0.5158887785501489,-0.6785916912631874,0.9619307739689835,-0.15168415232866359,-0.1603499045540783,0.45381295522253506,0.37440355046134505
W02000080,1169.7,0.8389241462677546,0.15798001620307858,0.06548757170172084,49.436679174484055,0.5076825396825397,-0.17588972162888927,0.3603662107968989,-1.059871530946127,-0.0754938246099843,-0.3354620619773973,-0.2521117111088662
W02000081,1529.9,0.8171595168679717,0.16882621951219512,0.06265930331350893,49.75410176531672,0.5146886016451234,0.007216001358545453,0.11318125657229804,-0.9372470053811472,-0.11357707726804478,-0.2632927649925682,0.2827745886783153
W02000082,1633.9,0.8243694925554543,0.15630026809651473,0.061523276854745845,48.1675527630095,0.5165493875423508,0.060083839200558806,0.1950662947934705,-1.0788623527817214,-0.1288739220921204,-0.6240110296508486,0.424838545374621
W02000083,702.3,0.8385964912280701,0.16928487690504104,0.06107749927974647,49.16993830622546,0.5093796754517206,-0.4134899851611685,0.35664497141817225,-0.9320615369188948,-0.13487641467336078,-0.39610834707275777,-0.1225418219669142
W02000085,3270.3,0.7965559655596556,0.1714840903570561,0.07445830597504924,53.09942182001006,0.5056028686687584,0.8919389338608535,-0.12081711727831088,-0.9071977667604655,0.0452990751315695,0.4973002221138327,-0.41088671756426853
W02000087,4890.9,0.5865176640230714,0.0704110704110704,0.08257244938467646,46.076713925033985,0.5258708643054948,1.715762183925919,-2.506261270591184,-2.0499046444638096,0.15455779147564805,-1.0993847850267462,1.1364979970063585
W02000088,2082.7,0.7278841179513709,0.1504603637996856,0.08560742485108741,47.194677114293434,0.4964277483291081,0.2882288932726317,-0.9007360947979547,-1.1448868844389553,0.1954244001681194,-0.8452043336224366,-1.111372410495225
W02000089,4093.5,0.6734486266531028,0.09745656006043818,0.06555232558139534,47.007105300554215,0.5027868091035764,1.3104082041641745,-1.518970119260154,-1.7441349440066245,-0.07462189945234651,-0.8878507183558566,-0.6258822013103166
W02000090,167.2,0.8562447611064543,0.17253660466956866,0.062039045553145336,50.755564977740086,0.5103472465801473,-0.6855051777502199,0.5570796630410548,-0.8952982970064991,-0.12192898372059445,-0.03559978382455691,-0.048671430379024945
W02000091,809.3,0.8592758491974617,0.15384615384615385,0.056818181818181816,51.40821347464043,0.5117779929009358,-0.359097113535251,0.5915042956531712,-1.1066079691099544,-0.19222905621039924,0.11278657732241472,0.060560633160773834
W02000092,447.8,0.7558372248165444,0.1307277628032345,0.07031393427574811,49.64880740477038,0.5208147487362474,-0.5428636844957109,-0.583267448124273,-1.3679788518667682,-0.01050579656704041,-0.28723252289436907,0.7504827201540641
W02000093,107.7,0.8603351955307262,0.2300995024875622,0.05741360089186176,50.89300635785649,0.5063329772623226,-0.7157516811309871,0.6035354894808321,-0.24450623328555635,-0.1842116081086236,-0.004351069756644852,-0.35514569127303186
W02000094,665.6,0.7602721800575766,0.14696485623003194,0.06642274134534197,50.05319440636139,0.5065737723339702,-0.4321462317842636,-0.5328988345308048,-1.1844062392879737,-0.0629015607482481,-0.19529097097750675,-0.3367618994127266
W02000095,53.2,0.9297101449275362,0.3384565075212557,0.050548225236944806,54.84713261648746,0.5107249099733835,-0.7434564615385807,1.3914397251098372,0.9805516007982391,-0.27665539341147355,0.894660281407982,-0.019838260468166332
W02000096,48.7,0.8686725663716814,0.19648191171589777,0.04798356982823002,53.38605656638443,0.5202786377708978,-0.745744012214437,0.698224564668834,-0.6245785038789032,-0.3111890396234215,0.5624695854001674,0.7095526781329303
W02000097,17.6,0.9289415247964471,0.3581479800272356,0.04480832698654481,55.68271334792122,0.49769040713288215,-0.7615535291075776,1.3827103629677338,1.2031785795578975,-0.3539443792137516,1.0846381711462534,-1.0149731923536602
W02000098,52.0,0.9275786393562546,0.28704596592735454,0.04477892756349953,54.768301478543094,0.5085449608688708,-0.7440664750521424,1.3672318189062065,0.39931657391173925,-0.354340248877501,0.876737209861515,-0.18626911941066526
W02000099,170.2,0.7531188443860801,0.17068339385935952,0.044797687861271675,52.32826274848747,0.5115228197017623,-0.6839801439663157,-0.6141406015295894,-0.9162502458034371,-0.354087637363341,0.321969260605179,0.041079125711977166
W02000100,12.2,0.8608045567817728,0.3621329733378333,0.037163443306788016,55.07494529540482,0.5072463768115942,-0.7642985899186051,0.6088661127238774,1.248231940643332,-0.4568844106234745,0.946455841511528,-0.2854110946128279
W02000101,43.3,0.9319010944466963,0.2881854987118145,0.041366143402630465,55.20618766537757,0.5041561257679797,-0.7484890730254646,1.4163227473131652,0.4121998532563823,-0.40029413430347816,0.9762951467440583,-0.5213400594093173
W02000102,23.4,0.9228475587029444,0.334107498341075,0.04249182849452028,54.520611826151836,0.49902470741222366,-0.758605130458696,1.3135000537913344,0.9313827651975684,-0.3851365382469897,0.8204224150115249,-0.9131044188495814
W02000103,30.5,0.9409623938536191,0.3085217391304348,0.04204753199268738,55.184251660805,0.5101899827288429,-0.7549958838367894,1.5192336142052043,0.6421164205599511,-0.3911190878539922,0.9713077700595403,-0.06067792988812855
W02000104,267.3,0.7590682196339434,0.1815955213435969,0.04313650306748466,52.87357169185404,0.497660158141036,-0.6346198838272821,-0.5465724375468505,-0.7928803976156863,-0.37645585407049553,0.44595086814946394,-1.0172825883320715
W02000105,1324.4,0.7318435754189945,0.12036199095022625,0.06777525825144873,47.112282422162295,0.5180023228803716,-0.09724881283889439,-0.8557677980761846,-1.4851717367282906,-0.044689624683677376,-0.8639376159347862,0.5357646563531481
W02000106,17.6,0.886892880904857,0.3134715025906736,0.03477785870356883,55.66228761604484,0.5062394084116469,-0.7615535291075776,0.9051560740969594,0.6980772373243285,-0.4890068292596396,1.0799941705221894,-0.36228931868891034
W02000107,18.6,0.8986246672582077,0.3182122905027933,0.039843472073995016,56.6168468981218,0.5037840049089793,-0.7610451845129429,1.0383961591661186,0.7516754275813048,-0.42079723689632287,1.2970230597928778,-0.5497500778201379
W02000108,16.4,0.8993957703927492,0.33492975734355046,0.03744098974442455,56.93972347366786,0.5043683261683539,-0.7621635426211392,1.0471537212414002,0.9406790246532007,-0.45314718711494484,1.3704323764042226,-0.5051393624163888
W02000109,441.3,0.771265189421015,0.26553419758605273,0.039654081417422486,55.17693079237713,0.5005359056806002,-0.5461679243608366,-0.408049177484991,0.15610977502215145,-0.4233474235247876,0.9696432951827767,-0.7977301537726195
W02000110,11.7,0.8859231013663806,0.3669441874807277,0.042783505154639176,55.22484718321493,0.5054093567251462,-0.7645527622159225,0.894142107057915,1.3026263526647315,-0.381209048201114,0.980537580405966,-0.4256606216542014
W02000111,26.1,0.8941117007834218,0.37221269296740994,0.04105612385955212,55.82559531728083,0.5185491493383743,-0.7572326000531823,0.9871415574452999,1.3621907889313722,-0.40446861528173267,1.1171238592424946,0.5775127856601427
W02000113,744.1,0.7965006729475101,0.2488771466314399,0.05263921113689095,52.20845501321096,0.5042393410852714,-0.3922411811054362,-0.12144508578404906,-0.032210774796812634,-0.24849981077158292,0.29472973740184033,-0.514986885059813
W02000114,29.1,0.9180487804878049,0.3882926829268293,0.044068364611260055,57.344866250200226,0.513400576368876,-0.755707566269278,1.2589994348441949,1.5439872280785236,-0.3639081344969777,1.46254576154207,0.18443873642298403
W02000116,38.1,0.8820449645826918,0.3318815331010453,0.05200064798315244,54.08023635515472,0.5188807389296387,-0.7511324649175654,0.8500973845062672,0.906216545857631,-0.25709820335105316,0.720298513723165,0.6028283952660242
W02000117,1549.8,0.5849440488301119,0.30147551978537895,0.5500954198473282,34.04220893422441,0.4939248690224055,0.017332058791776784,-2.5241331117465733,0.5624535855946499,6.449856880411349,-3.8355535071987776,-1.302457767479755
W02000118,1132.6,0.7621681415929203,0.2438846294267981,0.19062674353728845,46.280072463768114,0.5163337978015172,-0.19474930608983834,-0.5113660458617623,-0.08865495495334955,1.609532503972409,-1.0531491256875496,0.40837908507261367
W02000120,43.8,0.8768183225007737,0.32881462799495587,0.04356370782836554,56.008951005025125,0.5071378091872791,-0.7482349007281474,0.7907374358466235,0.8715428657809423,-0.37070344849499826,1.1588116642848636,-0.2936998215976482
W02000122,37.6,0.9047285464098074,0.3876425156307466,0.037429249589191166,56.8769987699877,0.5101105845181675,-0.7513866372148827,1.107719052791669,1.5366365954241463,-0.45330527087384886,1.3561712686604284,-0.0667396826023755
W02000123,33.7,0.8749625187406297,0.291934989267096,0.08311406902956199,54.13184855233853,0.5157675267135783,-0.7533691811339581,0.7696607265181556,0.4545906777087794,0.16185081849766456,0.7320330786034633,0.3651464319042963
W02000124,112.9,0.808566642737497,0.2657404670410878,0.04850644012058098,55.86867501304121,0.5179292055805373,-0.7131082892388865,0.015590382885271658,0.15844180710207378,-0.30414847673554624,1.12691847199892,0.5301824273966167
W02000125,41.4,0.9163958641063515,0.32338940019041573,0.0433083176985616,56.521889055472265,0.5155788342734354,-0.7494549277552707,1.2402269553049512,0.8102065652660426,-0.3741423324708742,1.2754334157501017,0.3507404786534052
W02000126,28.8,0.9208138575749244,0.33765203595980964,0.04781164235158168,54.79862764318723,0.5043784967161274,-0.7558600696476685,1.2904029308859855,0.9714564418065273,-0.3135040807133518,0.8836321758967691,-0.5043628796084372
W02000127,48.9,0.8587176602924634,0.2831723436705643,0.04195976798716525,55.831266973668676,0.514852513502285,-0.74564234329551,0.5851648401818067,0.35552234675968175,-0.39230084939066723,1.1184133687672475,0.29528863825946833
W02000128,34.9,0.900909375979931,0.32998522895125554,0.03791164658634538,55.05520334003402,0.4963382617106536,-0.7527591676203964,1.0643440221148612,0.8847773942883976,-0.4468096897611496,0.9419673045221508,-1.1182043749399033
W02000129,31.4,0.9333552199606041,0.30930930930930933,0.040382037533512063,54.96984357361716,0.5132179930795848,-0.754538373701618,1.4328375219040757,0.6510204966482577,-0.4135453351485332,0.9225598820166071,0.1704991937050467
W02000130,1666.9,0.6935889377749842,0.1512547267102097,0.05713211802292802,48.06243154435926,0.5114059937378858,0.07685921082350534,-1.2902328505804885,-1.1359060113856574,-0.1880018365258413,-0.64791142195839,0.032159905774913
W02000131,726.6,0.8245116572148709,0.14089456869009584,0.05385011147316069,51.91626990641931,0.5324080499653019,-0.40113721151154424,0.19668088533782316,-1.2530354276235836,-0.23219477280485523,0.22829844247958658,1.635587366650836
W02000132,45.0,0.8978219090326713,0.2998741346758968,0.05005899207820664,54.809024979854954,0.513970482877203,-0.7476248872145856,1.0292790843201487,0.5443487166648908,-0.2832430249356182,0.8859961175300843,0.22794894017106007
W02000133,44.9,0.9180327868852459,0.28739082969432317,0.038124010933678606,55.65111141792075,0.5150416817687568,-0.747675721674049,1.2588177925178399,0.40321551943247597,-0.443950157360065,1.0774531467107997,0.30973091904867733
W02000134,175.1,0.9023991275899673,0.1850415512465374,0.04556526723026222,53.89361997226075,0.5157225156024964,-0.6814892554526055,1.0812634089221789,-0.7539204251822329,-0.34375201321740817,0.6778693560378849,0.36171000402448467
W02000135,809.5,0.7679929783499122,0.12855673637298595,0.05124747134187458,51.639277578913116,0.5141496598639456,-0.358995444616324,-0.4452122887407166,-1.3925239464414287,-0.26723989161709083,0.16532138248560577,0.24162842458863468
W02000136,116.9,0.8920768623321926,0.2546528803545052,0.03745996379334354,57.69016133298069,0.5111405516078525,-0.7110749108603475,0.9640315177482045,0.033088260026297625,-0.45289169739482493,1.5410521567901692,0.011894404342103456
W02000137,1183.3,0.7764105642256902,0.11703847397348852,0.045454545454545456,50.42638436482085,0.5106068743286788,-0.1689762351418568,-0.34961219644571095,-1.5227466079403276,-0.3452429061527977,-0.11044238829419427,-0.028849834955555757
W02000138,1532.8,0.7792061344158773,0.12282471626733922,0.0527930461459798,50.21209487147647,0.5078181629905768,0.008690200682986142,-0.31786238454678006,-1.457328765782503,-0.2464283887158813,-0.15916331280473742,-0.24175738512827027
W02000139,97.9,0.9132327336041788,0.2659245516388373,0.041224613519248256,56.69641040546432,0.5138529259451061,-0.7207334581584076,1.2043026924092175,0.16052302260389686,-0.40219986514924067,1.3151126430688962,0.21897391357845128
W02000140,72.8,0.811778992106861,0.2037037037037037,0.047978067169294036,51.685191347753744,0.5133241758241758,-0.7334929074837397,0.052073633632816425,-0.5429306874960654,-0.31126313412994844,0.17576035096122644,0.17860584415416123
W02000141,215.8,0.7639841212558643,0.23376623376623376,0.03997601439136518,57.10451710451711,0.5247148288973384,-0.6607996304509713,-0.4907416262306108,-0.20305106500160533,-0.4190125255933464,1.407899906534229,1.048239071351114
W02000142,34.7,0.8869096934548467,0.23864541832669323,0.049829642248722314,54.14154035231463,0.5053879310344828,-0.7528608365393235,0.9053470173619826,-0.1478881960401299,-0.2863312705702048,0.7342366091995612,-0.4272963920000182
W02000143,13.7,0.8997134670487106,0.3711755233494364,0.057547956630525435,55.63150492264416,0.4977594550994802,-0.763536073026653,1.0507618613993899,1.3504648025461163,-0.18240247869116266,1.0729954079697224,-1.0097016415796718
W02000144,32.8,0.9051204819277109,0.34921107472462043,0.046153846153846156,55.581607169090645,0.5097291611885354,-0.7538266912691295,1.1121703375469674,1.102140110932548,-0.33582666923326543,1.0616506395156777,-0.09585990941866505
W02000145,22.1,0.8902439024390244,0.3696338383838384,0.05070189925681255,55.63891960195862,0.5123465500211655,-0.7592659784317213,0.943214250476342,1.3330348888621073,-0.2745861391108578,1.0746812117182478,0.10396781623757485
W02000146,25.0,0.9372759856630825,0.36440402728158494,0.04554384711555635,55.04005548812207,0.502375478927203,-0.7577917791072805,1.477366389034805,1.2739079218552043,-0.34404043974853526,0.9385232842952103,-0.6572857026219209
W02000147,66.0,0.8560801144492132,0.23328343313373254,0.09110755348566439,49.38462629414268,0.5125752745306411,-0.7369496507272559,0.5552097402555195,-0.20850949103471986,0.26948483563296394,-0.3472968207146955,0.1214300663857233
W02000148,942.4,0.7586206896551724,0.16342412451361868,0.0759971678074109,49.854520422212026,0.5225037821482602,-0.2914364479893666,-0.5516551189601057,-0.9983217720417166,0.0660201863994879,-0.2404615485587146,0.8794340250088181
W02000149,216.9,0.7280534351145038,0.23001453488372092,0.046766532700036535,54.516620498614955,0.5127887149279181,-0.660240451396873,-0.8988131282061653,-0.24546685626232387,-0.32757671083610135,0.8195149455664005,0.13772543244647356
W02000151,124.5,0.8329215565163681,0.20290344361917623,0.05054509415262636,52.17164775451494,0.5076258604400053,-0.7072114919411234,0.29219367977551963,-0.5519782325583352,-0.2766975541468868,0.28636122784786683,-0.25643895663936067
W02000152,250.5,0.8628198149156233,0.1988748241912799,0.05735870173475098,54.263355704697986,0.519473015139258,-0.6431600730171457,0.6317537751056481,-0.5975248198708211,-0.18495083727077757,0.7619325848401253,0.6480464409965858
W02000153,59.8,0.9134512325830654,0.28117738187451585,0.047567125528145016,54.714285714285715,0.5083044982698962,-0.7401013872139914,1.2067842260527328,0.3329677959377288,-0.316796553239968,0.8644561692388949,-0.20462752824142222
W02000154,549.1,0.8075920023181686,0.20519877675840978,0.061709107951882516,52.540212670360944,0.513206584152099,-0.49136837705921127,0.004521209916053347,-0.5260277566922309,-0.12637166571027303,0.37015825943312314,0.16962816529564342
W02000156,184.7,0.8940248027057497,0.2003671649619722,0.05581999134573778,51.60196353436185,0.5089073634204275,-0.6766091473441118,0.9861546397745671,-0.5806527796027202,-0.2056699093208738,0.15683764994514174,-0.15860105697118804
W02000157,189.8,0.8991869918699187,0.2345758354755784,0.04876871076774505,52.28283774291735,0.5090513403897517,-0.6740165899114747,1.0447825846297445,-0.19389790581072633,-0.3006169450879939,0.31164141749569,-0.1476089605855595
W02000158,224.1,0.9058454295802275,0.232574679943101,0.054154609342703594,51.24084507042254,0.5129076086956522,-0.656580370315503,1.120403703206956,-0.21652248150400308,-0.22809464236886967,0.07473364593466288,0.14680252137755703
W02000159,196.3,0.8349587396849212,0.20812603648424544,0.05479992115119259,52.9017617770969,0.5171188630490956,-0.6707123500463489,0.315330348864447,-0.4929328731780744,-0.21940537767661272,0.45236017452108346,0.4683158437840435
W02000160,342.5,0.8848964677222899,0.20933050590730082,0.05903767014878126,54.05243161094225,0.5186201489611917,-0.5963923703107493,0.8824824373406566,-0.4793154360574234,-0.16234316022608145,0.713976818605647,0.5829333379958079
W02000161,1082.6,0.7997281377435432,0.1548235294117647,0.0660332541567696,51.46815795480484,0.5187680461982676,-0.22016653582157553,-0.08479016631747138,-1.0955579996767708,-0.06814609096019768,0.12641557260040742,0.5942247319787245
W02000162,198.1,0.8338718362950996,0.21535637809727745,0.0540964887239509,55.04912858515164,0.5207014125669751,-0.6697973297760064,0.30298618440730807,-0.4111883968205682,-0.2288772492168715,0.9405861464008393,0.7418299328196257
W02000163,3350.1,0.7818648417450813,0.14727668845315905,0.06479331165815141,51.33088725817211,0.5224887556221889,0.9325048325127059,-0.287666949678844,-1.1808807403343726,-0.08484218799722502,0.0952056651813601,0.878286806646795
W02000164,502.5,0.8328295042321645,0.203394877903514,0.058644448005127386,52.28512014787431,0.5170141223940821,-0.5150572351691903,0.2911482248201797,-0.5464221965662169,-0.16763798242539266,0.31216034578225665,0.46031929141315714
W02000165,2818.1,0.7568345323741007,0.12898703119523308,0.059358998672482455,50.042010640249494,0.5167754668286018,0.6620655081670223,-0.571940840239791,-1.3876591382751673,-0.15801640134939265,-0.19783371544891065,0.4420988427466851
W02000166,919.1,0.8325545171339563,0.17715148465022648,0.057115198451113264,48.83149096791588,0.513094718463553,-0.3032808770443561,0.288025145073018,-0.8431235910712125,-0.18822966226224358,-0.47305783705113597,0.16108764359614472
W02000167,2212.0,0.6900870303544895,0.15051944914230492,0.05717393932068174,48.789956485946135,0.5006305170239597,0.3539578493589041,-1.3300046661043683,-1.1442188799861484,-0.18743870360129955,-0.48250112952922547,-0.7905069359881236
W02000168,418.2,0.8397458524532297,0.22834912043301758,0.06916920731707317,50.09319526627219,0.514276941971139,-0.5579106844968992,0.3696984811568425,-0.26429562528557327,-0.02591979552605454,-0.18619636327810463,0.25134593147187817
W02000169,137.8,0.831592039800995,0.21823274764451234,0.059507889810109654,51.650513186955955,0.5153837731304062,-0.7004505088324814,0.2770941105435431,-0.37866886523639,-0.15601154960461622,0.16787591375422678,0.335848299054597
W02000170,1689.1,0.8162247309004989,0.22598870056497175,0.06126101321585903,51.586779071323434,0.5161327494814474,0.08814446082439657,0.10256471804387786,-0.2909819558110195,-0.13240535937168618,0.15338530580133025,0.3930298071794264
W02000171,365.2,0.910941475826972,0.29671864091226435,0.062124542124542124,49.37908777969019,0.5110690185864805,-0.5848529480125406,1.178280450616244,0.5086734748626792,-0.12077775368052025,-0.34855605904845094,0.006433129046701877
W02000172,938.7,0.815736830406757,0.22432893054963784,0.0686298076923077,50.02134359692092,0.5104867817773876,-0.2933173229895151,0.09702354116480208,-0.309746910226564,-0.03318292949142533,-0.20253258071828384,-0.03801844647158366
W02000173,870.5,0.89086996618506,0.26681503461918893,0.057197330791229746,47.80261927034612,0.51158374477782,-0.32798642434360464,0.9503245731729936,0.17059060569055384,-0.18712373233243546,-0.7069824197546449,0.045730524553551324
W02000174,1290.1,0.8705854467883385,0.22683419340363473,0.05705249841872233,51.862660944206006,0.5155633948952065,-0.11468503243486619,0.7199495042275671,-0.2814230202780214,-0.1890739319168368,0.21610989249367848,0.3495617405925695
W02000175,3329.7,0.7067251461988304,0.1940391182862465,0.05643044619422572,49.78297400126823,0.5152380952380953,0.9221346027821571,-1.141042482194724,-0.6521961297731604,-0.19745000122155718,-0.256728364627948,0.32472634364011216
W02000176,2504.2,0.7573326648282778,0.17563817980022198,0.05848592511615196,52.66917095030974,0.5180507432658992,0.5024961399111761,-0.5662834570782483,-0.8602326460998058,-0.16977252780945137,0.39947825326174075,0.5394613694264003
W02000177,1075.5,0.8554216867469879,0.2113508720070943,0.05860415556739478,49.23627230209596,0.5112190938973846,-0.22377578244348215,0.5477318540739896,-0.45647367038200903,-0.16818052891524332,-0.3810266295566522,0.017890810718323227
W02000178,2637.4,0.6420392584514723,0.1181026137463698,0.09429657794676806,44.733793517406966,0.53017724927081,0.5702076399165241,-1.8756921703703437,-1.5107157035708039,0.31242574774411197,-1.4047115781538129,1.4652741813818602
W02000179,743.2,0.8835542816194912,0.2656875834445928,0.06744653628221532,52.92702273929138,0.5130421361321191,-0.39269869124060747,0.8672389795134124,0.15784391807625084,-0.04911593792210578,0.4581035145837857,0.15707318171369633
W02000180,2377.0,0.7505179047055341,0.15175219023779724,0.07583774250440917,48.07035175879397,0.5164794007490636,0.43783470747363684,-0.6436799584406296,-1.1302818102419236,0.06387348981312128,-0.6461106795908639,0.4194953187381348
W02000181,874.1,0.7629918894562931,0.1916386939273726,0.06736946137374403,48.97687678175483,0.5242338328608074,-0.32615638380291956,-0.5020105877852535,-0.6793347413013184,-0.05015376842827105,-0.440002874111036,1.0115168454321295
W02000182,5005.7,0.7518290898448932,0.19896936730604065,0.05915538362346873,49.35860880463732,0.5095668349720968,1.7741201433899876,-0.6287885843354648,-0.5964559385062952,-0.1607581225343031,-0.3532121650573469,-0.10825290133523885
W02000183,3553.4,0.6422222222222222,0.1835873388042204,0.1559589767770836,44.822524809600736,0.4839467501957713,1.0358512886019495,-1.8736142167113647,-0.770361395882084,1.142723439414612,-1.3845376045201727,-2.0642493540398803
W02000184,1408.7,0.7824415251521948,0.2185719074756956,0.06871995727256543,50.938199345842655,0.5118854274324524,-0.05439536351118551,-0.2811174486985583,-0.3748344070205284,-0.03196904566898382,0.005924021764249962,0.06876285280129868
W02000185,223.1,0.8887375113533151,0.30349840981372106,0.0544392523364486,54.8836739276892,0.5139220365950676,-0.6570887149101378,0.9261058860412872,0.5853238861897974,-0.224261862179649,0.9029683250586119,0.22425024998986492
W02000186,4887.4,0.5708984892658362,0.11834319526627218,0.09282371294851795,44.94650521152667,0.5238203010071291,1.7139829778446973,-2.6836511505875666,-1.507995747665779,0.2925932982872784,-1.3563493825558195,0.9799452543957637
W02000188,1345.9,0.685243328100471,0.2347623213764946,0.14575563180665374,45.49722870478413,0.49170381376919264,-0.0863194040542474,-1.3850154957373835,-0.19178954176178878,1.0053331669476147,-1.2311367212982827,-1.4720269252118112
W02000189,2861.2,0.7703088502465611,0.32043204320432045,0.07178145887823308,53.82779080999034,0.518015285696955,0.6839751601957796,-0.4189104998038041,0.7767714094782657,0.00925474329236385,0.6629024176429414,0.5367543183107676
W02000191,5480.3,0.74822695035461,0.3557028445180889,0.29718564420345983,43.188819095477385,0.4793849658314351,2.015380488003637,-0.6696987541647368,1.1755344746848886,3.0443714159897324,-1.755977433547767,-2.412524315365943
W02000192,4250.6,0.4917025199754149,0.26833527357392317,0.2566276570336757,42.0659868729489,0.4247040771591407,1.3902691399812928,-3.5830945403298697,0.18777805601365422,2.498249244866582,-2.0112649098399413,-6.5872030959989765
W02000193,8393.9,0.6297343131712831,0.2816254416961131,0.4897205465960852,37.187432286023835,0.4588862424861064,3.4964932989314264,-2.0154417282401464,0.3380334508477662,5.636896002367131,-3.1204545674409125,-3.977524216751416
W02000194,1668.1,0.8537794299876085,0.3836424957841484,0.2508349446299877,49.86858760826116,0.5265412268624752,0.07746922433706695,0.5290804378501829,1.4914133479927316,2.420249104934812,-0.23726322885167184,1.187677639654977
W02000195,552.3,0.8869927948426242,0.3700854700854701,0.06304657311368721,59.00208530805687,0.5231513476157568,-0.4897416743563801,0.9062908153176683,1.3381409265754278,-0.108362404675975,1.8393315915664519,0.9288731962049939
W02000196,2529.1,0.8009305417082087,0.31929522990975506,0.06778384485031068,56.15439599714082,0.526122969098439,0.5151539203175813,-0.07113424029613209,0.7639188760221695,-0.04457400425129689,1.191880082015998,1.1557452432592064
W02000197,48.6,0.9164733178654292,0.4255573248407643,0.05604606525911708,58.685620557681794,0.5125744540039708,-0.7457948466739006,1.2411066120884626,1.9652921681402964,-0.2026257746133952,1.7673800694799575,0.1213674222816768
W02000198,1644.9,0.8661742983751847,0.4100502512562814,0.06805778491171749,58.09120961682945,0.5212238147739802,0.06567562974154098,0.6698512692172238,1.7899729816006027,-0.04088534138775734,1.6322346168236936,0.7817133630544543
W02000200,116.1,0.8282153983088563,0.17353787152444872,0.049215406562054205,52.48167659184608,0.508874585527599,-0.7114815865360553,0.2387449635245021,-0.8839782184919828,-0.2946020884828456,0.356849478783376,-0.1611035249629785
W02000201,129.4,0.7936170212765957,0.16086159486709442,0.04282753856781027,52.70206162713367,0.5119227857683573,-0.7047206034274132,-0.15419525548286261,-1.0272931063598842,-0.38061612865847766,0.40695628756771657,0.071615020276422
W02000202,241.5,0.8484222389181066,0.2572192513368984,0.057499269077088,51.23977272727273,0.5090733900754778,-0.6477351743688584,0.46823781999699476,0.062103023549602045,-0.1830580672507876,0.07448983766933079,-0.14592555057970072
W02000204,621.0,0.8779993240959784,0.2591973244147157,0.05709740144953156,53.97936210131332,0.5183277794607695,-0.4548184007049732,0.8041502911674105,0.0844666346480895,-0.18846930278243498,0.6973637126288074,0.560612033804288
W02000205,716.7,0.8039065492148603,0.21941830624465355,0.05939987752602572,53.71574601926479,0.5204188481675392,-0.4061698229984282,-0.03733516815061297,-0.36526522926087734,-0.15746595864234664,0.637427879878432,0.7202572109577574
W02000206,3119.2,0.6181491464510332,0.18849449204406366,0.04956584659913169,52.38749350424389,0.5034827377347062,0.8151280656115436,-2.147016626798167,-0.7148823198624914,-0.2898833367090935,0.33543598328426744,-0.5727506857158289
W02000207,484.9,0.8765323992994746,0.2510656436487639,0.04745838956365272,53.691468470434216,0.518955991617451,-0.5240041000347618,0.7874901527375626,-0.00746816203164711,-0.31826070679273466,0.631908128977838,0.6085736530082358
W02000208,788.8,0.8369589101296419,0.258020873598763,0.23337740838685303,43.505219399538106,0.4746735881705207,-0.3695181777252632,0.3380466575475901,0.07116596905615134,2.1851795598005648,-1.6840405639949438,-2.7722201583951622
W02000210,2252.7,0.7564341663558374,0.18998410174880764,0.06299372088312741,49.00912879539591,0.5103526366871562,0.3746474743605381,-0.5764878717595876,-0.6980411563589741,-0.10907407152426284,-0.43267004646094376,-0.04825991612053391
W02000211,847.7,0.7119431538671768,0.17478510028653296,0.0476569971310169,49.65578589108911,0.5049872122762148,-0.33957668110127676,-1.0817805961799465,-0.8698773547276989,-0.315586412443847,-0.2856458921182803,-0.4578897517233491
W02000212,179.2,0.8137535816618912,0.2073170731707317,0.0524749373433584,50.77052438465066,0.5109215458187928,-0.679405042614603,0.07449941538205102,-0.5020788148216094,-0.2507117933437721,-0.03219860851055569,-0.004825858305837088
W02000213,748.4,0.8629441624365483,0.23756906077348067,0.05256637168141593,52.69583048530417,0.5157754406754554,-0.39005529934850686,0.6331660130860514,-0.16005723165004082,-0.24948060997645766,0.40553957326244827,0.365750632924461
W02000214,3293.8,0.7390457643622201,0.13838782412626832,0.058884297520661155,51.33123067408782,0.5259397328362846,0.90388503183477,-0.7739711953614182,-1.2813760694215826,-0.16440835622087224,0.09528374432860996,1.141755848535886
W02000215,3487.0,0.6922202001819836,0.17106336687517,0.0518236683285227,49.79276399897724,0.5155870231427666,1.0020972075182024,-1.3057778586326227,-0.9119543636902842,-0.25948127312289393,-0.25450250776536865,0.3513656678166454
W02000216,827.9,0.7736497034030596,0.20864237342792646,0.054904586541680615,50.67959117456197,0.5013904338153504,-0.3496419040750447,-0.3809678075855565,-0.4870952938015805,-0.21799603529343453,-0.05287321086780993,-0.7324901666726475
W02000217,128.4,0.820614828209765,0.26122594440484675,0.05710414246999613,50.10874079667737,0.5111771142723152,-0.7052289480220479,0.1524238717422776,0.10740171679175212,-0.18837853346697842,-0.18266192674775272,0.014685825315713517
W02000218,457.6,0.7153739612188366,0.116107931316435,0.05526116578349735,48.99128014842301,0.5086271567891973,-0.5378819074682902,-1.042816277394812,-1.5332670959477075,-0.21319461778464155,-0.43672812027599783,-0.1799937721591183
W02000219,1139.7,0.7490015360983102,0.1641742522756827,0.05697577276524645,50.94789806849538,0.5118483412322274,-0.19114005946793158,-0.6609016394478885,-0.9898410107730333,-0.19010705962807353,0.008129126302215153,0.06593146185479981
W02000220,207.5,0.7881502890173411,0.13837037037037037,0.05065637065637066,49.893265183403486,0.5124029065397143,-0.6650188905864397,-0.2162819530526127,-1.2815733973229058,-0.2751991916772349,-0.2316525278469317,0.10827042301388796
W02000221,248.8,0.7761699507389163,0.14808099123602297,0.05384864165588616,48.49413443246671,0.5070239334027055,-0.6440242588280248,-0.3523448886786711,-1.171787489512089,-0.23221456421604536,-0.5497593217587555,-0.3023938065168894
W02000222,310.9,0.8183217859892224,0.17485493230174082,0.06276636962417667,52.85327608736233,0.5076125688370586,-0.6124560595012073,0.12638136369362094,-0.8690878510193448,-0.11213540596933753,0.4413364533272347,-0.25745372019075086
W02000223,423.2,0.8246876183263915,0.23085106382978723,0.05032336297493937,50.28754182247589,0.5155703580349709,-0.5553689615237255,0.19867930849025092,-0.23600926430970637,-0.2796832129680999,-0.1420096710333882,0.35009334994506147
W02000224,628.8,0.814336917562724,0.19229480737018426,0.052061561846855405,48.54042473919523,0.5128481304816126,-0.45085331286682223,0.08112446997390013,-0.6719168829642945,-0.2562779848486481,-0.5392347435141948,0.1422615849719831
W02000225,829.3,0.7997364953886693,0.17653249144961852,0.05397489539748954,50.526679306608884,0.5155405405405405,-0.3489302216425561,-0.08469524698344699,-0.8501217770160306,-0.23051452996167712,-0.08763929976483154,0.3478168971603253
W02000226,417.6,0.8725787631271879,0.23516813022060398,0.058979616451574,51.60075196804136,0.5092398361802017,-0.55821569125368,0.7425879695523451,-0.18720156608396257,-0.1631248659608319,0.15656218785729517,-0.13321802079403136
W02000227,446.1,0.7921259842519686,0.16772756206238065,0.05568841817560642,49.485009993337776,0.5182432432432432,-0.5437278703065898,-0.1711292409833613,-0.9496681581755718,-0.20744157084423523,-0.3244735522742145,0.5541580137239487
W02000228,1615.2,0.9055404178019982,0.2780132225800983,0.046914325984093425,44.57938856015779,0.44265395050563183,0.05057779528088907,1.1169396275705328,0.29719458376090696,-0.3255866419298539,-1.439817136288206,-5.2167982398574395
W02000229,2887.9,0.8173465637633224,0.169236700077101,0.05318515578487795,51.4261221344635,0.5092214787008323,0.6975479608725275,0.11530558303868693,-0.9326062123690043,-0.2411485466365163,0.11685829567737213,-0.13461954482647054
W02000230,207.1,0.9198294243070363,0.31373307543520307,0.048653163499686784,53.602012072434604,0.5095103909827404,-0.6652222284242937,1.2792225387097456,0.701034516018722,-0.302172814333555,0.611569295067209,-0.11256218617646283
W02000231,3497.2,0.6940604198668715,0.23164945576332682,0.05170147509858332,49.93440068007934,0.5015628756912719,1.0072823223834766,-1.2848781405525729,-0.22698284010623332,-0.261126631699287,-0.2222999487868503,-0.7193248824612615
W02000232,729.7,0.8948436865611044,0.2941988950276243,0.05026288117770768,50.20045276805927,0.5091352009744214,-0.3995613432681765,0.9954548564050936,0.48018584330698194,-0.2804976136009353,-0.1618102649855498,-0.14120652251528304
W02000233,4449.5,0.811866316184754,0.23039215686274508,0.056284042767803105,49.28475777865301,0.5066859996777832,1.4913788798541432,0.05306538946748771,-0.241197554396866,-0.1994213553906653,-0.3700029568309097,-0.32819376670312933
W02000234,3815.3,0.8860465116279069,0.31976744186046513,0.06227192466156563,49.63383027522936,0.5169172932330827,1.1689867379367886,0.8955437004085708,0.7692575890051047,-0.11879321557294674,-0.29063772763102935,0.452926751650439
W02000235,1307.7,0.8312026515151515,0.3014154870940883,0.04074258659357089,58.86098498078938,0.5196249454862626,-0.10573816756929463,0.27267175517769443,0.5617748706491424,-0.40869046316853436,1.8072509781592223,0.6596457476496891
W02000236,1086.0,0.816875,0.2632515119174671,0.04922923918448533,55.790512575612865,0.5165972122431384,-0.21843816419981735,0.10994994545305542,0.13030228837020774,-0.29441582919530285,1.1091474364055578,0.42848978017375744
W02000237,88.4,0.9355590062111802,0.44549929676511957,0.05113524185587364,54.25638563472249,0.5055392636037798,-0.7255627318074377,1.4578663332595716,2.1907512321427944,-0.26875108620133614,0.7603478676063992,-0.41574272341117946
W02000238,152.3,0.9012474012474012,0.45763965963743986,0.05261221486387049,58.03404550981414,0.5245576571079926,-0.6930795122102776,1.0681830381041344,2.3280072096472613,-0.24886332149445103,1.6192377680321868,1.0362396004239236
W02000239,74.0,0.9350610664283586,0.44508218105922254,0.05289974524202008,53.134502923976605,0.5124204219198601,-0.732882893970178,1.4522111383025382,2.186035423847155,-0.24499166204247755,0.5052762726024764,0.10960765595952872
W02000240,2620.7,0.8371781115879828,0.3410418126605933,0.06147426981919332,51.13187702265372,0.5187284650439036,0.5617182851861238,0.3405361693812499,1.0097804292755284,-0.1295338125483261,0.04995863738641902,0.5912028607317785
W02000241,4574.2,0.8104245481294662,0.47278770253427504,0.053429688425542,53.69051655928563,0.5145468842146649,1.5547694508050955,0.0366909608382379,2.4992672829211116,-0.23785586112747262,0.6316917021690055,0.27195499952849805
W02000242,418.6,0.8715316315205327,0.3918918918918919,0.03933411903358869,55.04309981749263,0.5187439143135346,-0.5577073466590452,0.730695500652288,1.5846790055762823,-0.42765578702925744,0.9392154439486465,0.5923823539637103
W02000243,3579.4,0.7427841634738186,0.1808566895822316,0.06395348837209303,48.071833648393195,0.5327202737382378,1.049068248062453,-0.7315134996065357,-0.8012334490593751,-0.0961505922930792,-0.6457737567199846,1.6594244693632003
W02000244,986.5,0.8755803156917363,0.39231638418079096,0.061909377271625876,54.43660993400486,0.5210588466837237,-0.26901845136597435,0.7766771616834113,1.5894782117177058,-0.12367499550201669,0.8013237192137884,0.7691186740763264
W02000245,2804.7,0.8106659142212189,0.2494160394497794,0.06457426039945938,48.2228453364817,0.51123459772892,0.6552536905989167,0.039432200546269246,-0.02611818421041713,-0.08779176112281835,-0.6114396932960463,0.01907446954503146
W02000246,1206.2,0.9121909633418585,0.34394637620444074,0.043762246897452645,56.351261204919744,0.5096226415094339,-0.15733514392472112,1.1924711132964223,1.0426187152993813,-0.36803007649039854,1.2366394156504064,-0.10399228354172964
W02000247,352.1,0.8612869198312236,0.310687432867884,0.07743785850860421,53.06723022057852,0.52955409609402,-0.5915122622022557,0.6143443998156544,0.6666012250122645,0.08541940190687841,0.48998113025683304,1.4176987961349263
W02000248,6731.5,0.7224108658743633,0.2312318540024886,0.06201550387596899,46.523737137511695,0.5161290322580645,2.6514212448106282,-0.9628968391535793,-0.23170414362032515,-0.12224597755457356,-0.9977494512094897,0.3927460112507905
W02000249,5769.8,0.7463187806768277,0.2662107396149949,0.05318098462406545,50.76240032436816,0.5302304357745836,2.162546248150395,-0.6913701929837268,0.16375859396454334,-0.24120471222948545,-0.03404569733215701,1.4693347695345227
W02000250,367.7,0.8908603259748298,0.3173881411422335,0.05798955335252105,49.631754294638206,0.5015894836326145,-0.5835820865259538,0.9502150875079405,0.7423577961988668,-0.1764562822103673,-0.29110972321087925,-0.7172934669006098
W02000251,1999.2,0.7840952746830581,0.3270868824531516,0.047384890478319175,49.14847826086957,0.5213334541172208,0.24578211962063068,-0.2623355069261212,0.852009396665286,-0.3192503880579781,-0.4009875095247268,0.7900839117207742
W02000252,112.2,0.7572667006629271,0.16963503649635037,0.05714285714285714,51.24182227519534,0.5125299629548922,-0.7134641304551308,-0.5670326244035062,-0.9281027181016003,-0.18785723192633072,0.07495582350960593,0.11797069916640461
W02000253,645.4,0.7696592398427261,0.20830519918973667,0.06557377049180328,50.34719618203511,0.5089430894308943,-0.44241479259588545,-0.4262882462834842,-0.49090730338801386,-0.07433313904166591,-0.12844663766460354,-0.15587351136186087
W02000254,612.6,0.7741477272727273,0.21114106019766396,0.060250152532031725,50.69766064554338,0.5121398918102906,-0.45908849529990503,-0.3753116576385331,-0.45884575145554923,-0.14601681965061444,-0.0487649304388863,0.08819024442536097
W02000255,619.3,0.7980392156862746,0.23431105047748976,0.05397777385782325,51.21863247863248,0.5074540454479665,-0.45568258651585225,-0.10397156903039975,-0.19689150032873165,-0.23047577086349122,0.06968338429608721,-0.26955638064024023
W02000256,594.0,0.7340307144446918,0.16076487252124647,0.055396845112408395,49.17445104937523,0.5162804634438674,-0.46854370476011126,-0.8309280523576001,-1.0283866255788323,-0.2113676659349049,-0.39508232841498836,0.40430720883640286
W02000257,603.6,0.7336561743341404,0.18406135378459487,0.05740585774058577,50.33647441104793,0.5130362808663264,-0.4636635966516177,-0.835181774228134,-0.7650022982861301,-0.18431587133471705,-0.13088434278366096,0.1566261543435568
W02000258,265.1,0.6864761904761905,0.1498401096391046,0.04693921695868484,51.11207078154624,0.5023663453111306,-0.6357382419354785,-1.3710136478625696,-1.151899326489255,-0.3252514795109615,0.045455484372358634,-0.6579830196212236
W02000259,2695.9,0.689967105263158,0.12885662431941924,0.07013327507100721,49.17371890282798,0.5185185185185185,0.5999457987026566,-1.3313666777272934,-1.3891334865628895,-0.012938412286194937,-0.3952487894770895,0.5751742385591321
W02000260,425.2,0.688076923076923,0.13887576759565423,0.05439864003399915,51.47878286069137,0.5190517998244074,-0.5543522723344559,-1.3528338292509166,-1.2758594997307224,-0.22480871571789673,0.12883125444066149,0.6158882467959946
W02000261,574.1,0.7591499409681228,0.17849327914973429,0.05640460059870805,51.18130527599878,0.5166056485355649,-0.47865976219334266,-0.5456443131171964,-0.8279535901761024,-0.19779801782008793,0.06119666012999165,0.4291338591533678
W02000262,915.0,0.7667934093789607,0.17082785808147175,0.06238317757009346,50.42594692674076,0.5090566037735849,-0.3053650898823585,-0.4588360172098475,-0.9146169685917941,-0.11729517081804708,-0.11054184434939109,-0.1472071211616596
W02000263,696.3,0.7712727272727273,0.18527918781725888,0.054598825831702544,48.187632033800654,0.5056444026340545,-0.416540052728977,-0.4079635686976209,-0.7512337641533807,-0.2221131701521827,-0.6194458005247048,-0.40771575659769455
W02000264,827.6,0.7010869565217391,0.13805468399820708,0.06185792349726776,48.57130657557643,0.5043645251396648,-0.3497944074534351,-1.205076453627995,-1.2851424703441827,-0.12436783183157378,-0.532213439783464,-0.505429556562797
W02000265,889.5,0.7317559153175592,0.14308093994778068,0.06227496999599947,49.529136924075274,0.5096823324630113,-0.3183278770455445,-0.8567633701928782,-1.2283168481777085,-0.11875220947849133,-0.31444083985425214,-0.09943510527806475
W02000266,346.3,0.7719729563614013,0.2074283915643689,0.05027467954053604,49.00668296658517,0.514743162108072,-0.5944606608511374,-0.40001093637610147,-0.5008202762512559,-0.28033874606402936,-0.43322613084470957,0.2869400734109814
W02000267,770.8,0.7435344827586207,0.1345158906134516,0.06626506024096386,49.09454338764684,0.5071800536531482,-0.3786683804286886,-0.722991983588005,-1.32515120404673,-0.06502477131852571,-0.41325015873705795,-0.29047461660290524
W02000268,916.2,0.7383406971035837,0.20137299771167047,0.06032513771328765,50.387151420380505,0.5030826140567201,-0.3047550763687968,-0.7819787756813037,-0.5692810801965513,-0.14500712777862584,-0.11936240249821499,-0.6032986133131347
W02000269,1151.6,0.7469135802469136,0.15426917510853835,0.06066039145375766,49.97996515679443,0.5154953635919961,-0.1850907587917782,-0.6846149433627081,-1.1018253940350249,-0.14049286281137818,-0.21194039547533794,0.34436780821825397
W02000270,1028.0,0.8177822853279243,0.25795165394402036,0.05952380952380952,50.10984915705413,0.509253640776699,-0.2479221506886325,0.12025415409048126,0.0703833885456555,-0.15579718717649485,-0.18240992959472432,-0.13216409212769906
W02000271,1542.5,0.707710940654017,0.16712328767123288,0.04963735267452402,50.004631671812966,0.5001834862385321,0.013621143250943178,-1.129846630760535,-0.956499936855516,-0.28892049175876894,-0.20633220910371303,-0.8246360436073921
W02000272,803.3,0.7798330701556508,0.281195462478185,0.06963552980931692,50.0548951048951,0.5114896190284217,-0.36214718110305943,-0.31074215845465825,0.3331722108268535,-0.01964066113899489,-0.19490429964060205,0.038544380029107615
W02000273,1414.3,0.6707105719237435,0.21052631578947367,0.3023415977961432,40.589537905321436,0.49865746068277716,-0.05154863378123099,-1.5500667173463993,-0.465795901591007,3.1137974592117255,-2.34695079706094,-0.941142315926663
W02000274,644.6,0.8153846153846154,0.18805216659655027,0.06087484811664642,48.96691568836713,0.5087977980929913,-0.44282146827159324,0.0930233694859692,-0.7198831433396851,-0.13760515692355027,-0.4422676313392625,-0.16696595481113233
W02000275,408.7,0.7853915662650602,0.18722304283604135,0.04787769060551197,50.11772825872609,0.512473153808029,-0.5627399581459293,-0.24761328172884126,-0.7292570140730136,-0.3126147265231573,-0.18061853463746638,0.11363353593234196
W02000276,972.7,0.840410474168436,0.27521241226449944,0.05306893295561851,52.27628451270799,0.5124500461112819,-0.2760336067719338,0.37724671389870396,0.2655293063952195,-0.24271351246146064,0.31015147307822166,0.11186935079157188
W02000277,611.2,0.798306148055207,0.3029564157269125,0.04899930986887509,51.27962006332278,0.5112359550561798,-0.4598001777323937,-0.10093996834546914,0.5791962334195363,-0.2975118777373635,0.08354954013696798,0.019178096341294092
W02000278,818.7,0.9331866923288424,0.3340625683657843,0.059851403412217945,49.903425950903696,0.5060348681269558,-0.3543186743456843,1.4309235221672822,0.9308747978705094,-0.1513860637931932,-0.22934237265163548,-0.3779051948573165
W02000279,1291.0,0.8484756097560976,0.22937516905599134,0.05215311004784689,48.77025544585488,0.5168002067717756,-0.11422752229969488,0.46884396255533545,-0.25269537015362276,-0.25504526829201546,-0.48698036400817735,0.4439876437210253
W02000280,408.7,0.8915786762812259,0.2848446683459278,0.06123528633778601,47.74274183049082,0.5132114882506528,-0.5627399581459293,0.9583735258779282,0.37442924109520387,-0.13275177741384994,-0.7205961727275277,0.17000257464903554
W02000281,632.0,0.8435394978567055,0.30817972350230416,0.05281860765627524,52.52245603015076,0.5105185582205547,-0.449226610163991,0.4127836193495409,0.6382496754012948,-0.24608419738702436,0.3661211043036783,-0.03559243536908145
W02000282,601.2,0.8978562421185372,0.34410714285714283,0.05756578947368421,50.29160419790105,0.5153127999301981,-0.4648836236787411,1.0296690115779144,1.044436303809611,-0.18216235555629406,-0.14108604811873218,0.33042976398509466
W02000284,819.7,0.7474007561436673,0.14963417512390842,0.05850714941624033,48.87358393408857,0.5088713125267208,-0.3538103297510496,-0.6790819958667309,-1.154227571821164,-0.1694867379649922,-0.4634875674344703,-0.16135340618559638
W02000285,813.6,0.8412248369719308,0.22025052192066805,0.059072345390898486,51.43214588634436,0.5161445204657304,-0.3569112317783215,0.38649558410028484,-0.35585640208600405,-0.1618762505042058,0.11822785774071604,0.3939284772542341
W02000286,2080.2,0.6240417049984668,0.1716390423572744,0.05816921954777535,49.02029553142247,0.5092771263173519,0.2869580317860448,-2.080093740675986,-0.9054459172910626,-0.17403703758121544,-0.4301311739549322,-0.13037106003557364
W02000287,952.1,0.8077765607886089,0.20361083249749248,0.05703309692671395,49.68695025234319,0.5036778005546847,-0.2865055054214095,0.006617274876755267,-0.5439806666708726,-0.18933517725167776,-0.27856035344635344,-0.5578583780882962
W02000288,196.1,0.7418817651956703,0.16725248974809606,0.04562565878632736,50.27513537245719,0.5015464555239392,-0.6708140189652758,-0.7417622051084394,-0.9550392097304731,-0.34293882770162476,-0.1448304052904488,-0.7205785000560516
W02000289,880.2,0.8277072643802322,0.21757636454682022,0.05624123422159888,49.86261107313739,0.5076604077871213,-0.3230554817756476,0.23297399175283706,-0.3860897722256324,-0.1999977818315981,-0.23862205569873485,-0.2538013975134212
W02000290,396.0,0.7120782899819726,0.15675675675675677,0.04602926552067055,50.25072886297376,0.5104739613809245,-0.5691959344977905,-1.08024583012736,-1.073701403480603,-0.33750417471658606,-0.15037947672437696,-0.03899723519234858
W02000291,241.8,0.7280617164898746,0.1353562904875554,0.05086505190311419,49.869770580296894,0.5096655848737124,-0.6475826709904681,-0.8987190750819727,-1.3156498483271457,-0.27238925303143424,-0.23699426796912157,-0.10071372030006988
W02000292,1318.1,0.7365079365079366,0.175945601359966,0.05678165845296765,49.41117597998332,0.5119354284732955,-0.10045138378509337,-0.8027937794940597,-0.8567570130291651,-0.1927208513141352,-0.3412604760510691,0.07258024292216131
W02000293,2214.7,0.7252994011976048,0.19899874843554444,0.05703734099302421,49.72957353527302,0.5120860927152318,0.35533037976441784,-0.9300912049047039,-0.5961237626320943,-0.18927802997022986,-0.2688695108501722,0.08408288724787377
W02000294,301.7,0.8414735099337749,0.2610878661087866,0.05109179563281747,52.38141157160443,0.5114244912531238,-0.6171328297718468,0.3893198092943482,0.10584063730037224,-0.26933609910060086,0.33405319322591787,0.03357212101562794
W02000295,616.0,0.8585601628084457,0.21224489795918366,0.054607063729962206,50.09914725722286,0.5004201680672269,-0.45736012367814693,0.5833761118895713,-0.44636603132221087,-0.22200224504970598,-0.18484311680171758,-0.8065662822702104
W02000296,2458.7,0.7754093296261971,0.17818889970788704,0.05519855000823859,50.708580593424216,0.5122413093466793,0.47936646085529533,-0.3609834044776866,-0.8313948298048008,-0.214037752898515,-0.04628216776089406,0.09593308927346456
W02000297,621.0,0.8097290640394088,0.2247428917120387,0.05684380032206119,49.75019725422124,0.5142895299145299,-0.4548184007049732,0.028792218350737264,-0.30506676642923475,-0.19188409745046467,-0.2641804958251182,0.25230697328084783
W02000298,1958.6,0.8370860927152318,0.26913730255164037,0.061562073669849934,50.27805362462761,0.5147655703289014,0.22514332907846002,0.33949109388600696,0.19684559975029728,-0.12835151448819737,-0.14416691058765843,0.28865085621424874
W02000299,601.9,0.803892765332354,0.22331940751993923,0.05727130570758405,51.41628787878788,0.5056900144253886,-0.4645277824624968,-0.03749171427431522,-0.3211603310371128,-0.18612764389838804,0.11462237631001757,-0.404233469055326
W02000300,1457.7,0.8167917709202113,0.22163367716754948,0.055838301584993456,51.38442069741282,0.5023266913256175,-0.029486478374083067,0.10900469727538864,-0.3402187866829269,-0.2054233579431086,0.10737704424120395,-0.661010451250602
W02000301,826.8,0.8318014705882353,0.2465381482487103,0.05575511478994222,48.031432076050294,0.5046010336568764,-0.35020108312914294,0.27947265504371793,-0.058654919241200296,-0.2065434863393226,-0.6549594705200651,-0.48737302690104667
W02000302,577.4,0.8399351401436183,0.2667844522968198,0.054990814451928965,51.084274337335074,0.5152123707199519,-0.47698222503104803,0.3718482567502845,0.17024484942319362,-0.2168349576157108,0.0391356763456667,0.32276237409530545
W02000303,382.9,0.8393085787451985,0.26734397677793903,0.04738111647139903,49.12108454024924,0.49796090563915063,-0.5758552486875057,0.36473228212271575,0.17657069654995436,-0.3193012058868914,-0.40721575419307754,-0.9943216557431348
W02000304,308.0,0.8056930693069306,0.20481927710843373,0.056948109058927,50.05041836515769,0.5128205128205128,-0.613930258825648,-0.01704532635876749,-0.5303182870468734,-0.19047955748634368,-0.1959221325515667,0.14015308113154432
W02000305,2236.4,0.7916058394160583,0.20344456404736275,0.04769475357710652,50.4007722007722,0.5126159856747518,0.3663614574679919,-0.17703662286857344,-0.5458604571590747,-0.3150780136363312,-0.11626557771748675,0.1245382080707009
W02000306,990.2,0.7767441860465116,0.21979938944614041,0.04468881609733271,51.85749774164408,0.5089478859390364,-0.26713757636582575,-0.34582319122107374,-0.36095679565961597,-0.35555361948536923,0.21493598518573653,-0.1555073161289703
W02000307,488.8,0.7518905293482175,0.19714795008912656,0.06073752711496746,47.71331784746419,0.5084511370620775,-0.5220215561156863,-0.6280908044404867,-0.617048436702622,-0.13945421425629653,-0.7272860184752901,-0.19343221176064124
W02000308,1152.1,0.8,0.23966289175664998,0.057724719101123596,49.508446641944786,0.5207478340173278,-0.18483658649446083,-0.08170257598072327,-0.13638488994604725,-0.18002233334982584,-0.3191449887047108,0.7453740347619904
W02000309,610.1,0.7995185694635488,0.26590756865371734,0.05703490464195754,51.50488315312173,0.5213536279001034,-0.46035935678649187,-0.08717027234849177,0.1603310171220095,-0.18931083597040382,0.1347654248815764,0.7916241036483427
W02000310,161.8,0.8085485307212823,0.3280141843971631,0.06137440758293839,50.476544356711564,0.5165437700888637,-0.6882502385612476,0.015384681340039135,0.8624932459625161,-0.13087847940884983,-0.0990379972518879,0.42440967407345137
W02000311,3077.7,0.7425424506654429,0.2532074558218349,0.055952077491715525,49.80986883198001,0.5201064156349126,0.7940317649342017,-0.7342586770399012,0.016746643286576775,-0.20389134046550425,-0.2506135477212378,0.6964041702335498
W02000312,2982.6,0.8054226475279107,0.2777951769495772,0.0613682092555332,51.266177669111656,0.515972894482091,0.7456881939844376,-0.02011655692468019,0.29472941311712136,-0.13096194124352337,0.08049327329261698,0.3808254833289048
W02000313,1167.1,0.8501679731243001,0.3762131303520457,0.05696644920782852,50.224870115202165,0.5127987954074911,-0.17721141757493966,0.4880644488781907,1.4074187569458612,-0.19023260336865308,-0.15625872949806416,0.1384950388883887
W02000314,802.0,0.7924914675767918,0.13438880706921943,0.04462809917355372,51.903640256959314,0.5158514492753623,-0.36280802907608456,-0.16697837871702817,-1.3265879795592714,-0.3563711861486085,0.22542696152953282,0.3715536016925524
W02000315,901.3,0.7593891869583161,0.13043478260869565,0.0470479704797048,51.412092815707275,0.5038109756097561,-0.3123294108288545,-0.5429271517978798,-1.37129121438952,-0.3237870895557086,0.11366858548958533,-0.5476909669504115
W02000316,380.6,0.7771350799591698,0.1537077033837293,0.04970972423802612,50.90257320319432,0.5175675675675676,-0.5770244412551655,-0.34138373617076,-1.1081732562233533,-0.2879459928216819,-0.002175948885182617,0.5025727345830471
W02000317,1507.2,0.7925624636839047,0.13944687045123727,0.05280424933604124,50.113480578827115,0.5106601592602107,-0.004323420939663252,-0.16617206269094378,-1.2694027503301455,-0.2462775353105028,-0.18158428843375854,-0.024781732216282045
W02000318,595.0,0.7858560794044664,0.11985313401521112,0.05537590945836702,50.226835376301565,0.5126964933494559,-0.46803536016547653,-0.24233771939365192,-1.4909247489537052,-0.21164956909718705,-0.15581190713560003,0.13068466416214594
W02000319,569.9,0.7534749541043797,0.1526869491043503,0.05427286356821589,50.24157057363888,0.5155940594059406,-0.4807948094908086,-0.6100961970603043,-1.1197136547996978,-0.2265023233489215,-0.15246170817850233,0.351902859864556
W02000320,495.9,0.7695840086439762,0.13930885529157666,0.055819477434679333,49.0619379170293,0.49674086828188413,-0.5184123094937796,-0.4271426610349447,-1.2709631160168122,-0.20567682924571692,-0.42066334847303316,-1.0874668878457856
W02000321,594.9,0.7419437340153452,0.14223904813412655,0.046262341325811,50.128563596491226,0.5080691977243701,-0.46808619462494,-0.7410584136689744,-1.2378350714014612,-0.33436575800456514,-0.17815500894116412,-0.2225918338394213
W02000322,571.2,0.764034253092293,0.15081042988019733,0.0422840621611854,49.98093556928509,0.5005251312828207,-0.4801339615177834,-0.49017226961694216,-1.1409291228318994,-0.3879341573835644,-0.2117197621957328,-0.7985527382418266
W02000323,337.6,0.7825278810408922,0.16185199841709538,0.052686164696121134,49.97807723250201,0.5112144874563881,-0.5988832588244595,-0.28013668876910547,-1.0160958457171063,-0.24786757082334773,-0.2123696345177987,0.0175391263922377
W02000324,284.4,0.8172043010752688,0.16262626262626262,0.05171184022824536,49.74617790132036,0.5099403578528827,-0.625927191259028,0.11368987916482481,-1.0073422036724957,-0.26098706296054974,-0.26509433712554287,-0.07973584387036724
W02000325,1274.4,0.7505713352921972,0.16251280300443838,0.0606961693195732,48.139821795750514,0.518114955053119,-0.12266604257063157,-0.6430731373054792,-1.0086249504457638,-0.14001110602015618,-0.6303159508177407,0.5443636962188497
W02000326,453.7,0.7930948211158368,0.20997442455242968,0.04513031550068587,50.966230646022424,0.5113866967305524,-0.5398644513873658,-0.16012598007560713,-0.4720354491245763,-0.3496087334213874,0.012297226715535682,0.030686652340295332
W02000327,515.1,0.8769516728624536,0.2502970297029703,0.042273180458624125,55.346676881823406,0.5165394402035624,-0.5086520932767925,0.7922519207681077,-0.01615792357856047,-0.38808068188941336,1.0082368178086438,0.42407910372741603
W02000328,2320.5,0.8634969325153374,0.2189922480620155,0.05227492739593417,51.07108264333698,0.5079556090386416,0.40911323787677384,0.6394439259377903,-0.37008213901446413,-0.2534049710470019,0.03613640877814999,-0.23126389984904236
W02000329,1329.1,0.7768969422423556,0.24064738657468823,0.05049279757391963,49.51023714832818,0.514813437461262,-0.09485959324411118,-0.3440883106226659,-0.1252544319837066,-0.27740173902139925,-0.3187378986277336,0.2923053305033033
W02000330,1687.0,0.8005540166204986,0.22290520867033323,0.050491358861402914,54.243169398907106,0.5153270235909027,0.08707693717566366,-0.0754105059223662,-0.3258431620679312,-0.27742111160021987,0.7573430202038245,0.3315156866167147
W02000331,4223.9,0.7349624060150376,0.16932038834951457,0.06400481540930979,47.181192209325204,0.5230151374729688,1.3766963393045448,-0.8203466574743191,-0.9316600532008981,-0.09545946250685995,-0.8482702657254779,0.9184740676134342
W02000332,2316.6,0.6986498132720482,0.19117189928504819,0.043457110426463434,49.69640896973498,0.5140541247221859,0.4071306939576983,-1.232755543933096,-0.6846122075187544,-0.37213880583458137,-0.2764098165776533,0.23433467829458782
W02000333,1562.0,0.8439770554493308,0.24168975069252077,0.055959159630865896,50.110003832886164,0.5103348822304118,0.023533862846320683,0.41775304251393414,-0.11346971785173582,-0.20379597791230836,-0.1823747624504159,-0.04961540165912765
W02000334,507.6,0.8754004983980064,0.28904731043421905,0.05721574344023324,51.23683274021352,0.5117691723614275,-0.5124646777365531,0.7746349431506264,0.421943286103282,-0.18687580198500917,0.07382140131560151,0.05988721837156082
W02000335,684.8,0.8589624106865485,0.33811129848229343,0.04456556588650208,52.16416524833669,0.5153968675338466,-0.42238601556727656,0.5879445160424481,0.9766487517166703,-0.357213210540725,0.2846600029629182,0.3368480071704519
W02000336,58.5,0.8373719710217337,0.3536836682122617,0.04147527695217509,56.31895777178796,0.5126179245283019,-0.7407622351870166,0.3427378671164838,1.1527061605294648,-0.3988246271809924,1.2292948972492366,0.124686232197066
W02000337,3169.2,0.7760727479397556,0.21364509929532352,0.06058171300016069,52.18308766485648,0.5287266064651224,0.8405452953432807,-0.3534488389927196,-0.4305356969972694,-0.14155228540350814,0.2889622093493801,1.3545230965654471
W02000338,151.7,0.8926934483688326,0.3087681549220011,0.042200557103064064,55.81049986775985,0.5066901408450705,-0.6933845189670584,0.9710342003320804,0.6449023373154613,-0.38905857126165166,1.1136917532391346,-0.32787760426281154
W02000339,396.9,0.8408138839018552,0.27726510067114096,0.05475251861585633,54.62164691203993,0.5185084623042809,-0.5687384243626193,0.3818283134590432,0.28873650017754343,-0.22004366318634985,0.8433937829290321,0.5744064846836857
W02000340,27.9,0.9352708058124174,0.4572611653356995,0.04022146230255658,56.78224167578553,0.5072829131652661,-0.7563175797828396,1.454593187594321,2.3237280455142275,-0.41570751576639536,1.334627266845822,-0.28262168236845736
W02000341,63.4,0.9178390545863815,0.407426915986305,0.04089727807413487,55.67459274829217,0.48803079514014197,-0.7382713466733063,1.2566175386772158,1.7603141937546887,-0.4066075085370286,1.0827918691398757,-1.752447988290417
W02000342,71.8,0.9412064138457623,0.46298819255222523,0.04645569620253165,55.7656383367882,0.5043803418803419,-0.7340012520783745,1.5220049947548038,2.3884764164703496,-0.3317621922844547,1.1034920218860689,-0.504222008308066
W02000343,2093.7,0.8064600156290701,0.25535625311410065,0.04514143338707313,50.52101315975661,0.5127263827704356,0.29382068381361387,-0.008334973976996044,0.041040420656389257,-0.34945902864864575,-0.08892755663989667,0.13296660826655088
W02000344,122.3,0.9321938918464556,0.4061597690086622,0.04674597620713786,53.727174060507394,0.505817369843695,-0.7083298500493199,1.4196481019758687,1.7459881395100718,-0.3278535085106385,0.6400261628179946,-0.3945103651462364
W02000345,2319.2,0.8089407744874715,0.22368045649072754,0.04280926264472883,52.88965114581813,0.5154947106409459,0.40845238990374855,0.019839466928592522,-0.3170783995550219,-0.3808622179614486,0.4496066977028809,0.34431795787821073
W02000346,325.3,0.9117466174661747,0.38465310125030644,0.0565684899485741,50.25277566539924,0.5102093564228483,-0.605135897338467,1.1874245943356228,1.5028390065655193,-0.19559121186598252,-0.14991411510116537,-0.05919882171650529
W02000347,571.7,0.860062446778314,0.37205479452054796,0.052317782083768076,53.58253262584253,0.5211391293438715,-0.47987978922046604,0.6004378310442264,1.360405627655848,-0.2528279232989299,0.6071404421537613,0.7752479511584975
W02000348,3670.6,0.8039634146341463,0.2518562518562519,0.046530093695410515,52.77646698330014,0.5203209259502828,1.0954292750931414,-0.0366893369809203,0.0014702612661632232,-0.33076041376504645,0.4238731120204237,0.7127812204890761
W02000349,1615.1,0.6548928778228141,0.1530550514216576,0.06201313578738354,47.41836734693877,0.523023143683703,0.05052696082142553,-1.7297112185441075,-1.115551979904554,-0.12227786438550248,-0.7943460541595945,0.9190853114844962
W02000350,141.8,0.9174334742601343,0.35901509134233517,0.04644502552608642,49.549640638323794,0.5087860226930415,-0.6984171304539424,1.2520112872894111,1.2129819283054486,-0.33190587527747967,-0.3097791091342935,-0.1678649620053726
W02000351,4701.3,0.7412898443291327,0.23448800913589646,0.05471928397070789,49.99132321041215,0.5153012432260121,1.6193800487831718,-0.7484847607565103,-0.19489084895669834,-0.22049117495484552,-0.20935802494349717,0.3295474533842502
W02000352,3391.4,0.703778677462888,0.2576259946949602,0.06467753891771683,47.69534632034632,0.5074319352465048,0.953499464271121,-1.174506077013637,0.06670156461393169,-0.08640109327766551,-0.7313720303575519,-0.2712444107933502
W02000353,4497.8,0.7915456598902872,0.263621353880022,0.0633862976251495,47.04538603249037,0.514269880853422,1.5159319237750013,-0.17772009296354932,0.13448363126963478,-0.10378793979913421,-0.8791471994769706,0.2508068418737236
W02000354,3914.6,0.7753201396973225,0.2515576323987539,0.05805128205128205,53.07888040712468,0.520711080428029,1.219465356184019,-0.3619963511298539,-0.0019058573862857332,-0.17562509177562408,0.49262992022030927,0.7425680374001471
W02000355,1307.1,0.9026636793627085,0.4086587092858588,0.055959571058794524,50.36775427273814,0.5139675717913655,-0.10604317432607555,1.0842679727322901,1.7742405479495198,-0.20379043794523105,-0.1237725438973772,0.22772668979127497
W02000356,3192.8,0.6330188679245283,0.1185223191380195,0.07073474470734745,47.85401108166707,0.5107230973619282,0.8525422277766609,-1.9781384274847837,-1.5059706169205425,-0.004839492034366014,-0.6952979618712898,-0.019976646488649247
W02000357,8133.2,0.7273273273273273,0.22375832053251407,0.0704647676161919,45.93103448275862,0.4845447959430089,3.363967863110149,-0.9070596697317999,-0.31619808771589014,-0.00847479263639449,-1.132506507417632,-2.018590825960661
W02000358,2032.7,0.8607169529499626,0.4338590280012874,0.058595194085027724,52.06932100959829,0.5163479333744602,0.2628116635408946,0.6078711796718075,2.0591491964872377,-0.16830119723604267,0.2630961879399989,0.40945828253720956
W02000359,7369.7,0.7361471861471862,0.20536357091432686,0.08138891960632534,42.07802739726027,0.4916130125381227,2.975846765106522,-0.8068908886049307,-0.5241646342143194,0.13862130405983392,-2.0085273725632113,-1.478959255351413
W02000360,4255.7,0.5981546293350302,0.2911802853437095,0.07018751075176329,47.230961923847694,0.46314858490566035,1.3928616974139296,-2.374098085769002,0.4460581794778536,-0.012208116978322338,-0.8369546082645466,-3.6521105139613255
W02000361,781.4,0.775228383258976,0.18737901664730933,0.062082557757582396,47.19795221843003,0.5124543058743518,-0.3732799277255603,-0.36303844610863223,-0.7274936122574474,-0.12134308236759966,-0.8444597049478663,0.11219456757078715
W02000362,1914.3,0.8694066953927743,0.3897185525560023,0.05472636815920398,50.14221375368093,0.5123872261205785,0.2026236635361409,0.7065622048436578,1.5601077618553423,-0.2203957848067611,-0.17505150504268926,0.10707328239260136
W02000363,2627.0,0.7296779141104295,0.24598511555033295,0.05571786310517529,52.33159373745484,0.5113302196851756,0.5649208561323228,-0.8803636173566621,-0.06490737185781692,-0.20704508842518907,0.3227265952719043,0.026374843797086888
W02000364,1681.4,0.6397660818713451,0.19418540866703238,0.10491007707679133,42.89075865937456,0.4986546119900979,0.08423020744570914,-1.9015090606367486,-0.6505422064575695,0.4553388357096858,-1.8237445451326895,-0.9413598028250905
W02000365,3582.1,0.7335650159281784,0.24753004005340454,0.06135160386172532,45.930087009616855,0.5337065547002566,1.0504407784679666,-0.8362170772416164,-0.04744083275434729,-0.13118553650432244,-1.1327219251998815,1.7347232858941108
W02000366,179.7,0.9344558027660854,0.39900923215492007,0.0563943161634103,49.822601649544204,0.49970354559468755,-0.6791508703172856,1.4453370460354626,1.6651459162697948,-0.19793649999155444,-0.24771861043957386,-0.8612776942914013
W02000367,705.7,0.9196357878068092,0.4509256025148446,0.0608187134502924,54.5271375464684,0.5159172957006892,-0.4117616135394104,1.277023372872108,2.25209971964268,-0.1383610224879876,0.8219061047713836,0.3765807269143141
W02000368,4433.7,0.8863726658720699,0.41228070175438597,0.055955913522679104,49.372585669781934,0.5205191160996142,1.4833470352589142,0.8992478949727281,1.8151899101728666,-0.20383968746927553,-0.35003438073868054,0.7279122878699105
W02000369,1216.7,0.9185700099304865,0.4064909449524834,0.06412253374870197,43.70598092291828,0.5132210311383358,-0.15199752568105632,1.2649191348107405,1.7497323338453814,-0.09387435931076824,-1.6383953628580517,0.17073113798594872
W02000370,1289.0,0.8722316865417377,0.4150170648464164,0.05080409356725146,57.11548959399522,0.5290076335877862,-0.11524421148896437,0.7386461560571063,1.8461265629693078,-0.27321007036120076,1.4103946150857902,1.3759784531672437
W02000371,3320.4,0.765869140625,0.34989148782252233,0.05441618813234892,51.29812851720979,0.518457481872116,0.9174069980520542,-0.4693331097834191,1.1098326952351387,-0.2245724267341821,0.08775762785308679,0.5705143217442395
W02000372,1191.6,0.9184896613724902,0.46378621378621376,0.07093058502576538,51.14468648807772,0.5165339126237026,-0.16475697500638845,1.2640066012561588,2.3974986496352373,-0.00220245929799957,0.05287100134884667,0.42365709393736073
W02000373,4801.0,0.6851787573759112,0.22619469026548672,0.07643549589858314,47.67444829472916,0.5264436821040595,1.6700620048682555,-1.3857488374957652,-0.28865308656737465,0.07192237005108656,-0.7361234118304486,1.1802304667393981
W02000374,2883.0,0.9037875489769265,0.4450137958218368,0.06751863684771033,53.74533906986273,0.5207060420909708,0.6950570723588172,1.0970319694924489,2.1852622770555006,-0.0481450880324773,0.6441561648807291,0.7421833794452862
W02000375,3452.8,0.7778556412053259,0.23212536728697356,0.09238634288844258,45.779982126899014,0.5177033492822967,0.9847118223816943,-0.33320018774567595,-0.22160230065525,0.28670401473401147,-1.1668498170784014,0.5129391543147104
W02000376,1011.4,0.7948890383322125,0.40219496449322145,0.055068135150270675,51.00762388818298,0.5142642642642643,-0.2563606709595692,-0.13974872060785692,1.7011630280118244,-0.21579381749516283,0.021708406867564253,0.25037803656083796
W02000377,1014.2,0.8560700876095119,0.3193675889328063,0.06382275132275132,46.311902834008094,0.5242805755395683,-0.2549373060945919,0.5550958635674741,0.7647369494640113,-0.09791099526706894,-1.0459121630096246,1.01508547194701
W02000378,4486.6,0.8615972001272669,0.42779369627507163,0.06833938593595246,52.43580813677379,0.5167579116036854,1.5102384643150923,0.6178683109912346,1.9905760373711552,-0.03709352198355682,0.3464208128599325,0.44075856780370504
W02000379,5981.1,0.6807112485504445,0.20127504553734063,0.09153416415986249,44.351942262789215,0.5333951762523191,2.269959460996717,-1.4364871682174447,-0.5703885035559455,0.2752292417012943,-1.4915293957711664,1.7109507205442405
W02000380,297.1,0.9352251696483652,0.4169088507265522,0.059861857252494245,51.897962241534316,0.5191090863072639,-0.6194712149071666,1.454074889170074,1.8675146320853642,-0.15124530054662555,0.22413600621215551,0.6202618528255432
W02000381,3098.2,0.7139807897545358,0.20148200423429782,0.06901960784313725,48.99943063199848,0.5264931087289434,0.8044528291242139,-1.0586387854791275,-0.5680486790751901,-0.02793418517420827,-0.4348750238464556,1.184004002377012
W02000382,4858.4,0.678453947368421,0.2098360655737705,0.07834915029794748,47.80876068376068,0.5301406563965171,1.6992409846002896,-1.4621237586275337,-0.47359970194486756,0.09769014523640972,-0.7055861061291422,1.4624804540021072
W02000383,6046.1,0.7106191851138915,0.22668863261943986,0.07946788027306144,47.76976063371793,0.5159354580610748,2.303001859647975,-1.0968171561720441,-0.28306869495274917,0.11275408912376698,-0.714453169391953,0.37796735435122614
W02000384,2881.4,0.8785127539991353,0.435,0.06188012074169901,52.17904564315353,0.504564606741573,0.6942437210074016,0.8099814103093086,2.0720487472367113,-0.12406894107866237,0.2880432140632092,-0.4901540839404128
W02000385,3455.0,0.8795725441841348,0.4212812160694897,0.17072730554051616,50.020072053525475,0.5039953508644487,0.9858301804898906,0.8220176450438815,1.9169475267577158,1.3415822174497052,-0.20282167921216981,-0.5336146144600201
W02000386,4351.3,0.8353808353808354,0.44005805515239477,0.04725168756027001,54.983328234934234,0.5172004744958482,1.4414594406610115,0.3201241683849393,2.129233883423729,-0.3210439944936334,0.9256257587230469,0.47454656869154316
W02000387,5434.8,0.8528317486564696,0.41739446870451236,0.10670230263157894,50.28511904761905,0.5149872988992379,1.9922508089477562,0.5183174442721986,1.8730049103381363,0.4794715449347677,-0.142560513863169,0.3055789929018484
W02000388,2145.2,0.8216374269005848,0.2906676503135374,0.05424726661059714,51.59398496240601,0.5264700810484566,0.32000043043730314,0.16403771574290058,0.44026245303134653,-0.22684699198374256,0.15502363939382813,1.1822459261747118
W02000389,4233.7,0.7530899683817189,0.32356020942408376,0.06916253195008269,47.664652122641506,0.523086053412463,1.3816781163319654,-0.6144685516952044,0.8121376927438997,-0.026009680803117777,-0.7383506725016372,0.9238882310442657
W02000390,3583.0,0.8550847457627119,0.3986671893375147,0.15248429468874927,52.5353480841878,0.5206797050336647,1.0508982886031377,0.5439051524911224,1.661278863715839,1.0959360848523625,0.36905224563833683,0.7401726448550126
W02000391,7414.0,0.7322709163346613,0.33963328631875883,0.49224898640591463,32.08548520221672,0.53935209771641,2.998366430648841,-0.8509144076169624,0.9938559744694809,5.670941997616297,-4.280434811210853,2.165739116231706
W02000392,3436.0,0.8526203777600425,0.46395518753044324,0.0986316217314727,52.086049543676666,0.5176618049225159,0.9761716331918304,0.5159168655902449,2.399409025517797,0.37079806079076605,0.26689959254600415,0.5097673997685993
W02000393,4258.4,0.7220910623946037,0.274133871510259,0.06612685560053981,47.237148217636026,0.5305815004519434,1.3942342278194435,-0.9665289069022737,0.2533355880477063,-0.06688572704031032,-0.835548090623586,1.496137228214136
W02000394,9720.6,0.6800549261929283,0.3248820754716981,0.6464590490967528,28.576656775469832,0.5360986312819978,4.170914072633342,-1.4439411436065617,0.8270823874291747,7.7474142321284685,-5.078203111615792,1.9173492744235112
W02000395,4108.7,0.7530864197530864,0.47025067955300515,0.08030557108254145,47.340058160668846,0.5140116888955493,1.3181350420026223,-0.6145088541322445,2.4705843207306293,0.12403377915591828,-0.8121504546142992,0.2310948636298999
W02000396,10626.3,0.687778158165012,0.4151186790505676,0.280229746070133,36.66626847842318,0.489888238424694,4.6313217719940285,-1.356226958061802,1.847275388343458,2.816056537759924,-3.2389465295593376,-1.6106392274138313
W02000397,4279.3,0.7198764160659115,0.27288488210818307,0.07319373703074891,50.286468767073394,0.5262256809338521,1.4048586298473098,-0.9916810581898552,0.2392148189176907,0.02827137761529061,-0.1422536412367079,1.163586902936479
W02000398,5162.6,0.5085995085995085,0.3535645472061657,0.7706437478934951,25.77776847043056,0.516118501591447,1.853879410288179,-3.391192289992363,1.1513594075283413,9.419588372409216,-5.714559209598214,0.39194203473282585
W02000399,11677.7,0.5165590501978754,0.3938467807660962,0.33238520926452664,35.821167517773105,0.4656630424681721,5.165795278792999,-3.3007942919607154,1.6067805017311692,3.518341261023408,-3.4310889415134755,-3.460141200991132
W02000400,3311.6,0.7289749285940972,0.5079072219293621,0.0691800878477306,45.491164803461956,0.49896743447180303,0.9129335656192683,-0.8883475549410481,2.8963199917038165,-0.02577328680014735,-1.2325154117508386,-0.9174769909654328
W02000401,6638.0,0.7783562662699889,0.4684159378036929,0.05957271980279376,48.9186,0.5097675985180196,2.6038910252122798,-0.3275144955420844,2.4498411786253573,-0.15513859956865098,-0.4532527009704037,-0.09292536486977507
W02000402,10882.1,0.5188518608611044,0.3076057605760576,0.3102509827638343,35.180350877192986,0.4586096993711775,4.761356319301597,-3.2747544137516438,0.6317605907403321,3.220299058335024,-3.5767852082017764,-3.998637236343006
W02000403,2491.7,0.6751768686557982,0.2655467138225759,0.08478887569950823,43.54627615062761,0.5152759948652118,0.49614183247824184,-1.4993421525956008,0.15625128053534984,0.18440245674770053,-1.6747058885553725,0.3276198366494433
W02000404,3646.2,0.5949720670391061,0.37215713301171605,0.08198924731182795,44.01271829916477,0.5173988348291607,1.0830256669840534,-2.4102430391695306,1.3615626416421132,0.14670484796308556,-1.5686554595178066,0.4896906289748718
W02000405,6226.9,0.5861492137838742,0.15487651737128505,0.08685927306616961,43.70736185055994,0.5411599027013186,2.3949105623579365,-2.5104458286572595,-1.094958930748072,0.21228081028224519,-1.6380813947286117,2.3037581809043792
W02000406,4616.5,0.7258906285454958,0.43111954459203033,0.07794909446891826,44.713377324535095,0.523085971963533,1.5762724271581454,-0.923376525677213,2.0281772661463298,0.09230330596834378,-1.4093534099869047,0.9238820127269018
W02000407,3655.8,0.6613084112149532,0.1828358208955224,0.08567387350979996,47.530837438423646,0.53755833207888,1.0879057750925472,-1.6568488095991558,-0.7788578738090854,0.19631914589631366,-0.7687748198848364,2.0287919025661885
W02000408,10666.2,0.5240304938680809,0.28083735909822866,0.13057541709227102,41.079663865546216,0.4713845329044364,4.651604721319956,-3.215939713107659,0.3291235814752856,0.8009282544644194,-2.2355156093805397,-3.0233270727311865
W02000409,3957.8,0.7241512345679013,0.2520973154362416,0.06567164179104477,48.754873496474495,0.5304576885083965,1.2414258426722398,-0.9431311474000403,0.004195667224798291,-0.07301528058363506,-0.4904776087068816,1.4866846551842425
W02000410,11230.5,0.6315104166666667,0.2796633179473256,0.1706021251475797,40.658266569555714,0.48347202958853447,4.938463576072341,-1.9952701896791025,0.3158501589678681,1.3398966360699804,-2.3313246270158814,-2.100492474696496
W02000411,4365.6,0.710372534696859,0.1864730607565915,0.07551219512195122,46.940332759609866,0.519860521528199,1.4487287683642884,-1.0996184109475688,-0.7377361282896422,0.05948992308020789,-0.903032143613597,0.6776310863553405
W02000412,3586.7,0.6690751445086704,0.3283531409168082,0.09072431633407244,44.61081866037394,0.4922897876054699,1.0527791636032862,-1.5686405714335505,0.8663254055877828,0.2643244635364321,-1.4326711791248798,-1.4272900418196406
W02000414,8.5,0.944954128440367,0.4500998003992016,0.03719655442443226,56.059447179098825,0.5035911140805077,-0.7661794649187538,1.5645684881871091,2.242763402614936,-0.45643856217985,1.1702924898107432,-0.5644765621211736
W02000415,350.5,0.6504599211563732,0.1360741169658367,0.06414725979640218,47.760765550239235,0.5296003419534089,-0.5923256135536714,-1.7800571339532978,-1.30753427748373,-0.09354141766855104,-0.7164982943128805,1.4212294923721391
W02000416,61.8,0.8415713360673429,0.21321865097329107,0.043583535108958835,54.38439434129089,0.5114503816793893,-0.7390846980247219,0.3904308389334846,-0.4353570175715627,-0.3704364698237011,0.7894519661418717,0.03554875701727803
W02000417,311.0,0.8366944322665497,0.2046189376443418,0.05071770334928229,50.80160670625218,0.5093338573393594,-0.6124052250417438,0.3350429331431441,-0.5325832760975181,-0.2743733335478974,-0.0251317223990364,-0.1260398613383861
W02000418,38.9,0.903546631638206,0.31836007130124777,0.04109855862874951,55.062376887721605,0.5096695226438188,-0.7507257892418575,1.0942958263562776,0.753346201195041,-0.40389722182997734,0.9435982845105069,-0.10041308646427298
W02000419,4181.9,0.8186682520808561,0.1546938775510204,0.0509561060408518,52.248419055649244,0.5200246457178065,1.3553458663298856,0.13031624369675596,-1.0970238119485196,-0.2711631891446135,0.30381597426947204,0.6901613467146669
W02000421,15.0,0.9121297037630104,0.35100722158874953,0.055646986216827815,55.06908445846063,0.5068338121354575,-0.7628752250536279,1.1917753768372694,1.1224469086922515,-0.20799946123429172,0.9451233198378337,-0.3169088453064685
W02000422,1430.7,0.7478054567022538,0.49920413847990447,0.08574861090253792,37.08052686723544,0.45458237444158656,-0.04321178242922115,-0.6744857361642852,2.7979250558422373,0.19732550124169296,-3.14476061603559,-4.306108243755445
W02000423,4972.0,0.6239620403321471,0.42447861807457343,0.21036691904484567,38.979757548032936,0.47662247034194,1.7569889305507969,-2.080998507145281,1.9530965729022183,1.8753382862320065,-2.712950949667417,-2.6234303847735694
W02000424,433.4,0.9067340067340067,0.2846079380445305,0.051206387779899325,55.60498338870432,0.5112241843759353,-0.5501838466584512,1.1304954396223774,0.3717528261259859,-0.26779309076796276,1.066965463930841,0.01827944947868005
W02000425,130.8,0.9164636268708667,0.3417503586800574,0.0462331151650188,49.35654065814523,0.4149790293588975,-0.7040089209949246,1.2409965496562787,1.017791077518191,-0.3347592946541679,-0.3536823794740475,-7.329673668041596
W02000426,3392.1,0.8350022758306782,0.1671195652173913,0.054498902706656915,53.64810037523452,0.5170288024254674,0.9538553054873652,0.3158247969893562,-0.9565420220094868,-0.22345865689359537,0.622047945637002,0.4614400562180393
W02000427,116.3,0.784121137712298,0.17766838218840905,0.05204460966542751,51.20358772954039,0.5123373710183939,-0.7113799176171284,-0.2620417756807438,-0.8372796737502023,-0.2565062496806261,0.06626280555768939,0.10326703413567208
W02000428,964.3,0.887909604519774,0.34630520332313075,0.11513930849278281,52.49474023185917,0.5062845172348124,-0.28030370136686567,0.9167031937651141,1.0692870385896194,0.5930776748299936,0.3598196319578372,-0.35884543086154397
