area_id,pop_density,age_adult_mean,female_adult_share,caraccess_adult_share,scaled_pop_density,scaled_age_adult_mean,scaled_female_adult_share,scaled_caraccess_adult_share
W02000001,62.8,53.79872910623014,0.5062767475035663,0.9042796005706134,-0.7385763534300872,0.6562949398195984,-0.7414698540956415,0.6195734354043774
W02000002,53.1,57.52071629213483,0.5122085551679824,0.9322562878648798,-0.7435072959980442,1.502527080665835,-0.2874700442487385,1.001746026571443
W02000003,2298.2,49.32469512195122,0.5185095572223566,0.7528429712073554,0.39777715341641895,-0.3609227902879013,0.19478661280564458,-1.4491106955157225
W02000004,99.2,55.722714766126565,0.5165891969866966,0.935085750921622,-0.7200726101853825,1.0937329057796734,0.04780895756957846,1.0403976087488758
W02000005,100.0,57.866020984665056,0.523094688221709,0.9223441108545035,-0.7196659345096746,1.581035660789568,0.5457165012301496,0.8663417761569033
W02000006,152.4,51.497051682275405,0.51699334652041,0.8796978960618593,-0.6930286777508141,0.13298485928334985,0.07874114921096886,0.28377764912702874
W02000007,68.5,52.10606060606061,0.5122800586510264,0.9307184750733137,-0.7356787892406691,0.2714493137878993,-0.28199741776758336,0.9807388968458624
W02000008,831.4,55.026785714285715,0.5204348701429434,0.902154217837729,-0.34786269799382313,0.9355062644718721,0.34214332922208335,0.590539868359624
W02000009,55.9,54.42075716136462,0.5101140684410647,0.9440304182509506,-0.7420839311330668,0.797719427995241,-0.4477747320510377,1.1625852950328577
W02000010,3111.9,32.98196517412935,0.5007067137809187,0.6893992932862191,0.81141715007071,-4.076610851598534,-1.167780751883629,-2.315776377884005
W02000011,1265.2,47.21250732278852,0.5214395099540582,0.8248085758039816,-0.12734281284127125,-0.841150451985318,0.41903494624918936,-0.46603213105560104
W02000012,72.3,50.10968307287863,0.5144157814871017,0.8915022761760243,-0.7337470797810571,-0.18244769054347873,-0.11853666240958036,0.445030140814133
W02000013,206.1,51.063853211009175,0.5123729138691733,0.9265298292729715,-0.6657305730189285,0.03449272284096322,-0.27489060416760014,0.923520341905445
W02000014,72.5,50.38761588245583,0.5083484573502722,0.914519056261343,-0.7336454108621301,-0.11925680225922562,-0.5829084290338207,0.7594484417732863
W02000015,1378.1,50.40181008475794,0.5226618159769593,0.8099135970895862,-0.06995070810700874,-0.11602960409819883,0.5125859737548061,-0.6695034195174554
W02000016,77.4,52.68874656907594,0.5146164410437513,0.8907200313910143,-0.7311545223484198,0.40392897191000554,-0.10317888182789085,0.43434436828968337
W02000017,63.9,52.36042125117888,0.5150130548302873,0.9130221932114883,-0.7380171743759889,0.3292808275772577,-0.07282344991627179,0.7390007016828266
W02000018,28.2,52.40652131969902,0.4994930034475766,0.8552017846278646,-0.7561650764044493,0.33976215320478637,-1.2606738953771455,-0.05084890196451484
W02000019,28.5,56.453566621803496,0.5047549378200439,0.8802121433796635,-0.7560125730260588,1.2598996064102144,-0.8579438441555304,0.2908024704676955
W02000020,46.4,56.06531963072636,0.5208451235615922,0.9241652518392756,-0.7469132047820969,1.1716276522023823,0.3735426908657337,0.8912192808346465
W02000021,101.5,53.66696415290793,0.5059974747474747,0.8702651515151515,-0.7189034176177226,0.6263368198774804,-0.7628444139826069,0.1549226354038297
W02000022,31.1,57.06888265919103,0.5151450963778861,0.9063757678457954,-0.7546908770800086,1.3997980481854548,-0.06271745172934984,0.6482079077652312
W02000023,32.9,55.85481798715203,0.5039619651347068,0.9375141498754811,-0.753775856809666,1.1237679343698892,-0.9186351997631061,1.0735704969762072
W02000024,10.2,53.699858040965324,0.5025521054870268,0.9038706933219907,-0.7653152791078747,0.6338155842904748,-1.0265409256680897,0.6139876009876922
W02000025,24.8,54.86845983787767,0.512492622467047,0.8467440487900846,-0.7578934480262074,0.8995092449626368,-0.26572852681338677,-0.1663849118763591
W02000026,25.6,58.68273525334976,0.5110630510730327,0.8747296622858094,-0.7574867723504997,1.766724065807743,-0.3751429208333463,0.21590961472590547
W02000027,1260.9,55.65333503705597,0.5106898517673888,0.7222063854047891,-0.12952869459820063,1.0779587094350203,-0.403706290278675,-1.8676185501993783
W02000028,1371.1,55.485617021276596,0.5375342465753424,0.8054794520547945,-0.07350912026945194,1.0398262902561073,1.6508697896869837,-0.7300755909018855
W02000029,679.5,58.27014303820388,0.5236479744561964,0.9315505887048493,-0.4250802419188407,1.6729169740365424,0.5880630942855903,0.9921058974976715
W02000030,2858.6,59.68804664723032,0.5334928229665071,0.8470893141945773,0.6826534642497294,1.995291970684578,1.3415533631061425,-0.16166845017067372
W02000031,784.0,54.540803382663846,0.5171803568795162,0.8898392567467925,-0.37195823177951,0.8250131734533821,0.09305426795603089,0.4223126389975071
W02000032,1649.5,56.862802446157936,0.5331045331045331,0.9077649077649078,0.06801401487686076,1.3529435881482268,1.3118350152643559,0.667184107370164
W02000033,3533.4,51.60931174089069,0.501384530182758,0.7625992246630977,1.0256843967092546,0.15850834042087159,-1.115903055411412,-1.3158364224023433
W02000034,949.8,53.64999251160701,0.5138103698917784,0.8916168631884994,-0.28767469798906947,0.6224781423392715,-0.1648727482548246,0.4465954446333843
W02000035,711.1,51.50554803788904,0.5258547612319865,0.8736931336535745,-0.4090165527283828,0.13491659328489278,0.7569628350158057,0.20175022447953936
W02000036,674.4,56.997130701494015,0.5285714285714286,0.8591534391534391,-0.4276727993514779,1.3834845012173729,0.9648870505838137,0.0031322586193330147
W02000037,310.9,51.059057730590574,0.5144271811507598,0.8857777018951681,-0.6124560595012073,0.03340242095158899,-0.11766417202791035,0.3668301965808675
W02000038,75.8,54.59489516864175,0.5243716679360244,0.9004188880426505,-0.7319678736998355,0.8373114983975479,0.6434520618342738,0.5668345784037798
W02000039,236.4,53.22652910832719,0.5182504235330356,0.8672416448482981,-0.6503277318014956,0.5261993739209939,0.17495342664514515,0.11362034092098511
W02000040,14.1,54.08188976377953,0.497643219724438,0.9592095721537346,-0.7633327351887992,0.7206744332119711,-1.4022498712134246,1.3699385287353885
W02000041,19.2,53.88010273046769,0.5081595004966653,0.913154533844189,-0.760740177756162,0.6747960718244957,-0.5973705256593497,0.7408085269619222
W02000042,3145.3,55.79571150097466,0.5287990196078431,0.8574346405228758,0.8283958595315105,1.110329465660165,0.9823060724234647,-0.02034720910418906
W02000043,809.5,53.938704028021014,0.5333488264001859,0.8298861259586335,-0.358995444616324,0.6881196806947026,1.3305323696035003,-0.39667079177431447
W02000044,2511.7,56.024096385542165,0.5342710426434472,0.8912703728510828,0.5063087243709368,1.1622551226147049,1.4011155750553517,0.4418622498604634
W02000045,3389.0,52.59465096307201,0.49648421342892596,0.7032951881979871,0.9522794372439976,0.382535366253738,-1.490956158999919,-2.1259529685161636
W02000047,3024.2,46.147710843373495,0.5369373776908023,0.7213796477495108,0.7668353291212429,-1.083242904037082,1.6051875330436487,-1.878912112893552
W02000049,122.9,52.46442617089739,0.5152919369786839,0.9204819277108434,-0.708024843292539,0.3529274178194928,-0.051478785775977906,0.8409036193889258
W02000050,210.2,52.67944757405052,0.5292213972967827,0.9057681324957167,-0.6636463601809259,0.4018147495671994,1.0146333833058603,0.6399073690423399
W02000051,165.8,55.15277190012696,0.5198440009176417,0.9070887818306951,-0.6862168601827086,0.9641505220784635,0.2969202655107325,0.6579479602339628
W02000052,269.0,50.32274368231047,0.5186136071887034,0.7853658536585366,-0.633755698016403,-0.13400616545378893,0.20275023327490138,-1.0048352840685242
W02000053,49.9,53.73146440427887,0.5143522110162917,0.9328937160589604,-0.7451339987008753,0.6410016166853397,-0.12340212388310925,1.0104535473029868
W02000054,38.4,54.584504437869825,0.5020511818714593,0.9583903106075405,-0.7509799615391749,0.8349490586827145,-1.0648798670298827,1.3587470926422138
W02000055,697.3,53.02358682391216,0.5203323130738959,0.8874070835155226,-0.41603170813434226,0.4800583542906392,0.33429396989013316,0.3890881926509905
W02000056,28.4,53.1209695860965,0.504003768252473,0.9415920866698069,-0.7560634074855223,0.5021993287778316,-0.9154357353518301,1.129276723196293
W02000057,30.1,55.815808297567955,0.5023166023166024,0.8915057915057915,-0.7551992216746434,1.1148986794580251,-1.0445655145691117,0.4450781616062945
W02000058,158.0,54.30328596802842,0.5205228158679202,0.9183673469387755,-0.6901819480208595,0.7710111416795017,0.34887438738767396,0.8120176113925881
W02000059,183.2,51.917848055252634,0.5028100412139378,0.9093293368302735,-0.677371664236064,0.22865725087926508,-1.0067994273601109,0.6885548259016039
W02000060,659.3,49.84673338580906,0.5110484250117536,0.8446168312176775,-0.4353488027304625,-0.24223201152835755,-0.37626234840335315,-0.19544354355322457
W02000061,651.1,47.99489633173844,0.5184939459280146,0.7812240835959529,-0.4395172284064674,-0.6632662484809132,0.19359177894323554,-1.0614134979287553
W02000062,677.4,51.473744510215774,0.5145728643216081,0.9312562814070352,-0.42614776556757367,0.12768573354111562,-0.10651409171431885,0.9880855436429804
W02000063,70.7,54.96574585635359,0.514916810097533,0.9558232931726908,-0.7345604311324726,0.921628223770801,-0.08018968510817191,1.3236806212502048
W02000064,581.5,47.96052112120016,0.5140546006066734,0.8198179979777553,-0.47489801219304556,-0.671081806824588,-0.14618018362798182,-0.5342053940015921
W02000065,1073.9,49.62763695829926,0.507404914170313,0.9185459441265568,-0.2245891337948977,-0.29204584205564127,-0.6551239236213408,0.8144573194720894
W02000066,440.6,48.907764013246656,0.506234096692112,0.8040712468193384,-0.5465237655770809,-0.45571637422086214,-0.7447341980166798,-0.7493122302533787
W02000067,842.9,51.555321020228675,0.5151349380014588,0.9527716994894238,-0.34201673515552355,0.1462329937177254,-0.06349493832824879,1.2819946470368742
W02000068,606.8,51.10223996451541,0.506218332565638,0.8625057577153386,-0.46203689394878655,0.0432203468163329,-0.7459407291158789,0.04892625337442771
W02000069,420.1,52.82220986281053,0.5203533026113671,0.9468125960061444,-0.5569448297670931,0.4342732270458444,0.33590043566916816,1.2005909413270746
W02000070,949.7,52.21757877280265,0.5152034750800183,0.9458161865569273,-0.2877255324485329,0.29680411816303304,-0.05824935007020035,1.1869795949562452
W02000071,1060.1,53.89387290752479,0.5147407658420874,0.9400203320908167,-0.23160428920085727,0.6779268634765971,-0.09366349663722595,1.1078059352572764
W02000072,734.2,48.144366197183096,0.5180175420057065,0.8924231216316179,-0.39727379259232015,-0.6292827343231429,0.15712948913642694,0.4576092532060685
W02000073,1590.5,52.5476795197414,0.5235151515151515,0.8631515151515151,0.03802168379341088,0.3718559245837527,0.5778972909775323,0.05774755484065157
W02000074,1749.2,50.58224040428348,0.5174360260913197,0.8829653788258907,0.11869597096194473,-0.0750069116655389,0.11262229512568596,0.32841275339755827
W02000075,361.8,51.11611329956856,0.5202859350850078,0.9613601236476044,-0.5865813196342988,0.04637459250185346,0.330744360845554,1.3993159109896076
W02000076,141.6,53.62204107226838,0.5117029862792575,0.9389830508474576,-0.6985187993728694,0.6161230945731646,-0.3261645185693592,1.0936362640458892
W02000077,180.8,52.908151549942595,0.5206060606060606,0.9315151515151515,-0.6785916912631874,0.45381295522253506,0.3552456484643346,0.9916218114989244
W02000080,1169.7,49.436679174484055,0.5158616292045274,0.8871353419416547,-0.17588972162888927,-0.3354620619773973,-0.007876535528429712,0.3853760954923612
W02000081,1529.9,49.75410176531672,0.5217877094972067,0.8677094972067039,0.007216001358545453,-0.2632927649925682,0.4456849213194353,0.12001138880363375
W02000082,1633.9,48.1675527630095,0.5263418662262593,0.8705202312138728,0.060083839200558806,-0.6240110296508486,0.794244147439667,0.15840712477131855
W02000083,702.3,49.16993830622546,0.5145744836677897,0.8858942434451442,-0.4134899851611685,-0.39610834707275777,-0.10639015262186831,0.36842220015386085
W02000085,3270.3,53.09942182001006,0.5085161466139801,0.8558386701185448,0.8919389338608535,0.4973002221138327,-0.5700740793475593,-0.042148794775632575
W02000087,4890.9,46.076713925033985,0.5320345450893754,0.6611769431612774,1.715762183925919,-1.0993847850267462,1.229941875280379,-2.701304820284103
W02000088,2082.7,47.194677114293434,0.4942381562099872,0.7793427230046949,0.2882288932726317,-0.8452043336224366,-1.6628615220851963,-1.0871136262004832
W02000089,4093.5,47.007105300554215,0.5051485731097382,0.7434539570461901,1.3104082041641745,-0.8878507183558566,-0.827816375973734,-1.5773683349115135
W02000090,167.2,50.755564977740086,0.5138949196699957,0.8983933999131567,-0.6855051777502199,-0.03559978382455691,-0.15840160397556857,0.5391656110709172
W02000091,809.3,51.40821347464043,0.5151395988989382,0.902084152575698,-0.359097113535251,0.11278657732241472,-0.0631382095384629,0.5895827492246977
W02000092,447.8,49.64880740477038,0.5278400597907325,0.8238041853512705,-0.5428636844957109,-0.28723252289436907,0.9089106423540144,-0.479752501084354
W02000093,107.7,50.89300635785649,0.5115370301451433,0.9050986229996278,-0.7157516811309871,-0.004351069756644852,-0.33886622057880644,0.6307616050624962
W02000094,665.6,50.05319440636139,0.5120079579366207,0.8223674861446639,-0.4321462317842636,-0.19529097097750675,-0.30282305467089654,-0.49937837932866785
W02000095,53.2,54.84713261648746,0.5159069767441861,0.9560930232558139,-0.7434564615385807,0.894660281407982,-0.004405793463482398,1.327365240651302
W02000096,48.7,53.38605656638443,0.5204101006265426,0.9077273590279096,-0.745744012214437,0.5624695854001674,0.3402475570777094,0.6666711768018402
W02000097,17.6,55.68271334792122,0.49623099527277376,0.9543886546569567,-0.7615535291075776,1.0846381711462534,-1.5103365909435431,1.3040828928565882
W02000098,52.0,54.768301478543094,0.5093167701863354,0.9527573875399963,-0.7440664750521424,0.876737209861515,-0.5087971516095455,1.2817991401586002
W02000099,170.2,52.32826274848747,0.5169082125603864,0.8206986250464511,-0.6839801439663157,0.321969260605179,0.07222529369966293,-0.522175680649351
W02000100,12.2,55.07494529540482,0.5050524308865586,0.9090562440419447,-0.7642985899186051,0.946455841511528,-0.835174765441352,0.6848242706200988
W02000101,43.3,55.20618766537757,0.5063775510204082,0.9572704081632653,-0.7484890730254646,0.9762951467440583,-0.7337547055157869,1.3434487832147524
W02000102,23.4,54.520611826151836,0.5056785370548604,0.9507218479307026,-0.758605130458696,0.8204224150115249,-0.787254789367585,1.2539928656442334
W02000103,30.5,55.184251660805,0.5075025693730729,0.9642343268242549,-0.7549958838367894,0.9713077700595403,-0.6476497359888693,1.4385786608644389
W02000104,267.3,52.87357169185404,0.5022222222222222,0.8208695652173913,-0.6346198838272821,0.44595086814946394,-1.051789036862147,-0.5198405704422125
W02000105,1324.4,47.112282422162295,0.5261261261261261,0.7943371943371943,-0.09724881283889439,-0.8639376159347862,0.7777321548097623,-0.8822832293044215
W02000106,17.6,55.66228761604484,0.503013698630137,0.9278538812785389,-0.7615535291075776,1.0799941705221894,-0.991212201094666,0.9416074149203887
W02000107,18.6,56.6168468981218,0.5067712045616536,0.9333570919458304,-0.7610451845129429,1.2970230597928778,-0.7036258404241067,1.0167834448175408
W02000108,16.4,56.93972347366786,0.5127910790423089,0.9340767464742539,-0.7621635426211392,1.3704323764042226,-0.2428857045099392,1.0266142097319086
W02000109,441.3,55.17693079237713,0.5043906618119511,0.8387234953951596,-0.5461679243608366,0.9696432951827767,-0.8858242556189686,-0.27594883705775464
W02000110,11.7,55.22484718321493,0.5116117850953206,0.9251299826689775,-0.7645527622159225,0.980537580405966,-0.33314473817653756,0.9043978847589755
W02000111,26.1,55.82559531728083,0.521309192200557,0.9288300835654596,-0.7572326000531823,1.1171238592424946,0.4090608812328688,0.9549427234782456
W02000113,744.1,52.20845501321096,0.5319247378161629,0.8522516964836521,-0.3922411811054362,0.29472973740184033,1.2215376106820255,-0.09114827044893113
W02000114,29.1,57.344866250200226,0.5167932489451477,0.9470042194092827,-0.755707566269278,1.46254576154207,0.06342638071891757,1.2032085926499536
W02000116,38.1,54.08023635515472,0.5182996881667488,0.9197439684884293,-0.7511324649175654,0.720298513723165,0.17872396938747134,0.8308228051295689
W02000117,1549.8,34.04220893422441,0.48571914314858894,0.6429785787147229,0.017332058791776784,-3.8355535071987776,-2.314876983267355,-2.9499016617324365
W02000118,1132.6,46.280072463768114,0.5161356628982529,0.8110996916752312,-0.19474930608983834,-1.0531491256875496,0.01309704485067332,-0.6533008993120673
W02000120,43.8,56.008951005025125,0.5094868833525821,0.9186602870813397,-0.7482349007281474,1.1588116642848636,-0.49577728490149975,0.8160192893669334
W02000122,37.6,56.8769987699877,0.51437465665629,0.9364585240798389,-0.7513866372148827,1.3561712686604284,-0.12168421310993016,1.0591502319398223
W02000123,33.7,54.13184855233853,0.5104133290611983,0.9074014738865748,-0.7533691811339581,0.7320330786034633,-0.42487037096556884,0.6622194571405101
W02000124,112.9,55.86867501304121,0.5250655986742163,0.8639690650462644,-0.7131082892388865,1.12691847199892,0.6965630932448078,0.0689156090994814
W02000125,41.4,56.521889055472265,0.5139328689043698,0.9466434452184928,-0.7494549277552707,1.2754334157501017,-0.15549710231866865,1.1982802748019483
W02000126,28.8,54.79862764318723,0.5105026799942054,0.9514703751991888,-0.7558600696476685,0.8836321758967691,-0.41803176309259055,1.2642180435842676
W02000127,48.9,55.831266973668676,0.5161572052401747,0.9019338739862758,-0.74564234329551,1.1184133687672475,0.014745820348714795,0.5875298843764647
W02000128,34.9,55.05520334003402,0.5079444723197859,0.9351062050510118,-0.7527591676203964,0.9419673045221508,-0.613828030173627,1.0406770202298254
W02000129,31.4,54.96984357361716,0.5187880839539607,0.956668923493568,-0.754538373701618,0.9225598820166071,0.21610407458784398,1.3352322652136177
W02000130,1666.9,48.06243154435926,0.5209625869524347,0.7668734724572288,0.07685921082350534,-0.64791142195839,0.38253292792725885,-1.2574485104386572
W02000131,726.6,51.91626990641931,0.5343392299687825,0.8740894901144641,-0.40113721151154424,0.22829844247958658,1.40633439442502,0.20716461018184684
W02000132,45.0,54.809024979854954,0.5166580355601588,0.9345762126704643,-0.7476248872145856,0.8859961175300843,0.05307762119288552,1.033437115117323
W02000133,44.9,55.65111141792075,0.517910447761194,0.9467164179104478,-0.747675721674049,1.0774531467107997,0.1489328702649084,1.1992771105772337
W02000134,175.1,53.89361997226075,0.5225068750904617,0.9361702127659575,-0.6814892554526055,0.6778693560378849,0.5007273402678518,1.055211785592337
W02000135,809.5,51.639277578913116,0.5210240759579519,0.8255340793489319,-0.358995444616324,0.16532138248560577,0.38723908132800594,-0.45612146626680167
W02000136,116.9,57.69016133298069,0.5160233584959407,0.92850021364478,-0.7110749108603475,1.5410521567901692,0.004501658725708822,0.950436570158226
W02000137,1183.3,50.42638436482085,0.5183804844994071,0.8333050991021514,-0.1689762351418568,-0.11044238829419427,0.18490783807277275,-0.3499662691249644
W02000138,1532.8,50.21209487147647,0.5107290589451913,0.8403567735263702,0.008690200682986142,-0.15916331280473742,-0.4007055100319149,-0.2536376131113374
W02000139,97.9,56.69641040546432,0.5174311926605505,0.9435779816513762,-0.7207334581584076,1.3151126430688962,0.11225236124140317,1.1564048325006264
W02000140,72.8,51.685191347753744,0.5216188170183328,0.860774818401937,-0.7334929074837397,0.17576035096122644,0.432758481753082,0.025280939131265997
W02000141,215.8,57.10451710451711,0.528961522548614,0.8276789408357468,-0.6607996304509713,1.407899906534229,0.9947434790932864,-0.42682181175486467
W02000142,34.7,54.14154035231463,0.504424778761062,0.9253183682279301,-0.7528608365393235,0.7342366091995612,-0.8832130636712282,0.9069713058522633
W02000143,13.7,55.63150492264416,0.5068285280728376,0.9319314979406026,-0.763536073026653,1.0729954079697224,-0.6992384993891927,0.997309268007415
W02000144,32.8,55.581607169090645,0.5102230483271375,0.9385068153655515,-0.7538266912691295,1.0616506395156777,-0.43943379277025013,1.087130699387308
W02000145,22.1,55.63891960195862,0.5127811860940695,0.9320040899795501,-0.7592659784317213,1.0746812117182478,-0.2436428761637759,0.998300903912369
W02000146,25.0,55.04005548812207,0.5082437275985663,0.9603942652329749,-0.7577917791072805,0.9385232842952103,-0.5909240778966524,1.3861219038100974
W02000147,66.0,49.38462629414268,0.5273273273273273,0.9016516516516516,-0.7369496507272559,-0.3472968207146955,0.8696678930847376,0.5836746158890251
W02000148,942.4,49.854520422212026,0.5246328754144955,0.8211747986736144,-0.2914364479893666,-0.2404615485587146,0.6634439685624499,-0.5156709609509709
W02000149,216.9,54.516620498614955,0.5224971878515186,0.8061492313460817,-0.660240451396873,0.8195149455664005,0.49998591288400346,-0.7209261414131417
W02000151,124.5,52.17164775451494,0.5104512276045122,0.8855341738553417,-0.7072114919411234,0.28636122784786683,-0.42196974902510803,0.36350350743345833
W02000152,250.5,54.263355704697986,0.5235353389952497,0.9090254786238664,-0.6431600730171457,0.7619325848401253,0.5794423700907462,0.6844040028656765
W02000153,59.8,54.714285714285715,0.5109248316613989,0.9437955201319225,-0.7401013872139914,0.8644561692388949,-0.385721751124043,1.1593764940098845
W02000154,549.1,52.540212670360944,0.5182033096926714,0.8655634357762018,-0.49136837705921127,0.37015825943312314,0.171347498102511,0.09069534258729783
W02000156,184.7,51.60196353436185,0.5160349854227405,0.9272594752186589,-0.6766091473441118,0.15683764994514174,0.005391543033299291,0.9334875935233689
W02000157,189.8,52.28283774291735,0.5156517485937883,0.9370261677671803,-0.6740165899114747,0.31164141749569,-0.023940063335933837,1.066904468764543
W02000158,224.1,51.24084507042254,0.5161624533775383,0.935764608371322,-0.656580370315503,0.07473364593466288,0.015147494425136403,1.049671069464794
W02000159,196.3,52.9017617770969,0.5260230433055224,0.8839888756456099,-0.6707123500463489,0.45236017452108346,0.7698425562927212,0.3423941239411508
W02000160,342.5,54.05243161094225,0.5244565217391305,0.9229539641943734,-0.5963923703107493,0.713976818605647,0.6499464751150758,0.8746726134958085
W02000161,1082.6,51.46815795480484,0.5238912031364862,0.8637588826268071,-0.22016653582157553,0.12641557260040742,0.6066789666887555,0.06604443428822336
W02000162,198.1,55.04912858515164,0.5241171403962102,0.8847258110824002,-0.6697973297760064,0.9405861464008393,0.6239714142452312,0.3524609528847874
W02000163,3350.1,51.33088725817211,0.5203021718602455,0.8413597733711048,0.9325048325127059,0.0952056651813601,0.33198706682786233,-0.23993623933643188
W02000164,502.5,52.28512014787431,0.5146074751101681,0.8803655949077852,-0.5150572351691903,0.31216034578225665,-0.10386510302252908,0.29289867891096066
W02000165,2818.1,50.042010640249494,0.5206086286594761,0.8152927580893683,0.6620655081670223,-0.19783371544891065,0.35544219828999674,-0.5960219570423446
W02000166,919.1,48.83149096791588,0.5177601337233598,0.8817384036773924,-0.3032808770443561,-0.47305783705113597,0.13742835959046304,0.31165178856755615
W02000167,2212.0,48.789956485946135,0.5091575091575091,0.7644688644688644,0.3539578493589041,-0.48250112952922547,-0.520986433678969,-1.290296404686758
W02000168,418.2,50.09319526627219,0.5142857142857142,0.8862934362934363,-0.5579106844968992,-0.18619636327810463,-0.12849155104351925,0.3738753320276405
W02000169,137.8,51.650513186955955,0.5181291279148134,0.8828683110931392,-0.7004505088324814,0.16787591375422678,0.1656698843046678,0.32708676985439855
W02000170,1689.1,51.586779071323434,0.5223901289338694,0.8673228892277832,0.08814446082439657,0.15338530580133025,0.49179199780703436,0.11473017121286319
W02000171,365.2,49.37908777969019,0.5191883546537274,0.9392736362299662,-0.5848529480125406,-0.34855605904845094,0.2467393938466731,1.0976057750684234
W02000172,938.7,50.02134359692092,0.5167597765363129,0.8724799611367501,-0.2933173229895151,-0.20253258071828384,0.0608645196293768,0.1851778090462628
W02000173,870.5,47.80261927034612,0.5114528271664264,0.9195899407336217,-0.32798642434360464,-0.7069824197546449,-0.3453108220373717,0.8287187252023306
W02000174,1290.1,51.862660944206006,0.5259896294422663,0.9142531933729606,-0.11468503243486619,0.21610989249367848,0.7672851760769898,0.7558166497787754
W02000175,3329.7,49.78297400126823,0.5203007518796993,0.7762740183792816,0.9221346027821571,-0.256728364627948,0.331878386483782,-1.1290333426374224
W02000176,2504.2,52.66917095030974,0.5216554379210779,0.8234566203767358,0.5024961399111761,0.39947825326174075,0.4355613175534491,-0.48450037582447963
W02000177,1075.5,49.23627230209596,0.5245667321779525,0.8933357155619082,-0.22377578244348215,-0.3810266295566522,0.6583815965989493,0.4700756465053874
W02000178,2637.4,44.733793517406966,0.5383092155369383,0.7214013709063214,0.5702076399165241,-1.4047115781538129,1.7101832032543853,-1.8786153659971339
W02000179,743.2,52.92702273929138,0.5221684053651267,0.922876304023845,-0.39269869124060747,0.4581035145837857,0.4748220514192523,0.873611744913009
W02000180,2377.0,48.07035175879397,0.5322839704465147,0.814005782203662,0.43783470747363684,-0.6461106795908639,1.2490320196543294,-0.6136025556256047
W02000181,874.1,48.97687678175483,0.5225225225225225,0.8215196328403875,-0.32615638380291956,-0.440002874111036,0.5019249399848535,-0.5109603901227505
W02000182,5005.7,49.35860880463732,0.515008924225215,0.8137270809670615,1.7741201433899876,-0.3532121650573469,-0.0731395919801124,-0.617409724524223
W02000183,3553.4,44.822524809600736,0.488408439697838,0.7155509247199792,1.0358512886019495,-1.3845376045201727,-2.109047632240817,-1.95853477014246
W02000184,1408.7,50.938199345842655,0.514367816091954,0.8477011494252874,-0.05439536351118551,0.005924021764249962,-0.12220776597669085,-0.1533105394206155
W02000185,223.1,54.8836739276892,0.52346316283435,0.9263256687001408,-0.6570887149101378,0.9029683250586119,0.5739182591994708,0.9207314278959996
W02000186,4887.4,44.94650521152667,0.5434680817855471,0.6474168877789918,1.7139829778446973,-1.3563493825558195,2.1050247807964215,-2.889272608061756
W02000188,1345.9,45.49722870478413,0.4876773711725168,0.7492158327109784,-0.0863194040542474,-1.2311367212982827,-2.1650010599744762,-1.4986588390504407
W02000189,2861.2,53.82779080999034,0.5219123505976095,0.8393094289508632,0.6839751601957796,0.6629024176429414,0.45522451516390144,-0.2679447534119792
W02000191,5480.3,43.188819095477385,0.4753167898627244,0.7998944033790919,2.015380488003637,-1.755977433547767,-3.1110367175205953,-0.8063695602963573
W02000192,4250.6,42.0659868729489,0.43591825686831775,0.5579916091487346,1.3902691399812928,-2.0112649098399413,-6.12646262133207,-4.110857211359885
W02000193,8393.9,37.187432286023835,0.45820745216515607,0.7150050352467271,3.4964932989314264,-3.1204545674409125,-4.420525578378186,-1.9659918358160764
W02000194,1668.1,49.86858760826116,0.5102085143353605,0.9016072980017377,0.07746922433706695,-0.23726322885167184,-0.44054617366261234,0.5830687275242935
W02000195,552.3,59.00208530805687,0.531723291035612,0.9224314367580844,-0.4897416743563801,1.8393315915664519,1.2061195787365508,0.8675346824683785
W02000196,2529.1,56.15439599714082,0.5323411562678878,0.8586147681740126,0.5151539203175813,1.191880082015998,1.2534088223927413,-0.0042261995794015605
W02000197,48.6,58.685620557681794,0.515484123872991,0.9462955703645629,-0.7457948466739006,1.7673800694799575,-0.0367694731335753,1.193528166986972
W02000198,1644.9,58.09120961682945,0.5262555210207754,0.9065925077703255,0.06567562974154098,1.6322346168236936,0.7876355874376226,0.6511686606841085
W02000200,116.1,52.48167659184608,0.5150214592274678,0.885312350977587,-0.7114815865360553,0.356849478783376,-0.07218020675369813,0.3604733193672308
W02000201,129.4,52.70206162713367,0.515621383938903,0.8539689886600323,-0.7047206034274132,0.40695628756771657,-0.02626406780874794,-0.0676893814841649
W02000202,241.5,51.23977272727273,0.5154075546719682,0.8933399602385685,-0.6477351743688584,0.07448983766933079,-0.0426298119495202,0.470133630463992
W02000204,621.0,53.97936210131332,0.5195082843399251,0.9226794940317121,-0.4548184007049732,0.6973637126288074,0.2712256929506516,0.8709232427372559
W02000205,716.7,53.71574601926479,0.525103734439834,0.8620331950207469,-0.4061698229984282,0.637427879878432,0.699481871350625,0.04247086044025493
W02000206,3119.2,52.38749350424389,0.5101401179941003,0.7035398230088495,0.8151280656115436,0.33543598328426744,-0.44578099038005853,-2.1226111604395466
W02000207,484.9,53.691468470434216,0.5213129701390472,0.9174834739001596,-0.5240041000347618,0.631908128977838,0.409350031430107,0.7999435568100148
W02000208,788.8,43.505219399538106,0.5100330500472143,0.8813739376770539,-0.3695181777252632,-1.6840405639949438,-0.4539755965232293,0.3066730391439161
W02000210,2252.7,49.00912879539591,0.5228241022519781,0.8210590383444918,0.3746474743605381,-0.43267004646094376,0.5250067975858413,-0.517252292738749
W02000211,847.7,49.65578589108911,0.511899057658521,0.7840600543044242,-0.33957668110127676,-0.2856458921182803,-0.3111579010358825,-1.0226730186600572
W02000212,179.2,50.77052438465066,0.5144336366488861,0.8710385942893003,-0.679405042614603,-0.03219860851055569,-0.11717009078192206,0.16548816898565852
W02000213,748.4,52.69583048530417,0.5186699857752489,0.9057610241820768,-0.39005529934850686,0.40553957326244827,0.20706525308322066,0.6398102666722836
W02000214,3293.8,51.33123067408782,0.5353375527426161,0.8020833333333334,0.90388503183477,0.09528374432860996,1.482742527514903,-0.7764679131250314
W02000215,3487.0,49.79276399897724,0.5237782448765108,0.7664214398318444,1.0020972075182024,-0.25450250776536865,0.5980335365853666,-1.2636234545239997
W02000216,827.9,50.67959117456197,0.5034164673727366,0.8384010932695592,-0.3496419040750447,-0.05287321086780993,-0.9603856903752743,-0.2803529773493642
W02000217,128.4,50.10874079667737,0.519286683465788,0.8679976739678232,-0.7052289480220479,-0.18266192674775272,0.25426513717880944,0.12394799710727986
W02000218,457.6,48.99128014842301,0.5155185465556397,0.7857683573050719,-0.5378819074682902,-0.43672812027599783,-0.034134881410271246,-0.999336925383931
W02000219,1139.7,50.94789806849538,0.5200870438567124,0.8230666220287914,-0.19114005946793158,0.008129126302215153,0.3155219219306915,-0.4898279071943331
W02000220,207.5,49.893265183403486,0.5190565448297407,0.8484848484848485,-0.6650188905864397,-0.2316525278469317,0.23665113097448515,-0.14260490093177836
W02000221,248.8,48.49413443246671,0.5129366106080206,0.8365135834411385,-0.6440242588280248,-0.5497593217587555,-0.23174722752320218,-0.30613710662791216
W02000222,310.9,52.85327608736233,0.5133919843597263,0.8772238514173998,-0.6124560595012073,0.4413364533272347,-0.19689451341316,0.24998122274920367
W02000223,423.2,50.28754182247589,0.5195071868583162,0.8774127310061601,-0.5553689615237255,-0.1420096710333882,0.27114169554717016,0.2525613924846643
W02000224,628.8,48.54042473919523,0.5179623645694735,0.8639042007222961,-0.45085331286682223,-0.5392347435141948,0.152906401171543,0.068029536831364
W02000225,829.3,50.526679306608884,0.5213256887148651,0.8530275485946022,-0.3489302216425561,-0.08763929976483154,0.41032346673507664,-0.08054982437540312
W02000226,417.6,51.60075196804136,0.5124667150810942,0.9127329944323408,-0.55821569125368,0.15656218785729517,-0.2677113875131263,0.7350501322095142
W02000227,446.1,49.485009993337776,0.5241025641025641,0.8423931623931624,-0.5437278703065898,-0.3244735522742145,0.6228557957157738,-0.22581973740432848
W02000228,1615.2,44.57938856015779,0.5180461982675649,0.931665062560154,0.05057779528088907,-1.439817136288206,0.15932273918273224,0.9936696555453105
W02000229,2887.9,51.4261221344635,0.5112751945719417,0.8710836160447016,0.6975479608725275,0.11685829567737213,-0.3589061994806472,0.16610318393505688
W02000230,207.1,53.602012072434604,0.5150021431633091,0.9449207029575654,-0.6652222284242937,0.611569295067209,-0.0736585907390149,1.174746935531056
W02000231,3497.2,49.93440068007934,0.5058806233460746,0.764334019406057,1.0072823223834766,-0.2222999487868503,-0.7717878115128758,-1.2921384414696382
W02000232,729.7,50.20045276805927,0.5143708750266127,0.9254843517138599,-0.3995613432681765,-0.1618102649855498,-0.12197364581772016,0.9092387057856973
W02000233,4449.5,49.28475777865301,0.5199349064279902,0.8598454027664768,1.4913788798541432,-0.3700029568309097,0.30387785529568795,0.012584754699601146
W02000234,3815.3,49.63383027522936,0.5194697597348799,0.922831104272695,1.1689867379367886,-0.29063772763102935,0.2682771544351662,0.8729942984714264
W02000235,1307.7,58.86098498078938,0.5232438016528925,0.8890754132231405,-0.10573816756929463,1.8072509781592223,0.5571291216711393,0.4118782349664018
W02000236,1086.0,55.790512575612865,0.519334229993275,0.8705447209145931,-0.21843816419981735,1.1091474364055578,0.2579041820803323,0.15874166374953105
W02000237,88.4,54.25638563472249,0.5136363636363637,0.9553359683794467,-0.7255627318074377,0.7603478676063992,-0.17819057839020963,1.3170235722216654
W02000238,152.3,58.03404550981414,0.5306008902077152,0.9362017804154302,-0.6930795122102776,1.6192377680321868,1.1202149453995676,1.0556430121442575
W02000239,74.0,53.134502923976605,0.5142169399729201,0.9559199638934858,-0.732882893970178,0.5052762726024764,-0.13375529638007339,1.3250011814533347
W02000240,2620.7,51.13187702265372,0.5281719825769284,0.8859069832794717,0.5617182851861238,0.04995863738641902,0.9343148513813591,0.3685962313193366
W02000241,4574.2,53.69051655928563,0.5132075471698113,0.8606208155812538,1.5547694508050955,0.6316917021690055,-0.21101069078897433,0.023177199814009196
W02000242,418.6,55.04309981749263,0.5272269902337969,0.9124001183782184,-0.5577073466590452,0.9392154439486465,0.8619884429136434,0.7305029139201108
W02000243,3579.4,48.071833648393195,0.5412689500280741,0.8075519371139809,1.049068248062453,-0.6457737567199846,1.9367109283918167,-0.7017646269591818
W02000244,986.5,54.43660993400486,0.535009196811772,0.9157572041692214,-0.26901845136597435,0.8013237192137884,1.4576113131197357,0.7763620309064403
W02000245,2804.7,48.2228453364817,0.517142425615466,0.864521975532397,0.6552536905989167,-0.6114396932960463,0.0901511416848638,0.07646858458032191
W02000246,1206.2,56.351261204919744,0.5135076252723312,0.9435729847494554,-0.15733514392472112,1.2366394156504064,-0.18804376246112384,1.1563365728480524
W02000247,352.1,53.06723022057852,0.5335694050991502,0.9018413597733711,-0.5915122622022557,0.48998113025683304,1.3474146916630656,0.5862661037117393
W02000248,6731.5,46.523737137511695,0.5214054442978775,0.7883439261302314,2.6514212448106282,-0.9977494512094897,0.41642768008290393,-0.9641536386249566
W02000249,5769.8,50.76240032436816,0.534740545294635,0.8126649076517151,2.162546248150395,-0.03404569733215701,1.4370496657104772,-0.6319194312641503
W02000250,367.7,49.631754294638206,0.515410199556541,0.9288248337028825,-0.5835820865259538,-0.29110972321087925,-0.04242738173582304,0.9548710082832599
W02000251,1999.2,49.14847826086957,0.5298607992815447,0.8420520880107768,0.24578211962063068,-0.4009875095247268,1.0635709746642354,-0.23047894809378466
W02000252,112.2,51.24182227519534,0.5183367416496251,0.8208588957055215,-0.7134641304551308,0.07495582350960593,0.1815599133579614,-0.5199863201857357
W02000253,645.4,50.34719618203511,0.5062285611121141,0.8326412709875429,-0.44241479259588545,-0.12844663766460354,-0.7451578719468853,-0.35903442319127804
W02000254,612.6,50.69766064554338,0.5139682049699028,0.8397900910634357,-0.45908849529990503,-0.0487649304388863,-0.15279260346430754,-0.26137871923125244
W02000255,619.3,51.21863247863248,0.5099876259501502,0.8536326674916033,-0.45568258651585225,0.06968338429608721,-0.45745219802419795,-0.07228366139482527
W02000256,594.0,49.17445104937523,0.5163308722312602,0.805656363408835,-0.46854370476011126,-0.39508232841498836,0.02803768437904345,-0.7276589119767022
W02000257,603.6,50.33647441104793,0.5185807970405246,0.8072977972086767,-0.4636635966516177,-0.13088434278366096,0.2002390592994571,-0.7052362783776458
W02000258,265.1,51.11207078154624,0.5045711797997388,0.7657814540705268,-0.6357382419354785,0.045455484372358634,-0.8720080402650621,-1.2723659126335027
W02000259,2695.9,49.17371890282798,0.5198749441715051,0.7545779365788299,0.5999457987026566,-0.3952487894770895,0.29928855392546266,-1.4254103837301522
W02000260,425.2,51.47878286069137,0.5176018775336035,0.7712822701088116,-0.5543522723344559,0.12883125444066149,0.12531598438864097,-1.197222594313771
W02000261,574.1,51.18130527599878,0.5241961158866603,0.8285577841451767,-0.47865976219334266,0.06119666012999165,0.6300159220370131,-0.41481646525826593
W02000262,915.0,50.42594692674076,0.511376964578935,0.8353272343420126,-0.3053650898823585,-0.11054184434939109,-0.3511170791252719,-0.3223431035879082
W02000263,696.3,48.187632033800654,0.5127251370399374,0.8294831636648394,-0.416540052728977,-0.6194458005247048,-0.24793267471384367,-0.40217541576149685
W02000264,827.6,48.57130657557643,0.512472647702407,0.7708971553610503,-0.3497944074534351,-0.532213439783464,-0.2672573254294808,-1.2024834137775084
W02000265,889.5,49.529136924075274,0.5177343223196224,0.7963587322993931,-0.3183278770455445,-0.31444083985425214,0.13545284503374674,-0.8546682228159852
W02000266,346.3,49.00668296658517,0.5193397799266423,0.8404468156052017,-0.5944606608511374,-0.43322613084470957,0.2583289545672239,-0.2524076027738311
W02000267,770.8,49.09454338764684,0.516287284144427,0.8122056514913658,-0.3786683804286886,-0.41325015873705795,0.024701604678997784,-0.6381930516883269
W02000268,916.2,50.387151420380505,0.5098652877942578,0.812083276636277,-0.3047550763687968,-0.11936240249821499,-0.46681553255127384,-0.6398647405116341
W02000269,1151.6,49.97996515679443,0.5158180174751431,0.8190720096414583,-0.1850907587917782,-0.21194039547533794,-0.011214424746640613,-0.544395889125776
W02000270,1028.0,50.10984915705413,0.5064019298571163,0.8732603451475227,-0.2479221506886325,-0.18240992959472432,-0.7318888346285397,0.19583816266016063
W02000271,1542.5,50.004631671812966,0.5165457842248413,0.7808250226654578,0.013621143250943178,-0.20633220910371303,0.04448629663007209,-1.0668648277533581
W02000272,803.3,50.0548951048951,0.5098639872564636,0.8393579218233059,-0.36214718110305943,-0.19490429964060205,-0.46691507116490305,-0.2672823216337053
W02000273,1414.3,40.589537905321436,0.5063181367690783,0.7273290386521308,-0.05154863378123099,-2.34695079706094,-0.7383020644882887,-1.7976410848692281
W02000274,644.6,48.96691568836713,0.5120933087783917,0.8703499079189687,-0.44282146827159324,-0.4422676313392625,-0.29629059978926847,0.15608044133432197
W02000275,408.7,50.11772825872609,0.515401650895913,0.8514193678276626,-0.5627399581459293,-0.18061853463746638,-0.04308166631804437,-0.10251820841965333
W02000276,972.7,52.27628451270799,0.5257575757575758,0.8924242424242425,-0.2760336067719338,0.31015147307822166,0.749524598748127,0.4576245636757105
W02000277,611.2,51.27962006332278,0.5089129674938833,0.8535477105907026,-0.4598001777323937,0.08354954013696798,-0.5397027972340097,-0.0734442061946166
W02000278,818.7,49.903425950903696,0.5109266943291839,0.9561549100968189,-0.3543186743456843,-0.22934237265163548,-0.3855791890471778,1.328210639326893
W02000279,1291.0,48.77025544585488,0.5250160359204619,0.8943232841565106,-0.11422752229969488,-0.48698036400817735,0.692769733437309,0.48356622331259197
W02000280,408.7,47.74274183049082,0.5150873478030704,0.9240338803599788,-0.5627399581459293,-0.7205961727275277,-0.06713732564780434,0.8894246945735854
W02000281,632.0,52.52245603015076,0.5168963254593176,0.8958333333333334,-0.449226610163991,0.3661211043036783,0.0713154965635818,0.5041940911021537
W02000282,601.2,50.29160419790105,0.5213862689186225,0.9286027637639833,-0.4648836236787411,-0.14108604811873218,0.4149600636280186,0.9518374452642815
W02000284,819.7,48.87358393408857,0.5124032025200157,0.8171676072975456,-0.3538103297510496,-0.4634875674344703,-0.2725724167783713,-0.5704107768336188
W02000285,813.6,51.43214588634436,0.5184853905784138,0.8850626118067979,-0.3569112317783215,0.11822785774071604,0.1929369824104318,0.3570617837192653
W02000286,2080.2,49.02029553142247,0.5154411764705882,0.7099264705882353,0.2869580317860448,-0.4301311739549322,-0.040056517088368,-2.0353670336202514
W02000287,952.1,49.68695025234319,0.5083493423969263,0.8670016255356879,-0.2865055054214095,-0.27856035344635344,-0.5828406906587101,0.11034158237228532
W02000288,196.1,50.27513537245719,0.5085731781996325,0.8116962645437844,-0.6708140189652758,-0.1448304052904488,-0.5657090812717145,-0.6451514784533057
W02000289,880.2,49.86261107313739,0.513658881811748,0.8779900920028308,-0.3230554817756476,-0.23862205569873485,-0.17646711601230425,0.2604483715903595
W02000290,396.0,50.25072886297376,0.5138271958733343,0.7807708840808139,-0.5691959344977905,-0.15037947672437696,-0.1635849464819078,-1.0676043821887309
W02000291,241.8,49.869770580296894,0.5075069832402235,0.8025488826815642,-0.6475826709904681,-0.23699426796912157,-0.6473119140363703,-0.7701083252703971
W02000292,1318.1,49.41117597998332,0.5112262521588946,0.8063471502590673,-0.10045138378509337,-0.3412604760510691,-0.36265208058028603,-0.7182224909408367
W02000293,2214.7,49.72957353527302,0.5101701951017019,0.7864259028642591,0.35533037976441784,-0.2688695108501722,-0.4434789937705274,-0.9903545935044714
W02000294,301.7,52.38141157160443,0.5149752208575737,0.883214824391295,-0.6171328297718468,0.33405319322591787,-0.07571912984883691,0.3318202782800782
W02000295,616.0,50.09914725722286,0.5072959116603128,0.9011436834494545,-0.45736012367814693,-0.18484311680171758,-0.663466594458387,0.5767355697459912
W02000296,2458.7,50.708580593424216,0.51657275439178,0.8409015578389128,0.47936646085529533,-0.04628216776089406,0.046550498868984255,-0.24619564436923141
W02000297,621.0,49.75019725422124,0.52,0.867741935483871,-0.4548184007049732,-0.2641804958251182,0.30885988960741734,0.12045450847350633
W02000298,1958.6,50.27805362462761,0.5223880597014925,0.8850574712643678,0.22514332907846002,-0.14416691058765843,0.4916336259988464,0.35699156188063813
W02000299,601.9,51.41628787878788,0.5137147335423198,0.861873040752351,-0.4645277824624968,0.11462237631001757,-0.1721924199173326,0.040283089919194534
W02000300,1457.7,51.38442069741282,0.5085043988269795,0.8689149560117302,-0.029486478374083067,0.10737704424120395,-0.5709732138721674,0.13647843188905573
W02000301,826.8,48.031432076050294,0.5079962370649106,0.8773910316713703,-0.35020108312914294,-0.6549594705200651,-0.6098661376489647,0.2522649710064532
W02000302,577.4,51.084274337335074,0.5228620860108749,0.8882847256549679,-0.47698222503104803,0.0391356763456667,0.5279139416289448,0.4010771306914839
W02000303,382.9,49.12108454024924,0.5056140956987389,0.8835722922784591,-0.5758552486875057,-0.40721575419307754,-0.792186905356601,0.33670343071551856
W02000304,308.0,50.05041836515769,0.506776271939569,0.8678071539657853,-0.613930258825648,-0.1959221325515667,-0.7032380010435734,0.1213454186789575
W02000305,2236.4,50.4007722007722,0.5162892332141438,0.8486293206197855,0.3663614574679919,-0.11626557771748675,0.02485077965749272,-0.14063135454368933
W02000306,990.2,51.85749774164408,0.5117536436295251,0.8432063939821345,-0.26713757636582575,0.21493598518573653,-0.3222873821735134,-0.21471067290690105
W02000307,488.8,47.71331784746419,0.5113569030219237,0.8178945289354138,-0.5220215561156863,-0.7272860184752901,-0.3526525205258746,-0.5604807403358218
W02000308,1152.1,49.508446641944786,0.5223082336382829,0.8501055594651654,-0.18483658649446083,-0.3191449887047108,0.48552401834326303,-0.12046534922697133
W02000309,610.1,51.50488315312173,0.5260680666183924,0.8575307748008689,-0.46035935678649187,0.1347654248815764,0.7732884831733745,-0.01903397692147284
W02000310,161.8,50.476544356711564,0.5225439012814428,0.8614143331751305,-0.6882502385612476,-0.0990379972518879,0.503561195412148,0.034016963357088204
W02000311,3077.7,49.80986883198001,0.5288718929254302,0.807138304652645,0.7940317649342017,-0.2506135477212378,0.9878835412490173,-0.7074150096466251
W02000312,2982.6,51.266177669111656,0.5200268141444612,0.8644209820680409,0.7456881939844376,0.08049327329261698,0.310912150431651,0.07508897399390982
W02000313,1167.1,50.224870115202165,0.5149041873669269,0.8964986988407855,-0.17721141757493966,-0.15625872949806416,-0.08115578475588853,0.5132832465615378
W02000314,802.0,51.903640256959314,0.5206979766103582,0.8513087061444218,-0.36280802907608456,0.22542696152953282,0.3622805779215593,-0.10402989069219015
W02000315,901.3,51.412092815707275,0.5030502111684655,0.825668700140779,-0.3123294108288545,0.11366858548958533,-0.9884176591277039,-0.45428249311376084
W02000316,380.6,50.90257320319432,0.5195135233254674,0.8386277001270648,-0.5770244412551655,-0.002175948885182617,0.2716266665786829,-0.2772574382314479
W02000317,1507.2,50.113480578827115,0.5200878844946641,0.85075329566855,-0.004323420939663252,-0.18158428843375854,0.3155862614190583,-0.11161701701964381
W02000318,595.0,50.226835376301565,0.5167230873392011,0.844685172647258,-0.46803536016547653,-0.15581190713560003,0.05805645681707558,-0.19450997264998984
W02000319,569.9,50.24157057363888,0.5192945432619838,0.8218269520651191,-0.4807948094908086,-0.15246170817850233,0.25486669848696225,-0.5067622882104058
W02000320,495.9,49.0619379170293,0.5002243829468961,0.8339566192969334,-0.5184123094937796,-0.42066334847303316,-1.2046966667814054,-0.34106624610156194
W02000321,594.9,50.128563596491226,0.5122263292578902,0.8120557293147569,-0.46808619462494,-0.17815500894116412,-0.2861096775789308,-0.6402410477968504
W02000322,571.2,49.98093556928509,0.49819168173598555,0.8245931283905967,-0.4801339615177834,-0.2117197621957328,-1.3602725073072133,-0.46897522776206524
W02000323,337.6,49.97807723250201,0.5168890742285238,0.8436196830692243,-0.5988832588244595,-0.2123696345177987,0.07076051272260256,-0.20906498084719255
W02000324,284.4,49.74617790132036,0.522596843615495,0.8723098995695839,-0.625927191259028,-0.26509433712554287,0.5076132164742478,0.18285470091347333
W02000325,1274.4,48.139821795750514,0.5236754092589333,0.8118289033620841,-0.12266604257063157,-0.6303159508177407,0.5901628581232599,-0.6433395798412305
W02000326,453.7,50.966230646022424,0.5159138290479499,0.8511466296038916,-0.5398644513873658,0.012297226715535682,-0.0038813421019753924,-0.10624392020934778
W02000327,515.1,55.346676881823406,0.5174476570289133,0.9180458624127618,-0.5086520932767925,1.0082368178086438,0.1135124864054052,0.807626005873518
W02000328,2320.5,51.07108264333698,0.5125940464507688,0.906444226365718,0.40911323787677384,0.03613640877814999,-0.2579658898688606,0.6491430781687558
W02000329,1329.1,49.51023714832818,0.5156703867910105,0.8448249503134078,-0.09485959324411118,-0.3187378986277336,-0.022513560914833284,-0.1926005545584953
W02000330,1687.0,54.243169398907106,0.5226232841891205,0.8634129808507033,0.08707693717566366,0.7573430202038245,0.509636885493433,0.06131927949514737
W02000331,4223.9,47.181192209325204,0.5341940689933428,0.8014928384103288,1.3766963393045448,-0.8482702657254779,1.395224281121421,-0.7845343068485621
W02000332,2316.6,49.69640896973498,0.5212818405916188,0.7737058340180772,0.4071306939576983,-0.2764098165776533,0.4069674847575439,-1.164115754704034
W02000333,1562.0,50.110003832886164,0.5139355603874284,0.8812018185412137,0.023533862846320683,-0.1823747624504159,-0.1552911056198694,0.3043218238108933
W02000334,507.6,51.23683274021352,0.5230460921843687,0.9167425760612133,-0.5124646777365531,0.07382140131560151,0.5419971305155252,0.7898225998889213
W02000335,684.8,52.16416524833669,0.5150974025974026,0.9030844155844155,-0.42238601556727656,0.2846600029629182,-0.06636776686014777,0.6032467367393491
W02000336,58.5,56.31895777178796,0.5177432769614638,0.8882728028832825,-0.7407622351870166,1.2292948972492366,0.13613820199797608,0.40091426092420346
W02000337,3169.2,52.18308766485648,0.5369267900241351,0.8403861625100563,0.8405452953432807,0.2889622093493801,1.6043771900713952,-0.25323614799400795
W02000338,151.7,55.81049986775985,0.5151385927505331,0.9304904051172708,-0.6933845189670584,1.1136917532391346,-0.06321521661800036,0.9776233712244226
W02000339,396.9,54.62164691203993,0.524170193807084,0.8901759857429271,-0.5687384243626193,0.8433937829290321,0.6280319367387245,0.4269124899955989
W02000340,27.9,56.78224167578553,0.5116201859229748,0.9599933598937583,-0.7563175797828396,1.334627266845822,-0.3325017682130243,1.3806453786343487
W02000341,63.4,55.67459274829217,0.515841728719521,0.9478756022777047,-0.7382713466733063,1.0827918691398757,-0.009399649041184583,1.2151120265776612
W02000342,71.8,55.7656383367882,0.505587668593449,0.9627488760436738,-0.7340012520783745,1.1034920218860689,-0.7942095435564932,1.4182868168768132
W02000343,2093.7,50.52101315975661,0.5145516324420151,0.8617225587235928,0.29382068381361387,-0.08892755663989667,-0.10813910551167237,0.03822744600933126
W02000344,122.3,53.727174060507394,0.5103506548373469,0.9553584002253204,-0.7083298500493199,0.6400261628179946,-0.4296672368318611,1.3173300000904133
W02000345,2319.2,52.88965114581813,0.5230651340996169,0.8675862068965517,0.40845238990374855,0.4496066977028809,0.5434545321021683,0.11832719450282084
W02000346,325.3,50.25277566539924,0.5164715066354411,0.9451990632318501,-0.605135897338467,-0.14991411510116537,0.03880134975192256,1.1785494467498585
W02000347,571.7,53.58253262584253,0.5280932909283659,0.9051946085112828,-0.47987978922046604,0.6071404421537613,0.9282920678548037,0.6320728050383122
W02000348,3670.6,52.77646698330014,0.5301378647002244,0.8555626803462648,1.0954292750931414,0.4238731120204237,1.0847765926667041,-0.045918924001384365
W02000349,1615.1,47.41836734693877,0.5354125057612537,0.7359041327392841,0.05052696082142553,-0.7943460541595945,1.4884791693843022,-1.6805019149482638
W02000350,141.8,49.549640638323794,0.5120730639309395,0.9404478919054172,-0.6984171304539424,-0.3097791091342935,-0.29784006959908277,1.113646571087605
W02000351,4701.3,49.99132321041215,0.5228013029315961,0.8145358306188925,1.6193800487831718,-0.20935802494349717,0.5232618173532316,-0.6063618850572162
W02000352,3391.4,47.69534632034632,0.5163104611923509,0.7748406449193851,0.953499464271121,-0.7313720303575519,0.02647549485641751,-1.1486137898689643
W02000353,4497.8,47.04538603249037,0.5120492223551529,0.8410528114852162,1.5159319237750013,-0.8791471994769706,-0.2996648204146736,-0.24412945985913584
W02000354,3914.6,53.07888040712468,0.5295827278389039,0.8457546190575047,1.219465356184019,0.49262992022030927,1.0422883591067387,-0.17990091256294796
W02000355,1307.1,50.36775427273814,0.5185739217152829,0.9365494889055098,-0.10604317432607555,-0.1237725438973772,0.1997128459545631,1.0603928473633737
W02000356,3192.8,47.85401108166707,0.5220423412204234,0.7155666251556663,0.8525422277766609,-0.6952979618712898,0.4651735427416806,-1.9583202959938277
W02000357,8133.2,45.93103448275862,0.4844767529910647,0.7955474784189005,3.363967863110149,-1.132506507417632,-2.4099651801850146,-0.8657502710349588
W02000358,2032.7,52.06932100959829,0.5150894187779433,0.9033159463487332,0.2628116635408946,0.2630961879399989,-0.06697882047506483,0.6064095383678436
W02000359,7369.7,42.07802739726027,0.49778614124418863,0.7825990701793225,2.975846765106522,-2.0085273725632113,-1.3913111580149053,-1.0426306384765562
W02000360,4255.7,47.230961923847694,0.4580995792426367,0.6732117812061711,1.3928616974139296,-0.8369546082645466,-4.428781794540622,-2.5369041822987897
W02000361,781.4,47.19795221843003,0.5235952589991221,0.8270412642669008,-0.3732799277255603,-0.8444597049478663,0.584028437593787,-0.43553272538373894
W02000362,1914.3,50.14221375368093,0.5152216485668506,0.9124087591240876,0.2026236635361409,-0.17505150504268926,-0.056858414956842324,0.7306209499192873
W02000363,2627.0,52.33159373745484,0.5140933950357593,0.8026924694993689,0.5649208561323228,0.3227265952719043,-0.14321099372423757,-0.76814687266378
W02000364,1681.4,42.89075865937456,0.49010887900628736,0.7161478300874099,0.08423020744570914,-1.8237445451326895,-1.9789019555151004,-1.9503808072177902
W02000365,3582.1,45.930087009616855,0.5429906542056074,0.7898753894080996,1.0504407784679666,-1.1327219251998815,2.068484143815132,-0.9432332457627158
W02000366,179.7,49.822601649544204,0.5015073861923425,0.9534217666566174,-0.6791508703172856,-0.24771861043957386,-1.1065000861741405,1.2908748211298926
W02000367,705.7,54.5271375464684,0.5169187898089171,0.9444665605095541,-0.4117616135394104,0.8219061047713836,0.07303483930419283,1.1685431704358593
W02000368,4433.7,49.372585669781934,0.5278778884884461,0.9211363154547382,1.4833470352589142,-0.35003438073868054,0.91180591855654,0.8498428142650648
W02000369,1216.7,43.70598092291828,0.5217504220231138,0.9403973509933775,-0.15199752568105632,-1.6383953628580517,0.4428310684797079,1.1129561622800503
W02000370,1289.0,57.11548959399522,0.5342841470104224,0.9124154324373743,-0.11524421148896437,1.4103946150857902,1.4021185374660516,0.7307121100128194
W02000371,3320.4,51.29812851720979,0.529306549257017,0.8329664281783159,0.9174069980520542,0.08775762785308679,1.0211506164903354,-0.3545926476219533
W02000372,1191.6,51.14468648807772,0.5201588271227856,0.9465485644471594,-0.16475697500638845,0.05287100134884667,0.32101596202624316,1.1969841660149787
W02000373,4801.0,47.67444829472916,0.5385192127460169,0.7630740393626991,1.6700620048682555,-0.7361234118304486,1.7262556550909416,-1.3093502661908436
W02000374,2883.0,53.74533906986273,0.5268427780144865,0.9324669791222837,0.6950570723588172,0.6441561648807291,0.8325821835782019,1.0046241523098969
W02000375,3452.8,45.779982126899014,0.5279017857142857,0.8214285714285714,0.9847118223816943,-1.1668498170784014,0.9136349286325307,-0.5122043249511687
W02000376,1011.4,51.00762388818298,0.5207865168539326,0.850936329588015,-0.2563606709595692,0.021708406867564253,0.3690571384610584,-0.10911670143411123
W02000377,1014.2,46.311902834008094,0.532355915065723,0.895180316818335,-0.2549373060945919,-1.0459121630096246,1.2545384091544534,0.4952736277539801
W02000378,4486.6,52.43580813677379,0.5247933884297521,0.9051239669421488,1.5102384643150923,0.3464208128599325,0.6757290732939432,0.6311078133208846
W02000379,5981.1,44.351942262789215,0.5492049849591749,0.7466695315857327,2.269959460996717,-1.4915293957711664,2.5441072826721034,-1.5334423174762868
W02000380,297.1,51.897962241534316,0.5205330853866419,0.9542848287618162,-0.6194712149071666,0.22413600621215551,0.34966038042902925,1.3026645901476681
W02000381,3098.2,48.99943063199848,0.5390502354788069,0.7912087912087912,0.8044528291242139,-0.4348750238464556,1.7668982776016624,-0.9250184508559025
W02000382,4858.4,47.80876068376068,0.5357951971001359,0.7535115541458994,1.6992409846002896,-0.7055861061291422,1.5177690258516396,-1.4399775886776653
W02000383,6046.1,47.76976063371793,0.5280210157618214,0.7886164623467601,2.303001859647975,-0.714453169391953,0.9227603794177863,-0.9604306863339261
W02000384,2881.4,52.17904564315353,0.5138528138528139,0.9173160173160173,0.6942437210074016,0.2880432140632092,-0.16162423594131,0.7976560337735485
W02000385,3455.0,50.020072053525475,0.5139230139230139,0.9185094185094185,0.9858301804898906,-0.20282167921216981,-0.1562513681200526,0.8139583651248898
W02000386,4351.3,54.983328234934234,0.5213162587129194,0.8881504295671908,1.4414594406610115,0.9256257587230469,0.40960172737122974,0.3992425931242048
W02000387,5434.8,50.28511904761905,0.5216069489685125,0.8966340933767644,1.9922508089477562,-0.142560513863169,0.4318501427329195,0.5151327893648245
W02000388,2145.2,51.59398496240601,0.5290882166278824,0.8758197588322403,0.32000043043730314,0.15502363939382813,1.0044402007590374,0.23080076382407413
W02000389,4233.7,47.664652122641506,0.53125,0.8173076923076923,1.3816781163319654,-0.7383506725016372,1.1698955383889371,-0.5684971603018141
W02000390,3583.0,52.5353480841878,0.5251813913785744,0.9084507042253521,1.0508982886031377,0.36905224563833683,0.7054254618066896,0.6765523577117589
W02000391,7414.0,32.08548520221672,0.5093144560357675,0.782973174366617,2.998366430648841,-4.280434811210853,-0.5089742685993729,-1.0375202276147932
W02000392,3436.0,52.086049543676666,0.5189928057553956,0.897410071942446,0.9761716331918304,0.26689959254600415,0.2317727651761331,0.525732962859899
W02000393,4258.4,47.237148217636026,0.5366750532223727,0.7931101219276175,1.3942342278194435,-0.835548090623586,1.585110135811159,-0.8990455227591464
W02000394,9720.6,28.576656775469832,0.5322122216958788,0.7446707721459024,4.170914072633342,-5.078203111615792,1.2435406212496165,-1.5607461603582182
W02000395,4108.7,47.340058160668846,0.5208098987626547,0.8196475440569929,1.3181350420026223,-0.8121504546142992,0.3708467079673937,-0.5365338618393732
W02000396,10626.3,36.66626847842318,0.48783134397767786,0.7521314524879864,4.6313217719940285,-3.2389465295593376,-2.1532165200467825,-1.458830322067107
W02000397,4279.3,50.286468767073394,0.5356667300741867,0.8067338786380065,1.4048586298473098,-0.1422536412367079,1.507936609048514,-0.71293962863829
W02000398,5162.6,25.77776847043056,0.49994282447112637,0.6516866781017724,1.853879410288179,-5.714559209598214,-1.2262461676573446,-2.8309455869161337
W02000399,11677.7,35.821167517773105,0.46311889525092625,0.5971707645671943,5.165795278792999,-3.4310889415134755,-4.044620904261772,-3.5756544838704665
W02000400,3311.6,45.491164803461956,0.4991692818903452,0.7899206202695219,0.9129335656192683,-1.2325154117508386,-1.2854504110265035,-0.9426153743425347
W02000401,6638.0,48.9186,0.5189222542163718,0.8403948992184286,2.6038910252122798,-0.4532527009704037,0.22637299716049825,-0.2531168011091606
W02000402,10882.1,35.180350877192986,0.46206251669783593,0.5984504408228694,4.761356319301597,-3.5767852082017764,-4.125472423623462,-3.5581736011146825
W02000403,2491.7,43.54627615062761,0.5224690520603696,0.7405460403595049,0.49614183247824184,-1.6747058885553725,0.49783249784525835,-1.6170916246405371
W02000404,3646.2,44.01271829916477,0.5179870257519167,0.6738745822685276,1.0830256669840534,-1.5686554595178066,0.15479388181373496,-2.527850058171628
W02000405,6226.9,43.70736185055994,0.5597836224584966,0.6601380339488901,2.3949105623579365,-1.6380813947286117,3.3537591940012534,-2.715496730194993
W02000406,4616.5,44.713377324535095,0.5208955223880597,0.7900497512437811,1.5762724271581454,-1.4093534099869047,0.37740004075420325,-0.940851394264641
W02000407,3655.8,47.530837438423646,0.5437152849207982,0.7348282246451348,1.0879057750925472,-0.7687748198848364,2.123944844080139,-1.695199244187918
W02000408,10666.2,41.079663865546216,0.476009007448467,0.6151047981985103,4.651604721319956,-2.2355156093805397,-3.058056804806118,-3.3306685056927723
W02000409,3957.8,48.754873496474495,0.5384943484751546,0.783535935167413,1.2414258426722398,-0.4904776087068816,1.7243526307715331,-1.0298326929476143
W02000410,11230.5,40.658266569555714,0.48821233411397347,0.7086651053864169,4.938463576072341,-2.3313246270158814,-2.1240568676748133,-2.0525977801527655
W02000411,4365.6,46.940332759609866,0.5252026092113066,0.7799960466495355,1.4487287683642884,-0.903032143613597,0.7070494005064445,-1.078188967337437
W02000412,3586.7,44.61081866037394,0.5048908954100828,0.7484951091045899,1.0527791636032862,-1.4326711791248798,-0.8475381257781136,-1.5085042079917874
W02000414,8.5,56.059447179098825,0.5021713383339913,0.9626924595341493,-0.7661794649187538,1.1702924898107432,-1.0556835116812981,1.4175161450884493
W02000415,350.5,47.760765550239235,0.5391108610016883,0.7250984805852561,-0.5923256135536714,-0.7164982943128805,1.7715383430618266,-1.8281113884902305
W02000416,61.8,54.38439434129089,0.5133513704270086,0.8913069050699918,-0.7390846980247219,0.7894519661418717,-0.20000296176046284,0.4423612943904564
W02000417,311.0,50.80160670625218,0.5136500300661455,0.8870715574263379,-0.6124052250417438,-0.0251317223990364,-0.17714459765832183,0.38450477383663634
W02000418,38.9,55.062376887721605,0.5101457840819543,0.9379432624113475,-0.7507257892418575,0.9435982845105069,-0.44534732783504194,1.0794323435919053
W02000419,4181.9,52.248419055649244,0.5289625831787935,0.8650594523835496,1.3553458663298856,0.30381597426947204,0.9948246560172673,0.08381073051549966
W02000421,15.0,55.06908445846063,0.5090681676047529,0.9416301855326246,-0.7628752250536279,0.9451233198378337,-0.5278243236203538,1.1297971687004518
W02000422,1430.7,37.08052686723544,0.4541084572630314,0.7680636923539131,-0.04321178242922115,-3.14476061603559,-4.734248310369569,-1.241189636856163
W02000423,4972.0,38.979757548032936,0.4656655290102389,0.6718088737201365,1.7569889305507969,-2.712950949667417,-3.849710464158779,-2.5560684523020996
W02000424,433.4,55.60498338870432,0.5124185309142153,0.9374669719922494,-0.5501838466584512,1.066965463930841,-0.2713992351033108,1.0729260284695967
W02000425,130.8,49.35654065814523,0.5070297205908525,0.9460758142018153,-0.7040089209949246,-0.3536823794740475,-0.6838399278088441,1.1905262110634987
W02000426,3392.1,53.64810037523452,0.5228382999511481,0.8845872007816317,0.9538553054873652,0.622047945637002,0.5260934398183782,0.3505674814651736
W02000427,116.3,51.20358772954039,0.5168713353247041,0.8465538223254785,-0.7113799176171284,0.06626280555768939,0.06940283907290525,-0.1689834804675003
W02000428,964.3,52.49474023185917,0.5180222907280057,0.9255394830448186,-0.28030370136686567,0.3598196319578372,0.15749293973071526,0.9099918215275775
