area_id,time_id,msoa_name
W02000001,2021,Isle of Anglesey 001
W02000001,2023,Isle of Anglesey 001
W02000001,2025,Isle of Anglesey 001
W02000002,2021,Isle of Anglesey 002
W02000002,2023,Isle of Anglesey 002
W02000002,2025,Isle of Anglesey 002
W02000003,2021,Isle of Anglesey 003
W02000003,2023,Isle of Anglesey 003
W02000003,2025,Isle of Anglesey 003
W02000004,2021,Isle of Anglesey 004
W02000004,2023,Isle of Anglesey 004
W02000004,2025,Isle of Anglesey 004
W02000005,2021,Isle of Anglesey 005
W02000005,2023,Isle of Anglesey 005
W02000005,2025,Isle of Anglesey 005
W02000006,2021,Isle of Anglesey 006
W02000006,2023,Isle of Anglesey 006
W02000006,2025,Isle of Anglesey 006
W02000007,2021,Isle of Anglesey 007
W02000007,2023,Isle of Anglesey 007
W02000007,2025,Isle of Anglesey 007
W02000008,2021,Isle of Anglesey 008
W02000008,2023,Isle of Anglesey 008
W02000008,2025,Isle of Anglesey 008
W02000009,2021,Isle of Anglesey 009
W02000009,2023,Isle of Anglesey 009
W02000009,2025,Isle of Anglesey 009
W02000010,2021,Gwynedd 001
W02000010,2023,Gwynedd 001
W02000010,2025,Gwynedd 001
W02000011,2021,Gwynedd 002
W02000011,2023,Gwynedd 002
W02000011,2025,Gwynedd 002
W02000012,2021,Gwynedd 003
W02000012,2023,Gwynedd 003
W02000012,2025,Gwynedd 003
W02000013,2021,Gwynedd 004
W02000013,2023,Gwynedd 004
W02000013,2025,Gwynedd 004
W02000014,2021,Gwynedd 005
W02000014,2023,Gwynedd 005
W02000014,2025,Gwynedd 005
W02000015,2021,Gwynedd 006
W02000015,2023,Gwynedd 006
W02000015,2025,Gwynedd 006
W02000016,2021,Gwynedd 007
W02000016,2023,Gwynedd 007
W02000016,2025,Gwynedd 007
W02000017,2021,Gwynedd 008
W02000017,2023,Gwynedd 008
W02000017,2025,Gwynedd 008
W02000018,2021,Gwynedd 009
W02000018,2023,Gwynedd 009
W02000018,2025,Gwynedd 009
W02000019,2021,Gwynedd 010
W02000019,2023,Gwynedd 010
W02000019,2025,Gwynedd 010
W02000020,2021,Gwynedd 011
W02000020,2023,Gwynedd 011
W02000020,2025,Gwynedd 011
W02000021,2021,Gwynedd 012
W02000021,2023,Gwynedd 012
W02000021,2025,Gwynedd 012
W02000022,2021,Gwynedd 013
W02000022,2023,Gwynedd 013
W02000022,2025,Gwynedd 013
W02000023,2021,Gwynedd 014
W02000023,2023,Gwynedd 014
W02000023,2025,Gwynedd 014
W02000024,2021,Gwynedd 015
W02000024,2023,Gwynedd 015
W02000024,2025,Gwynedd 015
W02000025,2021,Gwynedd 016
W02000025,2023,Gwynedd 016
W02000025,2025,Gwynedd 016
W02000026,2021,Gwynedd 017
W02000026,2023,Gwynedd 017
W02000026,2025,Gwynedd 017
W02000027,2021,Conwy 001
W02000027,2023,Conwy 001
W02000027,2025,Conwy 001
W02000028,2021,Conwy 002
W02000028,2023,Conwy 002
W02000028,2025,Conwy 002
W02000029,2021,Conwy 003
W02000029,2023,Conwy 003
W02000029,2025,Conwy 003
W02000030,2021,Conwy 004
W02000030,2023,Conwy 004
W02000030,2025,Conwy 004
W02000031,2021,Conwy 005
W02000031,2023,Conwy 005
W02000031,2025,Conwy 005
W02000032,2021,Conwy 006
W02000032,2023,Conwy 006
W02000032,2025,Conwy 006
W02000033,2021,Conwy 007
W02000033,2023,Conwy 007
W02000033,2025,Conwy 007
W02000034,2021,Conwy 008
W02000034,2023,Conwy 008
W02000034,2025,Conwy 008
W02000035,2021,Conwy 009
W02000035,2023,Conwy 009
W02000035,2025,Conwy 009
W02000036,2021,Conwy 010
W02000036,2023,Conwy 010
W02000036,2025,Conwy 010
W02000037,2021,Conwy 011
W02000037,2023,Conwy 011
W02000037,2025,Conwy 011
W02000038,2021,Conwy 012
W02000038,2023,Conwy 012
W02000038,2025,Conwy 012
W02000039,2021,Conwy 013
W02000039,2023,Conwy 013
W02000039,2025,Conwy 013
W02000040,2021,Conwy 014
W02000040,2023,Conwy 014
W02000040,2025,Conwy 014
W02000041,2021,Conwy 015
W02000041,2023,Conwy 015
W02000041,2025,Conwy 015
W02000042,2021,Denbighshire 001
W02000042,2023,Denbighshire 001
W02000042,2025,Denbighshire 001
W02000043,2021,Denbighshire 002
W02000043,2023,Denbighshire 002
W02000043,2025,Denbighshire 002
W02000044,2021,Denbighshire 003
W02000044,2023,Denbighshire 003
W02000044,2025,Denbighshire 003
W02000045,2021,Denbighshire 004
W02000045,2023,Denbighshire 004
W02000045,2025,Denbighshire 004
W02000047,2021,Denbighshire 006
W02000047,2023,Denbighshire 006
W02000047,2025,Denbighshire 006
W02000049,2021,Denbighshire 008
W02000049,2023,Denbighshire 008
W02000049,2025,Denbighshire 008
W02000050,2021,Denbighshire 009
W02000050,2023,Denbighshire 009
W02000050,2025,Denbighshire 009
W02000051,2021,Denbighshire 010
W02000051,2023,Denbighshire 010
W02000051,2025,Denbighshire 010
W02000052,2021,Denbighshire 011
W02000052,2023,Denbighshire 011
W02000052,2025,Denbighshire 011
W02000053,2021,Denbighshire 012
W02000053,2023,Denbighshire 012
W02000053,2025,Denbighshire 012
W02000054,2021,Denbighshire 013
W02000054,2023,Denbighshire 013
W02000054,2025,Denbighshire 013
W02000055,2021,Denbighshire 014
W02000055,2023,Denbighshire 014
W02000055,2025,Denbighshire 014
W02000056,2021,Denbighshire 015
W02000056,2023,Denbighshire 015
W02000056,2025,Denbighshire 015
W02000057,2021,Denbighshire 016
W02000057,2023,Denbighshire 016
W02000057,2025,Denbighshire 016
W02000058,2021,Flintshire 001
W02000058,2023,Flintshire 001
W02000058,2025,Flintshire 001
W02000059,2021,Flintshire 002
W02000059,2023,Flintshire 002
W02000059,2025,Flintshire 002
W02000060,2021,Flintshire 003
W02000060,2023,Flintshire 003
W02000060,2025,Flintshire 003
W02000061,2021,Flintshire 004
W02000061,2023,Flintshire 004
W02000061,2025,Flintshire 004
W02000062,2021,Flintshire 005
W02000062,2023,Flintshire 005
W02000062,2025,Flintshire 005
W02000063,2021,Flintshire 006
W02000063,2023,Flintshire 006
W02000063,2025,Flintshire 006
W02000064,2021,Flintshire 007
W02000064,2023,Flintshire 007
W02000064,2025,Flintshire 007
W02000065,2021,Flintshire 008
W02000065,2023,Flintshire 008
W02000065,2025,Flintshire 008
W02000066,2021,Flintshire 009
W02000066,2023,Flintshire 009
W02000066,2025,Flintshire 009
W02000067,2021,Flintshire 010
W02000067,2023,Flintshire 010
W02000067,2025,Flintshire 010
W02000068,2021,Flintshire 011
W02000068,2023,Flintshire 011
W02000068,2025,Flintshire 011
W02000069,2021,Flintshire 012
W02000069,2023,Flintshire 012
W02000069,2025,Flintshire 012
W02000070,2021,Flintshire 013
W02000070,2023,Flintshire 013
W02000070,2025,Flintshire 013
W02000071,2021,Flintshire 014
W02000071,2023,Flintshire 014
W02000071,2025,Flintshire 014
W02000072,2021,Flintshire 015
W02000072,2023,Flintshire 015
W02000072,2025,Flintshire 015
W02000073,2021,Flintshire 016
W02000073,2023,Flintshire 016
W02000073,2025,Flintshire 016
W02000074,2021,Flintshire 017
W02000074,2023,Flintshire 017
W02000074,2025,Flintshire 017
W02000075,2021,Flintshire 018
W02000075,2023,Flintshire 018
W02000075,2025,Flintshire 018
W02000076,2021,Flintshire 019
W02000076,2023,Flintshire 019
W02000076,2025,Flintshire 019
W02000077,2021,Flintshire 020
W02000077,2023,Flintshire 020
W02000077,2025,Flintshire 020
W02000080,2021,Wrexham 003
W02000080,2023,Wrexham 003
W02000080,2025,Wrexham 003
W02000081,2021,Wrexham 004
W02000081,2023,Wrexham 004
W02000081,2025,Wrexham 004
W02000082,2021,Wrexham 005
W02000082,2023,Wrexham 005
W02000082,2025,Wrexham 005
W02000083,2021,Wrexham 006
W02000083,2023,Wrexham 006
W02000083,2025,Wrexham 006
W02000085,2021,Wrexham 008
W02000085,2023,Wrexham 008
W02000085,2025,Wrexham 008
W02000087,2021,Wrexham 010
W02000087,2023,Wrexham 010
W02000087,2025,Wrexham 010
W02000088,2021,Wrexham 011
W02000088,2023,Wrexham 011
W02000088,2025,Wrexham 011
W02000089,2021,Wrexham 012
W02000089,2023,Wrexham 012
W02000089,2025,Wrexham 012
W02000090,2021,Wrexham 013
W02000090,2023,Wrexham 013
W02000090,2025,Wrexham 013
W02000091,2021,Wrexham 014
W02000091,2023,Wrexham 014
W02000091,2025,Wrexham 014
W02000092,2021,Wrexham 015
W02000092,2023,Wrexham 015
W02000092,2025,Wrexham 015
W02000093,2021,Wrexham 016
W02000093,2023,Wrexham 016
W02000093,2025,Wrexham 016
W02000094,2021,Wrexham 017
W02000094,2023,Wrexham 017
W02000094,2025,Wrexham 017
W02000095,2021,Wrexham 018
W02000095,2023,Wrexham 018
W02000095,2025,Wrexham 018
W02000096,2021,Wrexham 019
W02000096,2023,Wrexham 019
W02000096,2025,Wrexham 019
W02000097,2021,Powys 001
W02000097,2023,Powys 001
W02000097,2025,Powys 001
W02000098,2021,Powys 002
W02000098,2023,Powys 002
W02000098,2025,Powys 002
W02000099,2021,Powys 003
W02000099,2023,Powys 003
W02000099,2025,Powys 003
W02000100,2021,Powys 004
W02000100,2023,Powys 004
W02000100,2025,Powys 004
W02000101,2021,Powys 005
W02000101,2023,Powys 005
W02000101,2025,Powys 005
W02000102,2021,Powys 006
W02000102,2023,Powys 006
W02000102,2025,Powys 006
W02000103,2021,Powys 007
W02000103,2023,Powys 007
W02000103,2025,Powys 007
W02000104,2021,Powys 008
W02000104,2023,Powys 008
W02000104,2025,Powys 008
W02000105,2021,Powys 009
W02000105,2023,Powys 009
W02000105,2025,Powys 009
W02000106,2021,Powys 010
W02000106,2023,Powys 010
W02000106,2025,Powys 010
W02000107,2021,Powys 011
W02000107,2023,Powys 011
W02000107,2025,Powys 011
W02000108,2021,Powys 012
W02000108,2023,Powys 012
W02000108,2025,Powys 012
W02000109,2021,Powys 013
W02000109,2023,Powys 013
W02000109,2025,Powys 013
W02000110,2021,Powys 014
W02000110,2023,Powys 014
W02000110,2025,Powys 014
W02000111,2021,Powys 015
W02000111,2023,Powys 015
W02000111,2025,Powys 015
W02000113,2021,Powys 017
W02000113,2023,Powys 017
W02000113,2025,Powys 017
W02000114,2021,Powys 018
W02000114,2023,Powys 018
W02000114,2025,Powys 018
W02000116,2021,Ceredigion 001
W02000116,2023,Ceredigion 001
W02000116,2025,Ceredigion 001
W02000117,2021,Ceredigion 002
W02000117,2023,Ceredigion 002
W02000117,2025,Ceredigion 002
W02000118,2021,Ceredigion 003
W02000118,2023,Ceredigion 003
W02000118,2025,Ceredigion 003
W02000120,2021,Ceredigion 005
W02000120,2023,Ceredigion 005
W02000120,2025,Ceredigion 005
W02000122,2021,Ceredigion 007
W02000122,2023,Ceredigion 007
W02000122,2025,Ceredigion 007
W02000123,2021,Ceredigion 008
W02000123,2023,Ceredigion 008
W02000123,2025,Ceredigion 008
W02000124,2021,Ceredigion 009
W02000124,2023,Ceredigion 009
W02000124,2025,Ceredigion 009
W02000125,2021,Ceredigion 010
W02000125,2023,Ceredigion 010
W02000125,2025,Ceredigion 010
W02000126,2021,Pembrokeshire 001
W02000126,2023,Pembrokeshire 001
W02000126,2025,Pembrokeshire 001
W02000127,2021,Pembrokeshire 002
W02000127,2023,Pembrokeshire 002
W02000127,2025,Pembrokeshire 002
W02000128,2021,Pembrokeshire 003
W02000128,2023,Pembrokeshire 003
W02000128,2025,Pembrokeshire 003
W02000129,2021,Pembrokeshire 004
W02000129,2023,Pembrokeshire 004
W02000129,2025,Pembrokeshire 004
W02000130,2021,Pembrokeshire 005
W02000130,2023,Pembrokeshire 005
W02000130,2025,Pembrokeshire 005
W02000131,2021,Pembrokeshire 006
W02000131,2023,Pembrokeshire 006
W02000131,2025,Pembrokeshire 006
W02000132,2021,Pembrokeshire 007
W02000132,2023,Pembrokeshire 007
W02000132,2025,Pembrokeshire 007
W02000133,2021,Pembrokeshire 008
W02000133,2023,Pembrokeshire 008
W02000133,2025,Pembrokeshire 008
W02000134,2021,Pembrokeshire 009
W02000134,2023,Pembrokeshire 009
W02000134,2025,Pembrokeshire 009
W02000135,2021,Pembrokeshire 010
W02000135,2023,Pembrokeshire 010
W02000135,2025,Pembrokeshire 010
W02000136,2021,Pembrokeshire 011
W02000136,2023,Pembrokeshire 011
W02000136,2025,Pembrokeshire 011
W02000137,2021,Pembrokeshire 012
W02000137,2023,Pembrokeshire 012
W02000137,2025,Pembrokeshire 012
W02000138,2021,Pembrokeshire 013
W02000138,2023,Pembrokeshire 013
W02000138,2025,Pembrokeshire 013
W02000139,2021,Pembrokeshire 014
W02000139,2023,Pembrokeshire 014
W02000139,2025,Pembrokeshire 014
W02000140,2021,Pembrokeshire 015
W02000140,2023,Pembrokeshire 015
W02000140,2025,Pembrokeshire 015
W02000141,2021,Pembrokeshire 016
W02000141,2023,Pembrokeshire 016
W02000141,2025,Pembrokeshire 016
W02000142,2021,Carmarthenshire 001
W02000142,2023,Carmarthenshire 001
W02000142,2025,Carmarthenshire 001
W02000143,2021,Carmarthenshire 002
W02000143,2023,Carmarthenshire 002
W02000143,2025,Carmarthenshire 002
W02000144,2021,Carmarthenshire 003
W02000144,2023,Carmarthenshire 003
W02000144,2025,Carmarthenshire 003
W02000145,2021,Carmarthenshire 004
W02000145,2023,Carmarthenshire 004
W02000145,2025,Carmarthenshire 004
W02000146,2021,Carmarthenshire 005
W02000146,2023,Carmarthenshire 005
W02000146,2025,Carmarthenshire 005
W02000147,2021,Carmarthenshire 006
W02000147,2023,Carmarthenshire 006
W02000147,2025,Carmarthenshire 006
W02000148,2021,Carmarthenshire 007
W02000148,2023,Carmarthenshire 007
W02000148,2025,Carmarthenshire 007
W02000149,2021,Carmarthenshire 008
W02000149,2023,Carmarthenshire 008
W02000149,2025,Carmarthenshire 008
W02000151,2021,Carmarthenshire 010
W02000151,2023,Carmarthenshire 010
W02000151,2025,Carmarthenshire 010
W02000152,2021,Carmarthenshire 011
W02000152,2023,Carmarthenshire 011
W02000152,2025,Carmarthenshire 011
W02000153,2021,Carmarthenshire 012
W02000153,2023,Carmarthenshire 012
W02000153,2025,Carmarthenshire 012
W02000154,2021,Carmarthenshire 013
W02000154,2023,Carmarthenshire 013
W02000154,2025,Carmarthenshire 013
W02000156,2021,Carmarthenshire 015
W02000156,2023,Carmarthenshire 015
W02000156,2025,Carmarthenshire 015
W02000157,2021,Carmarthenshire 016
W02000157,2023,Carmarthenshire 016
W02000157,2025,Carmarthenshire 016
W02000158,2021,Carmarthenshire 017
W02000158,2023,Carmarthenshire 017
W02000158,2025,Carmarthenshire 017
W02000159,2021,Carmarthenshire 018
W02000159,2023,Carmarthenshire 018
W02000159,2025,Carmarthenshire 018
W02000160,2021,Carmarthenshire 019
W02000160,2023,Carmarthenshire 019
W02000160,2025,Carmarthenshire 019
W02000161,2021,Carmarthenshire 020
W02000161,2023,Carmarthenshire 020
W02000161,2025,Carmarthenshire 020
W02000162,2021,Carmarthenshire 021
W02000162,2023,Carmarthenshire 021
W02000162,2025,Carmarthenshire 021
W02000163,2021,Carmarthenshire 022
W02000163,2023,Carmarthenshire 022
W02000163,2025,Carmarthenshire 022
W02000164,2021,Carmarthenshire 023
W02000164,2023,Carmarthenshire 023
W02000164,2025,Carmarthenshire 023
W02000165,2021,Carmarthenshire 024
W02000165,2023,Carmarthenshire 024
W02000165,2025,Carmarthenshire 024
W02000166,2021,Carmarthenshire 025
W02000166,2023,Carmarthenshire 025
W02000166,2025,Carmarthenshire 025
W02000167,2021,Carmarthenshire 026
W02000167,2023,Carmarthenshire 026
W02000167,2025,Carmarthenshire 026
W02000168,2021,Swansea 001
W02000168,2023,Swansea 001
W02000168,2025,Swansea 001
W02000169,2021,Swansea 002
W02000169,2023,Swansea 002
W02000169,2025,Swansea 002
W02000170,2021,Swansea 003
W02000170,2023,Swansea 003
W02000170,2025,Swansea 003
W02000171,2021,Swansea 004
W02000171,2023,Swansea 004
W02000171,2025,Swansea 004
W02000172,2021,Swansea 005
W02000172,2023,Swansea 005
W02000172,2025,Swansea 005
W02000173,2021,Swansea 006
W02000173,2023,Swansea 006
W02000173,2025,Swansea 006
W02000174,2021,Swansea 007
W02000174,2023,Swansea 007
W02000174,2025,Swansea 007
W02000175,2021,Swansea 008
W02000175,2023,Swansea 008
W02000175,2025,Swansea 008
W02000176,2021,Swansea 009
W02000176,2023,Swansea 009
W02000176,2025,Swansea 009
W02000177,2021,Swansea 010
W02000177,2023,Swansea 010
W02000177,2025,Swansea 010
W02000178,2021,Swansea 011
W02000178,2023,Swansea 011
W02000178,2025,Swansea 011
W02000179,2021,Swansea 012
W02000179,2023,Swansea 012
W02000179,2025,Swansea 012
W02000180,2021,Swansea 013
W02000180,2023,Swansea 013
W02000180,2025,Swansea 013
W02000181,2021,Swansea 014
W02000181,2023,Swansea 014
W02000181,2025,Swansea 014
W02000182,2021,Swansea 015
W02000182,2023,Swansea 015
W02000182,2025,Swansea 015
W02000183,2021,Swansea 016
W02000183,2023,Swansea 016
W02000183,2025,Swansea 016
W02000184,2021,Swansea 017
W02000184,2023,Swansea 017
W02000184,2025,Swansea 017
W02000185,2021,Swansea 018
W02000185,2023,Swansea 018
W02000185,2025,Swansea 018
W02000186,2021,Swansea 019
W02000186,2023,Swansea 019
W02000186,2025,Swansea 019
W02000188,2021,Swansea 021
W02000188,2023,Swansea 021
W02000188,2025,Swansea 021
W02000189,2021,Swansea 022
W02000189,2023,Swansea 022
W02000189,2025,Swansea 022
W02000191,2021,Swansea 024
W02000191,2023,Swansea 024
W02000191,2025,Swansea 024
W02000192,2021,Swansea 025
W02000192,2023,Swansea 025
W02000192,2025,Swansea 025
W02000193,2021,Swansea 026
W02000193,2023,Swansea 026
W02000193,2025,Swansea 026
W02000194,2021,Swansea 027
W02000194,2023,Swansea 027
W02000194,2025,Swansea 027
W02000195,2021,Swansea 028
W02000195,2023,Swansea 028
W02000195,2025,Swansea 028
W02000196,2021,Swansea 029
W02000196,2023,Swansea 029
W02000196,2025,Swansea 029
W02000197,2021,Swansea 030
W02000197,2023,Swansea 030
W02000197,2025,Swansea 030
W02000198,2021,Swansea 031
W02000198,2023,Swansea 031
W02000198,2025,Swansea 031
W02000200,2021,Neath Port Talbot 002
W02000200,2023,Neath Port Talbot 002
W02000200,2025,Neath Port Talbot 002
W02000201,2021,Neath Port Talbot 003
W02000201,2023,Neath Port Talbot 003
W02000201,2025,Neath Port Talbot 003
W02000202,2021,Neath Port Talbot 004
W02000202,2023,Neath Port Talbot 004
W02000202,2025,Neath Port Talbot 004
W02000204,2021,Neath Port Talbot 006
W02000204,2023,Neath Port Talbot 006
W02000204,2025,Neath Port Talbot 006
W02000205,2021,Neath Port Talbot 007
W02000205,2023,Neath Port Talbot 007
W02000205,2025,Neath Port Talbot 007
W02000206,2021,Neath Port Talbot 008
W02000206,2023,Neath Port Talbot 008
W02000206,2025,Neath Port Talbot 008
W02000207,2021,Neath Port Talbot 009
W02000207,2023,Neath Port Talbot 009
W02000207,2025,Neath Port Talbot 009
W02000208,2021,Neath Port Talbot 010
W02000208,2023,Neath Port Talbot 010
W02000208,2025,Neath Port Talbot 010
W02000210,2021,Neath Port Talbot 012
W02000210,2023,Neath Port Talbot 012
W02000210,2025,Neath Port Talbot 012
W02000211,2021,Neath Port Talbot 013
W02000211,2023,Neath Port Talbot 013
W02000211,2025,Neath Port Talbot 013
W02000212,2021,Neath Port Talbot 014
W02000212,2023,Neath Port Talbot 014
W02000212,2025,Neath Port Talbot 014
W02000213,2021,Neath Port Talbot 015
W02000213,2023,Neath Port Talbot 015
W02000213,2025,Neath Port Talbot 015
W02000214,2021,Neath Port Talbot 016
W02000214,2023,Neath Port Talbot 016
W02000214,2025,Neath Port Talbot 016
W02000215,2021,Neath Port Talbot 017
W02000215,2023,Neath Port Talbot 017
W02000215,2025,Neath Port Talbot 017
W02000216,2021,Neath Port Talbot 018
W02000216,2023,Neath Port Talbot 018
W02000216,2025,Neath Port Talbot 018
W02000217,2021,Neath Port Talbot 019
W02000217,2023,Neath Port Talbot 019
W02000217,2025,Neath Port Talbot 019
W02000218,2021,Bridgend 001
W02000218,2023,Bridgend 001
W02000218,2025,Bridgend 001
W02000219,2021,Bridgend 002
W02000219,2023,Bridgend 002
W02000219,2025,Bridgend 002
W02000220,2021,Bridgend 003
W02000220,2023,Bridgend 003
W02000220,2025,Bridgend 003
W02000221,2021,Bridgend 004
W02000221,2023,Bridgend 004
W02000221,2025,Bridgend 004
W02000222,2021,Bridgend 005
W02000222,2023,Bridgend 005
W02000222,2025,Bridgend 005
W02000223,2021,Bridgend 006
W02000223,2023,Bridgend 006
W02000223,2025,Bridgend 006
W02000224,2021,Bridgend 007
W02000224,2023,Bridgend 007
W02000224,2025,Bridgend 007
W02000225,2021,Bridgend 008
W02000225,2023,Bridgend 008
W02000225,2025,Bridgend 008
W02000226,2021,Bridgend 009
W02000226,2023,Bridgend 009
W02000226,2025,Bridgend 009
W02000227,2021,Bridgend 010
W02000227,2023,Bridgend 010
W02000227,2025,Bridgend 010
W02000228,2021,Bridgend 011
W02000228,2023,Bridgend 011
W02000228,2025,Bridgend 011
W02000229,2021,Bridgend 012
W02000229,2023,Bridgend 012
W02000229,2025,Bridgend 012
W02000230,2021,Bridgend 013
W02000230,2023,Bridgend 013
W02000230,2025,Bridgend 013
W02000231,2021,Bridgend 014
W02000231,2023,Bridgend 014
W02000231,2025,Bridgend 014
W02000232,2021,Bridgend 015
W02000232,2023,Bridgend 015
W02000232,2025,Bridgend 015
W02000233,2021,Bridgend 016
W02000233,2023,Bridgend 016
W02000233,2025,Bridgend 016
W02000234,2021,Bridgend 017
W02000234,2023,Bridgend 017
W02000234,2025,Bridgend 017
W02000235,2021,Bridgend 018
W02000235,2023,Bridgend 018
W02000235,2025,Bridgend 018
W02000236,2021,Bridgend 019
W02000236,2023,Bridgend 019
W02000236,2025,Bridgend 019
W02000237,2021,Vale of Glamorgan 001
W02000237,2023,Vale of Glamorgan 001
W02000237,2025,Vale of Glamorgan 001
W02000238,2021,Vale of Glamorgan 002
W02000238,2023,Vale of Glamorgan 002
W02000238,2025,Vale of Glamorgan 002
W02000239,2021,Vale of Glamorgan 003
W02000239,2023,Vale of Glamorgan 003
W02000239,2025,Vale of Glamorgan 003
W02000240,2021,Vale of Glamorgan 004
W02000240,2023,Vale of Glamorgan 004
W02000240,2025,Vale of Glamorgan 004
W02000241,2021,Vale of Glamorgan 005
W02000241,2023,Vale of Glamorgan 005
W02000241,2025,Vale of Glamorgan 005
W02000242,2021,Vale of Glamorgan 006
W02000242,2023,Vale of Glamorgan 006
W02000242,2025,Vale of Glamorgan 006
W02000243,2021,Vale of Glamorgan 007
W02000243,2023,Vale of Glamorgan 007
W02000243,2025,Vale of Glamorgan 007
W02000244,2021,Vale of Glamorgan 008
W02000244,2023,Vale of Glamorgan 008
W02000244,2025,Vale of Glamorgan 008
W02000245,2021,Vale of Glamorgan 009
W02000245,2023,Vale of Glamorgan 009
W02000245,2025,Vale of Glamorgan 009
W02000246,2021,Vale of Glamorgan 010
W02000246,2023,Vale of Glamorgan 010
W02000246,2025,Vale of Glamorgan 010
W02000247,2021,Vale of Glamorgan 011
W02000247,2023,Vale of Glamorgan 011
W02000247,2025,Vale of Glamorgan 011
W02000248,2021,Vale of Glamorgan 012
W02000248,2023,Vale of Glamorgan 012
W02000248,2025,Vale of Glamorgan 012
W02000249,2021,Vale of Glamorgan 013
W02000249,2023,Vale of Glamorgan 013
W02000249,2025,Vale of Glamorgan 013
W02000250,2021,Vale of Glamorgan 014
W02000250,2023,Vale of Glamorgan 014
W02000250,2025,Vale of Glamorgan 014
W02000251,2021,Vale of Glamorgan 015
W02000251,2023,Vale of Glamorgan 015
W02000251,2025,Vale of Glamorgan 015
W02000252,2021,Rhondda Cynon Taf 001
W02000252,2023,Rhondda Cynon Taf 001
W02000252,2025,Rhondda Cynon Taf 001
W02000253,2021,Rhondda Cynon Taf 002
W02000253,2023,Rhondda Cynon Taf 002
W02000253,2025,Rhondda Cynon Taf 002
W02000254,2021,Rhondda Cynon Taf 003
W02000254,2023,Rhondda Cynon Taf 003
W02000254,2025,Rhondda Cynon Taf 003
W02000255,2021,Rhondda Cynon Taf 004
W02000255,2023,Rhondda Cynon Taf 004
W02000255,2025,Rhondda Cynon Taf 004
W02000256,2021,Rhondda Cynon Taf 005
W02000256,2023,Rhondda Cynon Taf 005
W02000256,2025,Rhondda Cynon Taf 005
W02000257,2021,Rhondda Cynon Taf 006
W02000257,2023,Rhondda Cynon Taf 006
W02000257,2025,Rhondda Cynon Taf 006
W02000258,2021,Rhondda Cynon Taf 007
W02000258,2023,Rhondda Cynon Taf 007
W02000258,2025,Rhondda Cynon Taf 007
W02000259,2021,Rhondda Cynon Taf 008
W02000259,2023,Rhondda Cynon Taf 008
W02000259,2025,Rhondda Cynon Taf 008
W02000260,2021,Rhondda Cynon Taf 009
W02000260,2023,Rhondda Cynon Taf 009
W02000260,2025,Rhondda Cynon Taf 009
W02000261,2021,Rhondda Cynon Taf 010
W02000261,2023,Rhondda Cynon Taf 010
W02000261,2025,Rhondda Cynon Taf 010
W02000262,2021,Rhondda Cynon Taf 011
W02000262,2023,Rhondda Cynon Taf 011
W02000262,2025,Rhondda Cynon Taf 011
W02000263,2021,Rhondda Cynon Taf 012
W02000263,2023,Rhondda Cynon Taf 012
W02000263,2025,Rhondda Cynon Taf 012
W02000264,2021,Rhondda Cynon Taf 013
W02000264,2023,Rhondda Cynon Taf 013
W02000264,2025,Rhondda Cynon Taf 013
W02000265,2021,Rhondda Cynon Taf 014
W02000265,2023,Rhondda Cynon Taf 014
W02000265,2025,Rhondda Cynon Taf 014
W02000266,2021,Rhondda Cynon Taf 015
W02000266,2023,Rhondda Cynon Taf 015
W02000266,2025,Rhondda Cynon Taf 015
W02000267,2021,Rhondda Cynon Taf 016
W02000267,2023,Rhondda Cynon Taf 016
W02000267,2025,Rhondda Cynon Taf 016
W02000268,2021,Rhondda Cynon Taf 017
W02000268,2023,Rhondda Cynon Taf 017
W02000268,2025,Rhondda Cynon Taf 017
W02000269,2021,Rhondda Cynon Taf 018
W02000269,2023,Rhondda Cynon Taf 018
W02000269,2025,Rhondda Cynon Taf 018
W02000270,2021,Rhondda Cynon Taf 019
W02000270,2023,Rhondda Cynon Taf 019
W02000270,2025,Rhondda Cynon Taf 019
W02000271,2021,Rhondda Cynon Taf 020
W02000271,2023,Rhondda Cynon Taf 020
W02000271,2025,Rhondda Cynon Taf 020
W02000272,2021,Rhondda Cynon Taf 021
W02000272,2023,Rhondda Cynon Taf 021
W02000272,2025,Rhondda Cynon Taf 021
W02000273,2021,Rhondda Cynon Taf 022
W02000273,2023,Rhondda Cynon Taf 022
W02000273,2025,Rhondda Cynon Taf 022
W02000274,2021,Rhondda Cynon Taf 023
W02000274,2023,Rhondda Cynon Taf 023
W02000274,2025,Rhondda Cynon Taf 023
W02000275,2021,Rhondda Cynon Taf 024
W02000275,2023,Rhondda Cynon Taf 024
W02000275,2025,Rhondda Cynon Taf 024
W02000276,2021,Rhondda Cynon Taf 025
W02000276,2023,Rhondda Cynon Taf 025
W02000276,2025,Rhondda Cynon Taf 025
W02000277,2021,Rhondda Cynon Taf 026
W02000277,2023,Rhondda Cynon Taf 026
W02000277,2025,Rhondda Cynon Taf 026
W02000278,2021,Rhondda Cynon Taf 027
W02000278,2023,Rhondda Cynon Taf 027
W02000278,2025,Rhondda Cynon Taf 027
W02000279,2021,Rhondda Cynon Taf 028
W02000279,2023,Rhondda Cynon Taf 028
W02000279,2025,Rhondda Cynon Taf 028
W02000280,2021,Rhondda Cynon Taf 029
W02000280,2023,Rhondda Cynon Taf 029
W02000280,2025,Rhondda Cynon Taf 029
W02000281,2021,Rhondda Cynon Taf 030
W02000281,2023,Rhondda Cynon Taf 030
W02000281,2025,Rhondda Cynon Taf 030
W02000282,2021,Rhondda Cynon Taf 031
W02000282,2023,Rhondda Cynon Taf 031
W02000282,2025,Rhondda Cynon Taf 031
W02000284,2021,Merthyr Tydfil 002
W02000284,2023,Merthyr Tydfil 002
W02000284,2025,Merthyr Tydfil 002
W02000285,2021,Merthyr Tydfil 003
W02000285,2023,Merthyr Tydfil 003
W02000285,2025,Merthyr Tydfil 003
W02000286,2021,Merthyr Tydfil 004
W02000286,2023,Merthyr Tydfil 004
W02000286,2025,Merthyr Tydfil 004
W02000287,2021,Merthyr Tydfil 005
W02000287,2023,Merthyr Tydfil 005
W02000287,2025,Merthyr Tydfil 005
W02000288,2021,Merthyr Tydfil 006
W02000288,2023,Merthyr Tydfil 006
W02000288,2025,Merthyr Tydfil 006
W02000289,2021,Merthyr Tydfil 007
W02000289,2023,Merthyr Tydfil 007
W02000289,2025,Merthyr Tydfil 007
W02000290,2021,Caerphilly 001
W02000290,2023,Caerphilly 001
W02000290,2025,Caerphilly 001
W02000291,2021,Caerphilly 002
W02000291,2023,Caerphilly 002
W02000291,2025,Caerphilly 002
W02000292,2021,Caerphilly 003
W02000292,2023,Caerphilly 003
W02000292,2025,Caerphilly 003
W02000293,2021,Caerphilly 004
W02000293,2023,Caerphilly 004
W02000293,2025,Caerphilly 004
W02000294,2021,Caerphilly 005
W02000294,2023,Caerphilly 005
W02000294,2025,Caerphilly 005
W02000295,2021,Caerphilly 006
W02000295,2023,Caerphilly 006
W02000295,2025,Caerphilly 006
W02000296,2021,Caerphilly 007
W02000296,2023,Caerphilly 007
W02000296,2025,Caerphilly 007
W02000297,2021,Caerphilly 008
W02000297,2023,Caerphilly 008
W02000297,2025,Caerphilly 008
W02000298,2021,Caerphilly 009
W02000298,2023,Caerphilly 009
W02000298,2025,Caerphilly 009
W02000299,2021,Caerphilly 010
W02000299,2023,Caerphilly 010
W02000299,2025,Caerphilly 010
W02000300,2021,Caerphilly 011
W02000300,2023,Caerphilly 011
W02000300,2025,Caerphilly 011
W02000301,2021,Caerphilly 012
W02000301,2023,Caerphilly 012
W02000301,2025,Caerphilly 012
W02000302,2021,Caerphilly 013
W02000302,2023,Caerphilly 013
W02000302,2025,Caerphilly 013
W02000303,2021,Caerphilly 014
W02000303,2023,Caerphilly 014
W02000303,2025,Caerphilly 014
W02000304,2021,Caerphilly 015
W02000304,2023,Caerphilly 015
W02000304,2025,Caerphilly 015
W02000305,2021,Caerphilly 016
W02000305,2023,Caerphilly 016
W02000305,2025,Caerphilly 016
W02000306,2021,Caerphilly 017
W02000306,2023,Caerphilly 017
W02000306,2025,Caerphilly 017
W02000307,2021,Caerphilly 018
W02000307,2023,Caerphilly 018
W02000307,2025,Caerphilly 018
W02000308,2021,Caerphilly 019
W02000308,2023,Caerphilly 019
W02000308,2025,Caerphilly 019
W02000309,2021,Caerphilly 020
W02000309,2023,Caerphilly 020
W02000309,2025,Caerphilly 020
W02000310,2021,Caerphilly 021
W02000310,2023,Caerphilly 021
W02000310,2025,Caerphilly 021
W02000311,2021,Caerphilly 022
W02000311,2023,Caerphilly 022
W02000311,2025,Caerphilly 022
W02000312,2021,Caerphilly 023
W02000312,2023,Caerphilly 023
W02000312,2025,Caerphilly 023
W02000313,2021,Caerphilly 024
W02000313,2023,Caerphilly 024
W02000313,2025,Caerphilly 024
W02000314,2021,Blaenau Gwent 001
W02000314,2023,Blaenau Gwent 001
W02000314,2025,Blaenau Gwent 001
W02000315,2021,Blaenau Gwent 002
W02000315,2023,Blaenau Gwent 002
W02000315,2025,Blaenau Gwent 002
W02000316,2021,Blaenau Gwent 003
W02000316,2023,Blaenau Gwent 003
W02000316,2025,Blaenau Gwent 003
W02000317,2021,Blaenau Gwent 004
W02000317,2023,Blaenau Gwent 004
W02000317,2025,Blaenau Gwent 004
W02000318,2021,Blaenau Gwent 005
W02000318,2023,Blaenau Gwent 005
W02000318,2025,Blaenau Gwent 005
W02000319,2021,Blaenau Gwent 006
W02000319,2023,Blaenau Gwent 006
W02000319,2025,Blaenau Gwent 006
W02000320,2021,Blaenau Gwent 007
W02000320,2023,Blaenau Gwent 007
W02000320,2025,Blaenau Gwent 007
W02000321,2021,Blaenau Gwent 008
W02000321,2023,Blaenau Gwent 008
W02000321,2025,Blaenau Gwent 008
W02000322,2021,Blaenau Gwent 009
W02000322,2023,Blaenau Gwent 009
W02000322,2025,Blaenau Gwent 009
W02000323,2021,Torfaen 001
W02000323,2023,Torfaen 001
W02000323,2025,Torfaen 001
W02000324,2021,Torfaen 002
W02000324,2023,Torfaen 002
W02000324,2025,Torfaen 002
W02000325,2021,Torfaen 003
W02000325,2023,Torfaen 003
W02000325,2025,Torfaen 003
W02000326,2021,Torfaen 004
W02000326,2023,Torfaen 004
W02000326,2025,Torfaen 004
W02000327,2021,Torfaen 005
W02000327,2023,Torfaen 005
W02000327,2025,Torfaen 005
W02000328,2021,Torfaen 006
W02000328,2023,Torfaen 006
W02000328,2025,Torfaen 006
W02000329,2021,Torfaen 007
W02000329,2023,Torfaen 007
W02000329,2025,Torfaen 007
W02000330,2021,Torfaen 008
W02000330,2023,Torfaen 008
W02000330,2025,Torfaen 008
W02000331,2021,Torfaen 009
W02000331,2023,Torfaen 009
W02000331,2025,Torfaen 009
W02000332,2021,Torfaen 010
W02000332,2023,Torfaen 010
W02000332,2025,Torfaen 010
W02000333,2021,Torfaen 011
W02000333,2023,Torfaen 011
W02000333,2025,Torfaen 011
W02000334,2021,Torfaen 012
W02000334,2023,Torfaen 012
W02000334,2025,Torfaen 012
W02000335,2021,Torfaen 013
W02000335,2023,Torfaen 013
W02000335,2025,Torfaen 013
W02000336,2021,Monmouthshire 001
W02000336,2023,Monmouthshire 001
W02000336,2025,Monmouthshire 001
W02000337,2021,Monmouthshire 002
W02000337,2023,Monmouthshire 002
W02000337,2025,Monmouthshire 002
W02000338,2021,Monmouthshire 003
W02000338,2023,Monmouthshire 003
W02000338,2025,Monmouthshire 003
W02000339,2021,Monmouthshire 004
W02000339,2023,Monmouthshire 004
W02000339,2025,Monmouthshire 004
W02000340,2021,Monmouthshire 005
W02000340,2023,Monmouthshire 005
W02000340,2025,Monmouthshire 005
W02000341,2021,Monmouthshire 006
W02000341,2023,Monmouthshire 006
W02000341,2025,Monmouthshire 006
W02000342,2021,Monmouthshire 007
W02000342,2023,Monmouthshire 007
W02000342,2025,Monmouthshire 007
W02000343,2021,Monmouthshire 008
W02000343,2023,Monmouthshire 008
W02000343,2025,Monmouthshire 008
W02000344,2021,Monmouthshire 009
W02000344,2023,Monmouthshire 009
W02000344,2025,Monmouthshire 009
W02000345,2021,Monmouthshire 010
W02000345,2023,Monmouthshire 010
W02000345,2025,Monmouthshire 010
W02000346,2021,Monmouthshire 011
W02000346,2023,Monmouthshire 011
W02000346,2025,Monmouthshire 011
W02000347,2021,Newport 001
W02000347,2023,Newport 001
W02000347,2025,Newport 001
W02000348,2021,Newport 002
W02000348,2023,Newport 002
W02000348,2025,Newport 002
W02000349,2021,Newport 003
W02000349,2023,Newport 003
W02000349,2025,Newport 003
W02000350,2021,Newport 004
W02000350,2023,Newport 004
W02000350,2025,Newport 004
W02000351,2021,Newport 005
W02000351,2023,Newport 005
W02000351,2025,Newport 005
W02000352,2021,Newport 006
W02000352,2023,Newport 006
W02000352,2025,Newport 006
W02000353,2021,Newport 007
W02000353,2023,Newport 007
W02000353,2025,Newport 007
W02000354,2021,Newport 008
W02000354,2023,Newport 008
W02000354,2025,Newport 008
W02000355,2021,Newport 009
W02000355,2023,Newport 009
W02000355,2025,Newport 009
W02000356,2021,Newport 010
W02000356,2023,Newport 010
W02000356,2025,Newport 010
W02000357,2021,Newport 011
W02000357,2023,Newport 011
W02000357,2025,Newport 011
W02000358,2021,Newport 012
W02000358,2023,Newport 012
W02000358,2025,Newport 012
W02000359,2021,Newport 013
W02000359,2023,Newport 013
W02000359,2025,Newport 013
W02000360,2021,Newport 014
W02000360,2023,Newport 014
W02000360,2025,Newport 014
W02000361,2021,Newport 015
W02000361,2023,Newport 015
W02000361,2025,Newport 015
W02000362,2021,Newport 016
W02000362,2023,Newport 016
W02000362,2025,Newport 016
W02000363,2021,Newport 017
W02000363,2023,Newport 017
W02000363,2025,Newport 017
W02000364,2021,Newport 018
W02000364,2023,Newport 018
W02000364,2025,Newport 018
W02000365,2021,Newport 019
W02000365,2023,Newport 019
W02000365,2025,Newport 019
W02000366,2021,Newport 020
W02000366,2023,Newport 020
W02000366,2025,Newport 020
W02000367,2021,Cardiff 001
W02000367,2023,Cardiff 001
W02000367,2025,Cardiff 001
W02000368,2021,Cardiff 002
W02000368,2023,Cardiff 002
W02000368,2025,Cardiff 002
W02000369,2021,Cardiff 003
W02000369,2023,Cardiff 003
W02000369,2025,Cardiff 003
W02000370,2021,Cardiff 004
W02000370,2023,Cardiff 004
W02000370,2025,Cardiff 004
W02000371,2021,Cardiff 005
W02000371,2023,Cardiff 005
W02000371,2025,Cardiff 005
W02000372,2021,Cardiff 006
W02000372,2023,Cardiff 006
W02000372,2025,Cardiff 006
W02000373,2021,Cardiff 007
W02000373,2023,Cardiff 007
W02000373,2025,Cardiff 007
W02000374,2021,Cardiff 008
W02000374,2023,Cardiff 008
W02000374,2025,Cardiff 008
W02000375,2021,Cardiff 009
W02000375,2023,Cardiff 009
W02000375,2025,Cardiff 009
W02000376,2021,Cardiff 010
W02000376,2023,Cardiff 010
W02000376,2025,Cardiff 010
W02000377,2021,Cardiff 011
W02000377,2023,Cardiff 011
W02000377,2025,Cardiff 011
W02000378,2021,Cardiff 012
W02000378,2023,Cardiff 012
W02000378,2025,Cardiff 012
W02000379,2021,Cardiff 013
W02000379,2023,Cardiff 013
W02000379,2025,Cardiff 013
W02000380,2021,Cardiff 014
W02000380,2023,Cardiff 014
W02000380,2025,Cardiff 014
W02000381,2021,Cardiff 015
W02000381,2023,Cardiff 015
W02000381,2025,Cardiff 015
W02000382,2021,Cardiff 016
W02000382,2023,Cardiff 016
W02000382,2025,Cardiff 016
W02000383,2021,Cardiff 017
W02000383,2023,Cardiff 017
W02000383,2025,Cardiff 017
W02000384,2021,Cardiff 018
W02000384,2023,Cardiff 018
W02000384,2025,Cardiff 018
W02000385,2021,Cardiff 019
W02000385,2023,Cardiff 019
W02000385,2025,Cardiff 019
W02000386,2021,Cardiff 020
W02000386,2023,Cardiff 020
W02000386,2025,Cardiff 020
W02000387,2021,Cardiff 021
W02000387,2023,Cardiff 021
W02000387,2025,Cardiff 021
W02000388,2021,Cardiff 022
W02000388,2023,Cardiff 022
W02000388,2025,Cardiff 022
W02000389,2021,Cardiff 023
W02000389,2023,Cardiff 023
W02000389,2025,Cardiff 023
W02000390,2021,Cardiff 024
W02000390,2023,Cardiff 024
W02000390,2025,Cardiff 024
W02000391,2021,Cardiff 025
W02000391,2023,Cardiff 025
W02000391,2025,Cardiff 025
W02000392,2021,Cardiff 026
W02000392,2023,Cardiff 026
W02000392,2025,Cardiff 026
W02000393,2021,Cardiff 027
W02000393,2023,Cardiff 027
W02000393,2025,Cardiff 027
W02000394,2021,Cardiff 028
W02000394,2023,Cardiff 028
W02000394,2025,Cardiff 028
W02000395,2021,Cardiff 029
W02000395,2023,Cardiff 029
W02000395,2025,Cardiff 029
W02000396,2021,Cardiff 030
W02000396,2023,Cardiff 030
W02000396,2025,Cardiff 030
W02000397,2021,Cardiff 031
W02000397,2023,Cardiff 031
W02000397,2025,Cardiff 031
W02000398,2021,Cardiff 032
W02000398,2023,Cardiff 032
W02000398,2025,Cardiff 032
W02000399,2021,Cardiff 033
W02000399,2023,Cardiff 033
W02000399,2025,Cardiff 033
W02000400,2021,Cardiff 034
W02000400,2023,Cardiff 034
W02000400,2025,Cardiff 034
W02000401,2021,Cardiff 035
W02000401,2023,Cardiff 035
W02000401,2025,Cardiff 035
W02000402,2021,Cardiff 036
W02000402,2023,Cardiff 036
W02000402,2025,Cardiff 036
W02000403,2021,Cardiff 037
W02000403,2023,Cardiff 037
W02000403,2025,Cardiff 037
W02000404,2021,Cardiff 038
W02000404,2023,Cardiff 038
W02000404,2025,Cardiff 038
W02000405,2021,Cardiff 039
W02000405,2023,Cardiff 039
W02000405,2025,Cardiff 039
W02000406,2021,Cardiff 040
W02000406,2023,Cardiff 040
W02000406,2025,Cardiff 040
W02000407,2021,Cardiff 041
W02000407,2023,Cardiff 041
W02000407,2025,Cardiff 041
W02000408,2021,Cardiff 042
W02000408,2023,Cardiff 042
W02000408,2025,Cardiff 042
W02000409,2021,Cardiff 043
W02000409,2023,Cardiff 043
W02000409,2025,Cardiff 043
W02000410,2021,Cardiff 044
W02000410,2023,Cardiff 044
W02000410,2025,Cardiff 044
W02000411,2021,Cardiff 045
W02000411,2023,Cardiff 045
W02000411,2025,Cardiff 045
W02000412,2021,Cardiff 046
W02000412,2023,Cardiff 046
W02000412,2025,Cardiff 046
W02000414,2021,Powys 020
W02000414,2023,Powys 020
W02000414,2025,Powys 020
W02000415,2021,Merthyr Tydfil 008
W02000415,2023,Merthyr Tydfil 008
W02000415,2025,Merthyr Tydfil 008
W02000416,2021,Powys 021
W02000416,2023,Powys 021
W02000416,2025,Powys 021
W02000417,2021,Neath Port Talbot 020
W02000417,2023,Neath Port Talbot 020
W02000417,2025,Neath Port Talbot 020
W02000418,2021,Carmarthenshire 027
W02000418,2023,Carmarthenshire 027
W02000418,2025,Carmarthenshire 027
W02000419,2021,Denbighshire 017
W02000419,2023,Denbighshire 017
W02000419,2025,Denbighshire 017
W02000421,2021,Ceredigion 011
W02000421,2023,Ceredigion 011
W02000421,2025,Ceredigion 011
W02000422,2021,Cardiff 048
W02000422,2023,Cardiff 048
W02000422,2025,Cardiff 048
W02000423,2021,Cardiff 049
W02000423,2023,Cardiff 049
W02000423,2025,Cardiff 049
W02000424,2021,Wrexham 021
W02000424,2023,Wrexham 021
W02000424,2025,Wrexham 021
W02000425,2021,Wrexham 022
W02000425,2023,Wrexham 022
W02000425,2025,Wrexham 022
W02000426,2021,Wrexham 023
W02000426,2023,Wrexham 023
W02000426,2025,Wrexham 023
W02000427,2021,Neath Port Talbot 021
W02000427,2023,Neath Port Talbot 021
W02000427,2025,Neath Port Talbot 021
W02000428,2021,Swansea 032
W02000428,2023,Swansea 032
W02000428,2025,Swansea 032
