area_id,time_id,msoa_name,inla,summer,diff
W02000001,2025,Isle of Anglesey 001,0.030340412465228273,0.031000882007588666,-6.60469542360393e-4
W02000002,2025,Isle of Anglesey 002,0.023085493671377095,0.023391568953786135,-3.0607528240904e-4
W02000003,2025,Isle of Anglesey 003,0.038480508590832595,0.03621919214323208,0.0022613164476005115
W02000004,2025,Isle of Anglesey 004,0.029050466843201502,0.0286500945541779,4.003722890236032e-4
W02000005,2025,Isle of Anglesey 005,0.02138423291692161,0.02334587314425115,-0.0019616402273295377
W02000006,2025,Isle of Anglesey 006,0.03300224915492405,0.03301377671042851,-1.1527555504459164e-5
W02000007,2025,Isle of Anglesey 007,0.03719922533977181,0.03714490281703348,5.432252273832733e-5
W02000008,2025,Isle of Anglesey 008,0.028297900328593185,0.029130780931612057,-8.328806030188721e-4
W02000009,2025,Isle of Anglesey 009,0.03178776779096855,0.03146211859852379,3.256491924447588e-4
W02000010,2025,Gwynedd 001,0.07239845509713022,0.07148491052951242,9.135445676178022e-4
W02000011,2025,Gwynedd 002,0.042181792167679706,0.04211665989801067,6.513226966903957e-5
W02000012,2025,Gwynedd 003,0.036827785156061624,0.037809586447226866,-9.818012911652421e-4
W02000013,2025,Gwynedd 004,0.03669410789024866,0.03689629835433909,-2.0219046409042374e-4
W02000014,2025,Gwynedd 005,0.03676577350621105,0.03844033411383988,-0.0016745606076288347
W02000015,2025,Gwynedd 006,0.03302641177777417,0.03425511562558879,-0.0012287038478146217
W02000016,2025,Gwynedd 007,0.0304851819583203,0.030892564493810615,-4.073825354903131e-4
W02000017,2025,Gwynedd 008,0.03285223001754031,0.03322654906878021,-3.7431905123989917e-4
W02000018,2025,Gwynedd 009,0.025295159251012868,0.025386826987864132,-9.166773685126417e-5
W02000019,2025,Gwynedd 010,0.021573453754009063,0.020989593308095415,5.838604459136483e-4
W02000020,2025,Gwynedd 011,0.025431004266267113,0.02553147857334585,-1.0047430707873714e-4
W02000021,2025,Gwynedd 012,0.027949026259860905,0.02798600390508567,-3.6977645224763045e-5
W02000022,2025,Gwynedd 013,0.020428986626113303,0.021525237269899737,-0.0010962506437864339
W02000023,2025,Gwynedd 014,0.02676228055722058,0.0262000192690318,5.622612881887833e-4
W02000024,2025,Gwynedd 015,0.0292471766874244,0.029509516240215732,-2.6233955279133386e-4
W02000025,2025,Gwynedd 016,0.02204800254468979,0.023423065810086335,-0.0013750632653965443
W02000026,2025,Gwynedd 017,0.015722157151629775,0.015762120222262806,-3.996307063303117e-5
W02000027,2025,Conwy 001,0.01576819193781924,0.015572938318862268,1.9525361895697188e-4
W02000028,2025,Conwy 002,0.022910404607373026,0.022099860903013226,8.105437043598e-4
W02000029,2025,Conwy 003,0.02119717462938911,0.02192999747880518,-7.328228494160698e-4
W02000030,2025,Conwy 004,0.01739506931505825,0.017137534666144167,2.575346489140824e-4
W02000031,2025,Conwy 005,0.028138521614125115,0.028001667106321976,1.3685450780313857e-4
W02000032,2025,Conwy 006,0.02436757156521753,0.025151287416203587,-7.837158509860567e-4
W02000033,2025,Conwy 007,0.03210621756846409,0.03244306530874857,-3.368477402844808e-4
W02000034,2025,Conwy 008,0.03014195023177598,0.03006051230922283,8.14379225531521e-5
W02000035,2025,Conwy 009,0.03396844398900565,0.03391804594825636,5.0398040749286e-5
W02000036,2025,Conwy 010,0.019544178298089177,0.0195004587522817,4.3719545807476695e-5
W02000037,2025,Conwy 011,0.03496744157396727,0.03487839611517349,8.904545879378362e-5
W02000038,2025,Conwy 012,0.026895896877161506,0.02727469398955858,-3.7879711239707445e-4
W02000039,2025,Conwy 013,0.028606371037228767,0.02940008103225521,-7.937099950264433e-4
W02000040,2025,Conwy 014,0.03126767661619348,0.0323546412304187,-0.001086964614225222
W02000041,2025,Conwy 015,0.029061645542175066,0.02913433320913477,-7.268766695970458e-5
W02000042,2025,Denbighshire 001,0.023298059257265386,0.023744550603508056,-4.464913462426702e-4
W02000043,2025,Denbighshire 002,0.024959409177233802,0.02539284374917737,-4.334345719435688e-4
W02000044,2025,Denbighshire 003,0.028028372671006354,0.028797250332027645,-7.688776610212909e-4
W02000045,2025,Denbighshire 004,0.025397434013708774,0.025336589318609132,6.084469509964191e-5
W02000047,2025,Denbighshire 006,0.0417972446484245,0.04088252437431487,9.147202741096316e-4
W02000049,2025,Denbighshire 008,0.033640507101555035,0.03344614288415675,1.9436421739828236e-4
W02000050,2025,Denbighshire 009,0.0314703485919469,0.03149349899389449,-2.3150401947585886e-5
W02000051,2025,Denbighshire 010,0.02479200564660716,0.024906794249702525,-1.147886030953664e-4
W02000052,2025,Denbighshire 011,0.030944308396455303,0.03015173497621294,7.92573420242363e-4
W02000053,2025,Denbighshire 012,0.030859039849874002,0.031162465253576094,-3.034254037020921e-4
W02000054,2025,Denbighshire 013,0.03046055768256668,0.031190526679253386,-7.299689966867064e-4
W02000055,2025,Denbighshire 014,0.03155177193097904,0.032232274572777594,-6.805026417985513e-4
W02000056,2025,Denbighshire 015,0.03314791047518768,0.03352835098238093,-3.804405071932554e-4
W02000057,2025,Denbighshire 016,0.023432361246605957,0.023926634394097736,-4.942731474917791e-4
W02000058,2025,Flintshire 001,0.029564245456590456,0.029012522612156776,5.517228444336802e-4
W02000059,2025,Flintshire 002,0.03332147905520578,0.03388278863593683,-5.613095807310495e-4
W02000060,2025,Flintshire 003,0.0365388802681514,0.036089414707318614,4.4946556083278605e-4
W02000061,2025,Flintshire 004,0.03664360944320502,0.03645305161792792,1.9055782527710452e-4
W02000062,2025,Flintshire 005,0.03723578397117893,0.03825747625544687,-0.0010216922842679402
W02000063,2025,Flintshire 006,0.029291045311715967,0.030054227880985974,-7.631825692700073e-4
W02000064,2025,Flintshire 007,0.039124077969722726,0.03925262920938615,-1.2855123966342558e-4
W02000065,2025,Flintshire 008,0.04238378544643664,0.04266814050178474,-2.843550553481011e-4
W02000066,2025,Flintshire 009,0.03539492379877691,0.035589855730979246,-1.949319322023385e-4
W02000067,2025,Flintshire 010,0.039309689331511,0.03964940334783001,-3.3971401631900655e-4
W02000068,2025,Flintshire 011,0.0345041861279217,0.035134615609068644,-6.304294811469435e-4
W02000069,2025,Flintshire 012,0.03434561442284589,0.03502317902849997,-6.77564605654081e-4
W02000070,2025,Flintshire 013,0.037725123088863916,0.03859473768072519,-8.69614591861273e-4
W02000071,2025,Flintshire 014,0.03166139797264119,0.03226503541088617,-6.036374382449791e-4
W02000072,2025,Flintshire 015,0.04352960062455565,0.04443941957196702,-9.098189474113713e-4
W02000073,2025,Flintshire 016,0.032240219112385865,0.033174122677288594,-9.339035649027286e-4
W02000074,2025,Flintshire 017,0.03876462410581767,0.03893143142384556,-1.6680731802788673e-4
W02000075,2025,Flintshire 018,0.040090155072138,0.040032764140232886,5.739093190511302e-5
W02000076,2025,Flintshire 019,0.031994730831253405,0.0318019439722357,1.9278685901770454e-4
W02000077,2025,Flintshire 020,0.032995345273131124,0.03361768868119558,-6.223434080644547e-4
W02000080,2025,Wrexham 003,0.04049808677411236,0.04191632893039843,-0.0014182421562860675
W02000081,2025,Wrexham 004,0.03921773315298027,0.04045689778091415,-0.0012391646279338794
W02000082,2025,Wrexham 005,0.04338124658088294,0.04402883024633743,-6.475836654544903e-4
W02000083,2025,Wrexham 006,0.0406209899598288,0.040862184918785044,-2.4119495895624093e-4
W02000085,2025,Wrexham 008,0.034307324021667744,0.035202967514187396,-8.956434925196516e-4
W02000087,2025,Wrexham 010,0.041879018036543494,0.04343107903719641,-0.0015520610006529156
W02000088,2025,Wrexham 011,0.04128625197838029,0.04153922969260834,-2.5297771422805315e-4
W02000089,2025,Wrexham 012,0.043037024223581494,0.04496742102046857,-0.001930396796887078
W02000090,2025,Wrexham 013,0.03659522471280967,0.0361837616324188,4.114630803908684e-4
W02000091,2025,Wrexham 014,0.0367338266548298,0.037691721102261135,-9.578944474313358e-4
W02000092,2025,Wrexham 015,0.03502293878976747,0.03563294655885762,-6.100077690901484e-4
W02000093,2025,Wrexham 016,0.03623925763290016,0.03700537839197601,-7.661207590758529e-4
W02000094,2025,Wrexham 017,0.03394096641343021,0.034208019657602326,-2.670532441721163e-4
W02000095,2025,Wrexham 018,0.030648329362523638,0.030678726816965096,-3.0397454441458138e-5
W02000096,2025,Wrexham 019,0.030914436736841317,0.031618064119949205,-7.036273831078875e-4
W02000097,2025,Powys 001,0.0287591952217024,0.02780146395290163,9.577312688007697e-4
W02000098,2025,Powys 002,0.03036171069626998,0.03042713833191017,-6.542763564018964e-5
W02000099,2025,Powys 003,0.02837321577535186,0.02860248312349958,-2.2926734814772073e-4
W02000100,2025,Powys 004,0.02778435903275276,0.027573148410664296,2.1121062208846395e-4
W02000101,2025,Powys 005,0.03038229318057747,0.03069139644031672,-3.09103259739249e-4
W02000102,2025,Powys 006,0.030680661266098308,0.03134054778899587,-6.598865228975639e-4
W02000103,2025,Powys 007,0.030517470890102653,0.03144795640981278,-9.304855197101274e-4
W02000104,2025,Powys 008,0.0277390655400196,0.027539872217301132,1.9919332271846682e-4
W02000105,2025,Powys 009,0.041658343166006945,0.041439793712246965,2.1854945375997942e-4
W02000106,2025,Powys 010,0.02724375448715922,0.027672815746399092,-4.2906125923987057e-4
W02000107,2025,Powys 011,0.02652888026465594,0.025683278422709472,8.456018419464688e-4
W02000108,2025,Powys 012,0.024708175555682187,0.026041381364009793,-0.0013332058083276067
W02000109,2025,Powys 013,0.02457955067072904,0.024246154179504355,3.333964912246856e-4
W02000110,2025,Powys 014,0.028892176690636314,0.028759611624965008,1.3256506567130635e-4
W02000111,2025,Powys 015,0.02730964230119736,0.02701960454050275,2.900377606946114e-4
W02000113,2025,Powys 017,0.03431912046184116,0.03398826409047206,3.3085637136909957e-4
W02000114,2025,Powys 018,0.024657142371371468,0.025814890025960092,-0.0011577476545886235
W02000116,2025,Ceredigion 001,0.029208339990733717,0.031012159443258976,-0.0018038194525252585
W02000117,2025,Ceredigion 002,0.06286816114466971,0.06168278050133461,0.0011853806433351002
W02000118,2025,Ceredigion 003,0.042148690694235734,0.04215234019825517,-3.6495040194386985e-6
W02000120,2025,Ceredigion 005,0.025875106774665063,0.02692014165622629,-0.001045034881561227
W02000122,2025,Ceredigion 007,0.025581458986970968,0.02660020941517473,-0.001018750428203763
W02000123,2025,Ceredigion 008,0.02929603494934724,0.03039301746188552,-0.0010969825125382825
W02000124,2025,Ceredigion 009,0.023529640277181473,0.02378221585850403,-2.525755813225575e-4
W02000125,2025,Ceredigion 010,0.023764764167156203,0.024284034012694754,-5.192698455385517e-4
W02000126,2025,Pembrokeshire 001,0.031738056267073794,0.031737680228079976,3.760389938184394e-7
W02000127,2025,Pembrokeshire 002,0.025940532418807262,0.026243489802897427,-3.0295738409016545e-4
W02000128,2025,Pembrokeshire 003,0.02985373329063084,0.03032422604264694,-4.704927520161016e-4
W02000129,2025,Pembrokeshire 004,0.03165377816748752,0.03202384825910819,-3.700700916206695e-4
W02000130,2025,Pembrokeshire 005,0.040015985675209836,0.03943196497155532,5.840207036545142e-4
W02000131,2025,Pembrokeshire 006,0.03486806929094,0.03506894398687297,-2.008746959329677e-4
W02000132,2025,Pembrokeshire 007,0.030096009570349552,0.03018483782167977,-8.882825133021618e-5
W02000133,2025,Pembrokeshire 008,0.029810671564585205,0.029878885508896058,-6.821394431085273e-5
W02000134,2025,Pembrokeshire 009,0.0336166177466306,0.03408290404276254,-4.6628629613194167e-4
W02000135,2025,Pembrokeshire 010,0.03319975746064393,0.03276428621550754,4.3547124513639013e-4
W02000136,2025,Pembrokeshire 011,0.02386888362892576,0.023866525778754023,2.3578501717365363e-6
W02000137,2025,Pembrokeshire 012,0.03781335546816106,0.03696380651762837,8.495489505326859e-4
W02000138,2025,Pembrokeshire 013,0.038607133551483486,0.039018759410664385,-4.1162585918089883e-4
W02000139,2025,Pembrokeshire 014,0.02707456197186989,0.027883718438627893,-8.091564667580022e-4
W02000140,2025,Pembrokeshire 015,0.03376143331819266,0.03387267887441838,-1.1124555622572113e-4
W02000141,2025,Pembrokeshire 016,0.017898456676108544,0.018424936084596104,-5.264794084875596e-4
W02000142,2025,Carmarthenshire 001,0.030495874479198055,0.031114292457488105,-6.184179782900492e-4
W02000143,2025,Carmarthenshire 002,0.027671372068876564,0.02750713340820712,1.6423866066944334e-4
W02000144,2025,Carmarthenshire 003,0.0291897489582312,0.028890216414639253,2.995325435919474e-4
W02000145,2025,Carmarthenshire 004,0.027778272848120546,0.027871058438574025,-9.278559045347926e-5
W02000146,2025,Carmarthenshire 005,0.031153693378641233,0.03145672376821328,-3.0303038957204403e-4
W02000147,2025,Carmarthenshire 006,0.04099587753762717,0.04107982626666506,-8.394872903788597e-5
W02000148,2025,Carmarthenshire 007,0.03665709426770596,0.037880906968691994,-0.0012238127009860308
W02000149,2025,Carmarthenshire 008,0.023529911165592464,0.02306364103585785,4.662701297346132e-4
W02000151,2025,Carmarthenshire 010,0.03350521958248775,0.03323365159850743,2.7156798398032117e-4
W02000152,2025,Carmarthenshire 011,0.030638996631380234,0.030331282489923214,3.077141414570203e-4
W02000153,2025,Carmarthenshire 012,0.030408011025558564,0.03103530969915263,-6.272986735940643e-4
W02000154,2025,Carmarthenshire 013,0.032271611243521965,0.03241679749864166,-1.4518625511969474e-4
W02000156,2025,Carmarthenshire 015,0.037317484590827704,0.037606367537887896,-2.888829470601914e-4
W02000157,2025,Carmarthenshire 016,0.036539493897734594,0.03681159750935974,-2.7210361162514907e-4
W02000158,2025,Carmarthenshire 017,0.03996400914439634,0.03918036231195169,7.836468324446469e-4
W02000159,2025,Carmarthenshire 018,0.03223482170084214,0.03179028896184219,4.44532738999949e-4
W02000160,2025,Carmarthenshire 019,0.032225660137993675,0.03271297201335607,-4.8731187536239784e-4
W02000161,2025,Carmarthenshire 020,0.03583714288970975,0.03628305124767788,-4.4590835796812917e-4
W02000162,2025,Carmarthenshire 021,0.026782499232545505,0.02706344026018369,-2.809410276381867e-4
W02000163,2025,Carmarthenshire 022,0.03949459779146742,0.039878336152850205,-3.8373836138278633e-4
W02000164,2025,Carmarthenshire 023,0.034207412672973496,0.034121880003434524,8.553266953897215e-5
W02000165,2025,Carmarthenshire 024,0.040470651266260524,0.04044873232613101,2.1918940129511677e-5
W02000166,2025,Carmarthenshire 025,0.04350363354667788,0.043926052967985664,-4.224194213077806e-4
W02000167,2025,Carmarthenshire 026,0.039228476352965634,0.038360111759051296,8.683645939143378e-4
W02000168,2025,Swansea 001,0.03738931124828264,0.03777644355382932,-3.8713230554668354e-4
W02000169,2025,Swansea 002,0.035312532885052914,0.03491072543770291,4.0180744735000135e-4
W02000170,2025,Swansea 003,0.03592968902639361,0.035976198061711706,-4.6509035318095804e-5
W02000171,2025,Swansea 004,0.04414485640514303,0.0440604697859247,8.438661921833512e-5
W02000172,2025,Swansea 005,0.03859851720379593,0.039481019902938945,-8.825026991430146e-4
W02000173,2025,Swansea 006,0.04815013037840292,0.04758134764804419,5.687827303587287e-4
W02000174,2025,Swansea 007,0.03824690496786831,0.03774654684007109,5.003581277972236e-4
W02000175,2025,Swansea 008,0.0384509237860674,0.0384949345003397,-4.4010714272305074e-5
W02000176,2025,Swansea 009,0.0332865579353441,0.03350575628512557,-2.1919834978146452e-4
W02000177,2025,Swansea 010,0.04307421110269544,0.04204288736522614,0.0010313237374692946
W02000178,2025,Swansea 011,0.04563990603384826,0.045682050067685054,-4.214403383679538e-5
W02000179,2025,Swansea 012,0.035000801747018036,0.03465889615025559,3.4190559676244847e-4
W02000180,2025,Swansea 013,0.04271270007778769,0.042860525007286404,-1.478249294987119e-4
W02000181,2025,Swansea 014,0.03798033651435533,0.03789477047527295,8.556603908238536e-5
W02000182,2025,Swansea 015,0.045219804498934646,0.045316125581320456,-9.632108238580989e-5
W02000183,2025,Swansea 016,0.04694327725677133,0.04641748397479446,5.25793281976869e-4
W02000184,2025,Swansea 017,0.03495815267329514,0.03485190003358135,1.0625263971379001e-4
W02000185,2025,Swansea 018,0.029715043468508204,0.0293577808823371,3.5726258617110526e-4
W02000186,2025,Swansea 019,0.04439071585898187,0.045064013221828146,-6.732973628462771e-4
W02000188,2025,Swansea 021,0.04297024433394833,0.04178556308640258,0.0011846812475457547
W02000189,2025,Swansea 022,0.031784505051457364,0.0320358545657747,-2.5134951431733665e-4
W02000191,2025,Swansea 024,0.06013239029722633,0.05997481996653314,1.5757033069319082e-4
W02000192,2025,Swansea 025,0.04498157762741439,0.043973091508724325,0.0010084861186900676
W02000193,2025,Swansea 026,0.0745489944868946,0.0755388960555621,-9.899015686675033e-4
W02000194,2025,Swansea 027,0.042810990061850455,0.043479869392809685,-6.688793309592295e-4
W02000195,2025,Swansea 028,0.019432901295228205,0.020818093938545185,-0.00138519264331698
W02000196,2025,Swansea 029,0.02678198307111708,0.02777525953151972,-9.93276460402641e-4
W02000197,2025,Swansea 030,0.020869361252556097,0.020385563914341355,4.83797338214742e-4
W02000198,2025,Swansea 031,0.02329293845651125,0.023555516422471653,-2.625779659604019e-4
W02000200,2025,Neath Port Talbot 002,0.03339697741024156,0.033341294886623185,5.5682523618372226e-5
W02000201,2025,Neath Port Talbot 003,0.03023265164220398,0.030305664096922813,-7.30124547188328e-5
W02000202,2025,Neath Port Talbot 004,0.036684071097816795,0.03628779708527213,3.9627401254466177e-4
W02000204,2025,Neath Port Talbot 006,0.03295644043146194,0.03268118749515686,2.7525293630507874e-4
W02000205,2025,Neath Port Talbot 007,0.029561741927768708,0.029342699817286527,2.1904211048218158e-4
W02000206,2025,Neath Port Talbot 008,0.029056523131315164,0.028708036588001116,3.4848654331404855e-4
W02000207,2025,Neath Port Talbot 009,0.033269148064978445,0.03326189027574317,7.257789235277923e-6
W02000208,2025,Neath Port Talbot 010,0.05469220662548887,0.05507117389776841,-3.789672722795401e-4
W02000210,2025,Neath Port Talbot 012,0.04252390454528859,0.04193087902696473,5.9302551832386e-4
W02000211,2025,Neath Port Talbot 013,0.03584972402161453,0.03542723564927709,4.224883723374373e-4
W02000212,2025,Neath Port Talbot 014,0.03768887389489362,0.03695281957896422,7.360543159294006e-4
W02000213,2025,Neath Port Talbot 015,0.036379169178961585,0.035643866574437875,7.35302604523709e-4
W02000214,2025,Neath Port Talbot 016,0.037876118666044276,0.03790027734776338,-2.4158681719101127e-5
W02000215,2025,Neath Port Talbot 017,0.03949322720111571,0.039832774446300644,-3.3954724518493046e-4
W02000216,2025,Neath Port Talbot 018,0.03770469402367429,0.0362752151903299,0.0014294788333443914
W02000217,2025,Neath Port Talbot 019,0.038576487597239716,0.03781577408322826,7.607135140114546e-4
W02000218,2025,Bridgend 001,0.03700559700135132,0.03676031258196502,2.4528441938630186e-4
W02000219,2025,Bridgend 002,0.0356386794266088,0.035526596962647525,1.1208246396127858e-4
W02000220,2025,Bridgend 003,0.038259656174588354,0.03702300307295737,0.0012366531016309856
W02000221,2025,Bridgend 004,0.04083667575797243,0.04029766446458852,5.390112933839133e-4
W02000222,2025,Bridgend 005,0.0328852833091262,0.03323223652740214,-3.46953218275943e-4
W02000223,2025,Bridgend 006,0.039053254997219164,0.038842019678263597,2.112353189555674e-4
W02000224,2025,Bridgend 007,0.042449405520302595,0.04323994387065782,-7.905383503552244e-4
W02000225,2025,Bridgend 008,0.03861207763150863,0.037655275085402555,9.568025461060767e-4
W02000226,2025,Bridgend 009,0.03840334537669023,0.03827452167022009,1.288237064701464e-4
W02000227,2025,Bridgend 010,0.03984225721373722,0.03853894714889151,0.001303310064845714
W02000228,2025,Bridgend 011,0.059177225349649094,0.05888832568666896,2.888996629801313e-4
W02000229,2025,Bridgend 012,0.041015041754380206,0.04105611771871562,-4.107596433541166e-5
W02000230,2025,Bridgend 013,0.0356572755527059,0.03574649743483123,-8.922188212533155e-5
W02000231,2025,Bridgend 014,0.039904198980990284,0.03943835911404313,4.6583986694715557e-4
W02000232,2025,Bridgend 015,0.04304817387415364,0.043245658257585244,-1.9748438343160368e-4
W02000233,2025,Bridgend 016,0.04805765421581568,0.048822689857735246,-7.650356419195634e-4
W02000234,2025,Bridgend 017,0.05091936528854771,0.05103528179048054,-1.1591650193282926e-4
W02000235,2025,Bridgend 018,0.021898597879309117,0.02202975167362423,-1.3115379431511212e-4
W02000236,2025,Bridgend 019,0.027217999033911828,0.02775542280952334,-5.374237756115112e-4
W02000237,2025,Vale of Glamorgan 001,0.034541750422772945,0.034848958838082464,-3.072084153095192e-4
W02000238,2025,Vale of Glamorgan 002,0.024601454432093054,0.02419097661941625,4.104778126768037e-4
W02000239,2025,Vale of Glamorgan 003,0.03788425268233502,0.036714173368266094,0.001170079314068928
W02000240,2025,Vale of Glamorgan 004,0.04293493497632491,0.043698023648103594,-7.630886717786833e-4
W02000241,2025,Vale of Glamorgan 005,0.038642686099674625,0.04011836106347085,-0.0014756749637962266
W02000242,2025,Vale of Glamorgan 006,0.0311382582195599,0.030589302426145625,5.489557934142755e-4
W02000243,2025,Vale of Glamorgan 007,0.047449404725100966,0.04736890627876256,8.049844633840897e-5
W02000244,2025,Vale of Glamorgan 008,0.033013098646724096,0.03377425070035239,-7.611520536282973e-4
W02000245,2025,Vale of Glamorgan 009,0.04859322410824989,0.048888721234676025,-2.954971264261322e-4
W02000246,2025,Vale of Glamorgan 010,0.03244777675043259,0.031230550921260685,0.0012172258291719036
W02000247,2025,Vale of Glamorgan 011,0.03445494281174759,0.034458793513519693,-3.8507017721053916e-6
W02000248,2025,Vale of Glamorgan 012,0.05599352451467966,0.05732125727893312,-0.0013277327642534573
W02000249,2025,Vale of Glamorgan 013,0.04619842413876316,0.045962550973855563,2.3587316490759902e-4
W02000250,2025,Vale of Glamorgan 014,0.044041710082426036,0.043971687782117276,7.002230030875994e-5
W02000251,2025,Vale of Glamorgan 015,0.04396233814119996,0.043794445000065164,1.6789314113479364e-4
W02000252,2025,Rhondda Cynon Taf 001,0.03199188990954962,0.031032730154132705,9.591597554169141e-4
W02000253,2025,Rhondda Cynon Taf 002,0.036304555820808646,0.0358557537922553,4.4880202855334533e-4
W02000254,2025,Rhondda Cynon Taf 003,0.03612626512503678,0.035219156534224465,9.071085908123125e-4
W02000255,2025,Rhondda Cynon Taf 004,0.03472774037926941,0.03531331905055152,-5.855786712821096e-4
W02000256,2025,Rhondda Cynon Taf 005,0.03746843163251568,0.03619900096851998,0.0012694306639957006
W02000257,2025,Rhondda Cynon Taf 006,0.03486532579615921,0.03418395214402202,6.813736521371905e-4
W02000258,2025,Rhondda Cynon Taf 007,0.029900548749097106,0.029100207303457557,8.003414456395491e-4
W02000259,2025,Rhondda Cynon Taf 008,0.03835099293152922,0.03812063977338025,2.3035315814897567e-4
W02000260,2025,Rhondda Cynon Taf 009,0.02985338668980137,0.028502414129871468,0.0013509725599299034
W02000261,2025,Rhondda Cynon Taf 010,0.03481464184729092,0.03388075411645539,9.338877308355253e-4
W02000262,2025,Rhondda Cynon Taf 011,0.03731963441025745,0.036618186596569346,7.014478136881039e-4
W02000263,2025,Rhondda Cynon Taf 012,0.04063477893950676,0.040766427925322035,-1.3164898581527473e-4
W02000264,2025,Rhondda Cynon Taf 013,0.03693587926274454,0.03661306968653525,3.228095762092889e-4
W02000265,2025,Rhondda Cynon Taf 014,0.03698318709147344,0.035990909176656094,9.922779148173466e-4
W02000266,2025,Rhondda Cynon Taf 015,0.04014090656976465,0.03887522785511253,0.0012656787146521215
W02000267,2025,Rhondda Cynon Taf 016,0.03937645365176852,0.038524098069622634,8.523555821458861e-4
W02000268,2025,Rhondda Cynon Taf 017,0.0358186101893463,0.03518696685499494,6.316433343513603e-4
W02000269,2025,Rhondda Cynon Taf 018,0.03816707763791222,0.03775650290701632,4.1057473089589624e-4
W02000270,2025,Rhondda Cynon Taf 019,0.03980023148029991,0.039962273205546614,-1.6204172524670463e-4
W02000271,2025,Rhondda Cynon Taf 020,0.03647794608757425,0.03632033511004815,1.5761097752609726e-4
W02000272,2025,Rhondda Cynon Taf 021,0.03882840637326377,0.038074305887969416,7.541004852943539e-4
W02000273,2025,Rhondda Cynon Taf 022,0.05581585700055369,0.05384140949135371,0.001974447509199985
W02000274,2025,Rhondda Cynon Taf 023,0.04365427324617801,0.043338719483510924,3.155537626670854e-4
W02000275,2025,Rhondda Cynon Taf 024,0.03795407851531101,0.03820707977923696,-2.530012639259463e-4
W02000276,2025,Rhondda Cynon Taf 025,0.037353223954404366,0.03573224358178461,0.0016209803726197555
W02000277,2025,Rhondda Cynon Taf 026,0.035690045296497504,0.03572610878931188,-3.6063492814375486e-5
W02000278,2025,Rhondda Cynon Taf 027,0.04665221099764521,0.0468630567147415,-2.1084571709629324e-4
W02000279,2025,Rhondda Cynon Taf 028,0.046169440116550726,0.04558656654351706,5.828735730336668e-4
W02000280,2025,Rhondda Cynon Taf 029,0.04865056650279269,0.04845711095958176,1.9345554321092973e-4
W02000281,2025,Rhondda Cynon Taf 030,0.03583264285507549,0.035540665419613184,2.919774354623039e-4
W02000282,2025,Rhondda Cynon Taf 031,0.04350899302627279,0.042284012721699064,0.0012249803045737279
W02000284,2025,Merthyr Tydfil 002,0.0399350984319286,0.03932639829483263,6.087001370959702e-4
W02000285,2025,Merthyr Tydfil 003,0.036955928313655094,0.036236628118468124,7.193001951869699e-4
W02000286,2025,Merthyr Tydfil 004,0.03503725496935892,0.03435710948934155,6.801454800173731e-4
W02000287,2025,Merthyr Tydfil 005,0.04086051825724997,0.041290473719631675,-4.2995546238170507e-4
W02000288,2025,Merthyr Tydfil 006,0.03449839476504681,0.0339279746182348,5.70420146812009e-4
W02000289,2025,Merthyr Tydfil 007,0.041206249093273556,0.040814441850366937,3.918072429066194e-4
W02000290,2025,Caerphilly 001,0.03223451859379829,0.03275421456509505,-5.196959712967589e-4
W02000291,2025,Caerphilly 002,0.03441704224807874,0.03424735701456086,1.696852335178814e-4
W02000292,2025,Caerphilly 003,0.03818720737068412,0.038163540821545903,2.3666549138219584e-5
W02000293,2025,Caerphilly 004,0.037505462512187414,0.03743057713419763,7.488537798978206e-5
W02000294,2025,Caerphilly 005,0.03417908277484713,0.033839305057882484,3.397777169646468e-4
W02000295,2025,Caerphilly 006,0.04109800751288002,0.04104141481340995,5.659269947007328e-5
W02000296,2025,Caerphilly 007,0.038968373128554785,0.039737825564484214,-7.694524359294283e-4
W02000297,2025,Caerphilly 008,0.03797381456285155,0.03806659282565833,-9.277826280677803e-5
W02000298,2025,Caerphilly 009,0.04234706747999665,0.04232342382245058,2.364365754606995e-5
W02000299,2025,Caerphilly 010,0.0350794270456368,0.03596627357613884,-8.868465305020348e-4
W02000300,2025,Caerphilly 011,0.03760589896114462,0.03797727437487615,-3.713754137315284e-4
W02000301,2025,Caerphilly 012,0.04504715907061162,0.04492412760442272,1.2303146618889566e-4
W02000302,2025,Caerphilly 013,0.037736115742325695,0.0371791288790169,5.569868633087949e-4
W02000303,2025,Caerphilly 014,0.041024157269761115,0.04123496315570441,-2.1080588594329236e-4
W02000304,2025,Caerphilly 015,0.03790318397036852,0.03838792825295036,-4.8474428258183516e-4
W02000305,2025,Caerphilly 016,0.03991127056851213,0.04071638850761625,-8.051179391041149e-4
W02000306,2025,Caerphilly 017,0.03354023508222909,0.03405110522991902,-5.108701476899263e-4
W02000307,2025,Caerphilly 018,0.04157199823299618,0.04073480561355083,8.371926194453497e-4
W02000308,2025,Caerphilly 019,0.040146794977759616,0.0406842292560276,-5.374342782679814e-4
W02000309,2025,Caerphilly 020,0.03393535820513159,0.03539478956063505,-0.0014594313555034572
W02000310,2025,Caerphilly 021,0.03699275902125736,0.036118618717356867,8.741403039004905e-4
W02000311,2025,Caerphilly 022,0.0406661877545094,0.04186033351506116,-0.001194145760551761
W02000312,2025,Caerphilly 023,0.04094247211963729,0.04104057854993849,-9.810643030120497e-5
W02000313,2025,Caerphilly 024,0.04223963002872056,0.041763305674657476,4.763243540630846e-4
W02000314,2025,Blaenau Gwent 001,0.03356305441651615,0.03402154676733684,-4.584923508206898e-4
W02000315,2025,Blaenau Gwent 002,0.033352690825881506,0.03388000825885381,-5.273174329723032e-4
W02000316,2025,Blaenau Gwent 003,0.034440450984543736,0.0347201979811097,-2.79746996565966e-4
W02000317,2025,Blaenau Gwent 004,0.039881476774976714,0.039122084816688704,7.593919582880096e-4
W02000318,2025,Blaenau Gwent 005,0.03724353101000801,0.03673934965404569,5.041813559623215e-4
W02000319,2025,Blaenau Gwent 006,0.035567389636177976,0.03597460873880359,-4.0721910262561667e-4
W02000320,2025,Blaenau Gwent 007,0.03919198184055804,0.03829555771122291,8.964241293351327e-4
W02000321,2025,Blaenau Gwent 008,0.03516759740420751,0.03490629597592859,2.613014282789178e-4
W02000322,2025,Blaenau Gwent 009,0.036168898601814194,0.0359123432733282,2.5655532848599394e-4
W02000323,2025,Torfaen 001,0.03761495487582356,0.03661384994760128,0.0010011049282222795
W02000324,2025,Torfaen 002,0.039174320178345046,0.039231950238011036,-5.7630059665990385e-5
W02000325,2025,Torfaen 003,0.04055967728563643,0.0410260248566228,-4.6634757098637514e-4
W02000326,2025,Torfaen 004,0.03501632661697273,0.035052532410435565,-3.620579346283459e-5
W02000327,2025,Torfaen 005,0.028431781115022897,0.02903993605452063,-6.081549394977327e-4
W02000328,2025,Torfaen 006,0.04143400896759389,0.04273021472837124,-0.0012962057607773525
W02000329,2025,Torfaen 007,0.039273388675889094,0.03990867112177173,-6.352824458826373e-4
W02000330,2025,Torfaen 008,0.027071693975420936,0.02837422249422965,-0.0013025285188087155
W02000331,2025,Torfaen 009,0.04737628030528484,0.04878466328933928,-0.0014083829840544418
W02000332,2025,Torfaen 010,0.036599357783004285,0.03714253668217165,-5.431788991673639e-4
W02000333,2025,Torfaen 011,0.041365837056095055,0.041374492472692856,-8.655416597801169e-6
W02000334,2025,Torfaen 012,0.038845396249667936,0.03893591161867664,-9.051536900870488e-5
W02000335,2025,Torfaen 013,0.035527310313508115,0.035888115777239805,-3.608054637316907e-4
W02000336,2025,Monmouthshire 001,0.02399297397034688,0.02405472816097961,-6.175419063272902e-5
W02000337,2025,Monmouthshire 002,0.037062424792427745,0.03826852852400666,-0.0012061037315789155
W02000338,2025,Monmouthshire 003,0.026276270390915176,0.027040902916411893,-7.646325254967168e-4
W02000339,2025,Monmouthshire 004,0.028144946281485825,0.02811181976199492,3.312651949090306e-5
W02000340,2025,Monmouthshire 005,0.027261572112668688,0.02736764148530457,-1.0606937263588079e-4
W02000341,2025,Monmouthshire 006,0.028767731706004662,0.02837501207261252,3.927196333921405e-4
W02000342,2025,Monmouthshire 007,0.02996669427717967,0.030420529527855844,-4.538352506761739e-4
W02000343,2025,Monmouthshire 008,0.03927690375444867,0.039585973900385964,-3.090701459372916e-4
W02000344,2025,Monmouthshire 009,0.03400546975799202,0.03412673300025635,-1.2126324226433005e-4
W02000345,2025,Monmouthshire 010,0.03469397179244302,0.03554746730125761,-8.534955088145904e-4
W02000346,2025,Monmouthshire 011,0.03876308810249799,0.0391792865218271,-4.1619841932911267e-4
W02000347,2025,Newport 001,0.0318525716160351,0.032762921934220306,-9.103503181852046e-4
W02000348,2025,Newport 002,0.036890724630186764,0.03774367716604442,-8.52952535857654e-4
W02000349,2025,Newport 003,0.03885514039973564,0.03827414810736506,5.809922923705746e-4
W02000350,2025,Newport 004,0.04294866846450459,0.04279841012681654,1.5025833768805147e-4
W02000351,2025,Newport 005,0.043350396920510924,0.044024668595189886,-6.742716746789626e-4
W02000352,2025,Newport 006,0.043395786479578466,0.04431515969415134,-9.193732145728745e-4
W02000353,2025,Newport 007,0.0511110172325687,0.05210046605737572,-9.894488248070182e-4
W02000354,2025,Newport 008,0.03586060304995921,0.03712344261710033,-0.0012628395671411205
W02000355,2025,Newport 009,0.043064861168230266,0.04332077604284127,-2.559148746110046e-4
W02000356,2025,Newport 010,0.03939890690008717,0.039651877767433175,-2.529708673460057e-4
W02000357,2025,Newport 011,0.05800541112992936,0.059493589699367785,-0.0014881785694384267
W02000358,2025,Newport 012,0.03842870654261713,0.03919453697842977,-7.65830435812638e-4
W02000359,2025,Newport 013,0.06462744326956965,0.06630610940201627,-0.0016786661324466184
W02000360,2025,Newport 014,0.04032592324199434,0.0411588014457863,-8.328782037919577e-4
W02000361,2025,Newport 015,0.04219992769086568,0.04314493706120496,-9.450093703392767e-4
W02000362,2025,Newport 016,0.04431823145439825,0.04509782398229563,-7.795925278973811e-4
W02000363,2025,Newport 017,0.03337610142832151,0.034305139539568284,-9.290381112467758e-4
W02000364,2025,Newport 018,0.04910219482903836,0.049064938192701295,3.7256636337065774e-5
W02000365,2025,Newport 019,0.04959851178369882,0.05004977843171206,-4.5126664801323907e-4
W02000366,2025,Newport 020,0.043716842386976804,0.04362372095417767,9.312143279913143e-5
W02000367,2025,Cardiff 001,0.033476292379050976,0.0335268972861473,-5.060490709632437e-5
W02000368,2025,Cardiff 002,0.05255803089999809,0.05344010848660417,-8.820775866060782e-4
W02000369,2025,Cardiff 003,0.059807181788388154,0.059517438443729184,2.8974334465897006e-4
W02000370,2025,Cardiff 004,0.026932672259626284,0.027243407225730275,-3.1073496610399196e-4
W02000371,2025,Cardiff 005,0.039801160794006245,0.04103915077202246,-0.0012379899780162185
W02000372,2025,Cardiff 006,0.04324566642045159,0.043645986012896994,-4.0031959244540144e-4
W02000373,2025,Cardiff 007,0.046862822365366964,0.04748190572995963,-6.19083364592668e-4
W02000374,2025,Cardiff 008,0.038406849321569306,0.04064065095447833,-0.0022338016329090243
W02000375,2025,Cardiff 009,0.05238956075570362,0.0535240657453621,-0.0011345049896584816
W02000376,2025,Cardiff 010,0.03709979158595409,0.036962436197740506,1.37355388213585e-4
W02000377,2025,Cardiff 011,0.05123335612650744,0.05059820597060083,6.351501559066081e-4
W02000378,2025,Cardiff 012,0.04388400295105587,0.04475273894766239,-8.68735996606522e-4
W02000379,2025,Cardiff 013,0.05668535264555621,0.056981306130526335,-2.9595348497012813e-4
W02000380,2025,Cardiff 014,0.03996781326032211,0.04053606202795997,-5.682487676378634e-4
W02000381,2025,Cardiff 015,0.04290292367422543,0.042908216090950954,-5.292416725526106e-6
W02000382,2025,Cardiff 016,0.04561863754138868,0.04696970443335107,-0.0013510668919623908
W02000383,2025,Cardiff 017,0.05076150629972135,0.05195659816946939,-0.0011950918697480398
W02000384,2025,Cardiff 018,0.042247785599805895,0.042271717892805205,-2.3932292999309657e-5
W02000385,2025,Cardiff 019,0.047715222857967525,0.04955182827745011,-0.0018366054194825857
W02000386,2025,Cardiff 020,0.03697574905809747,0.03699222158712159,-1.6472529024126603e-5
W02000387,2025,Cardiff 021,0.050252622918177774,0.051238045292384536,-9.854223742067625e-4
W02000388,2025,Cardiff 022,0.03918997078615403,0.04015776370168781,-9.677929155337828e-4
W02000389,2025,Cardiff 023,0.04937781516352399,0.050160836343527616,-7.830211800036249e-4
W02000390,2025,Cardiff 024,0.04239110408615276,0.042530493656010915,-1.3938956985815737e-4
W02000391,2025,Cardiff 025,0.09106537675212024,0.09172770653379456,-6.623297816743118e-4
W02000392,2025,Cardiff 026,0.04262139223217115,0.04300153917591951,-3.8014694374836205e-4
W02000393,2025,Cardiff 027,0.049800466249914306,0.04904001159297355,7.604546569407594e-4
W02000394,2025,Cardiff 028,0.1013000129612763,0.1027404186098865,-0.001440405648610199
W02000395,2025,Cardiff 029,0.05058021959604502,0.05083819345120079,-2.5797385515576726e-4
W02000396,2025,Cardiff 030,0.08398987052625131,0.08544087319024382,-0.0014510026639925067
W02000397,2025,Cardiff 031,0.04338515578572411,0.04291002903732421,4.751267483999039e-4
W02000398,2025,Cardiff 032,0.09410100446670477,0.09329341997874267,8.075844879621014e-4
W02000399,2025,Cardiff 033,0.07871869813187904,0.08074629819099027,-0.002027600059111234
W02000400,2025,Cardiff 034,0.05198306798826601,0.05117551261570652,8.075553725594917e-4
W02000401,2025,Cardiff 035,0.05348724366379158,0.05434550762102088,-8.582639572293008e-4
W02000402,2025,Cardiff 036,0.07906577847495463,0.07964605322661976,-5.802747516651247e-4
W02000403,2025,Cardiff 037,0.05083511092101322,0.05122823875525467,-3.931278342414468e-4
W02000404,2025,Cardiff 038,0.048298491393745493,0.048113390931328076,1.851004624174174e-4
W02000405,2025,Cardiff 039,0.053281156493142245,0.053598620919521243,-3.17464426378998e-4
W02000406,2025,Cardiff 040,0.05691633104912501,0.05593408236060146,9.822486885235487e-4
W02000407,2025,Cardiff 041,0.04441458586169483,0.04392390298026067,4.90682881434161e-4
W02000408,2025,Cardiff 042,0.0649294925715007,0.06531694872801931,-3.8745615651861187e-4
W02000409,2025,Cardiff 043,0.04469458186212898,0.04460096692889445,9.361493323453013e-5
W02000410,2025,Cardiff 044,0.07424000731296967,0.07582791453338028,-0.001587907220410606
W02000411,2025,Cardiff 045,0.049920275822290576,0.04970184185509449,2.1843396719608416e-4
W02000412,2025,Cardiff 046,0.05143962452360028,0.050968991649883916,4.7063287371636175e-4
W02000414,2025,Powys 020,0.028920522405032106,0.02925733199882865,-3.368095937965436e-4
W02000415,2025,Merthyr Tydfil 008,0.03571841866012318,0.03554389960038436,1.7451905973882298e-4
W02000416,2025,Powys 021,0.02578581980970146,0.025888773873984482,-1.029540642830222e-4
W02000417,2025,Neath Port Talbot 020,0.03765297956715143,0.03705843924194442,5.945403252070117e-4
W02000418,2025,Carmarthenshire 027,0.02975618090445498,0.030501600494808056,-7.454195903530761e-4
W02000419,2025,Denbighshire 017,0.03779231588637115,0.03922160067414068,-0.001429284787769533
W02000421,2025,Ceredigion 011,0.03018409549403842,0.030098750633685698,8.534486035272071e-5
W02000422,2025,Cardiff 048,0.06723887719012006,0.06545134776593303,0.0017875294241870288
W02000423,2025,Cardiff 049,0.0631906833834549,0.06303387382050364,1.568095629512628e-4
W02000424,2025,Wrexham 021,0.027914842520297016,0.028689392093291268,-7.745495729942521e-4
W02000425,2025,Wrexham 022,0.04243767825305613,0.044548271315231994,-0.0021105930621758626
W02000426,2025,Wrexham 023,0.03447456893720778,0.036441145596948304,-0.0019665766597405238
W02000427,2025,Neath Port Talbot 021,0.03481616701279704,0.03327800309187561,0.0015381639209214315
W02000428,2025,Swansea 032,0.036730961394207215,0.03687979585264066,-1.4883445843344445e-4
