domain_id,mrp_mean,mrp_lower,mrp_upper,mrp_ci_width
W02000001,14.555380434143265,13.481000751661067,15.633144716871813,2.1521439652107457
W02000002,14.51307077908474,13.439651623271482,15.5502872305689,2.110635607297418
W02000003,13.16886084930495,12.293015955687755,14.119600813792848,1.8265848581050932
W02000004,14.486583702373357,13.44702468949168,15.53465974067618,2.087635051184499
W02000005,14.437837819723693,13.39566999849308,15.486943336084844,2.0912733375917636
W02000006,14.469333595870026,13.428413456339046,15.517486843023322,2.0890733866842766
W02000007,14.525096562628594,13.467350303495737,15.582031510027631,2.1146812065318947
W02000008,14.010568995398604,13.134609044226739,14.898058176323357,1.7634491320966177
W02000009,14.573981495882121,13.508653796147755,15.653646323618608,2.144992527470853
W02000010,12.687216247243402,11.630883214358605,13.803043209802908,2.1721599954443036
W02000011,13.82431452272333,12.970361670954635,14.705937188430477,1.7355755174758425
W02000012,14.500287441977468,13.44729698537044,15.574700243414238,2.127403258043799
W02000013,14.444111264244345,13.425907126441302,15.478011397820147,2.0521042713788447
W02000014,14.53907730532463,13.487715903341662,15.6229095729277,2.1351936695860374
W02000015,13.681127485333947,12.847555389189573,14.549043138084244,1.701487748894671
W02000016,14.461929708896193,13.40698558850928,15.525720139125665,2.118734550616386
W02000017,14.52565339250681,13.460871561302547,15.614819866551649,2.153948305249102
W02000018,14.603864274521069,13.522504937686335,15.687185308949017,2.1646803712626816
W02000019,14.565048757135115,13.485955402693484,15.637593630915367,2.1516382282218824
W02000020,14.449602262668,13.387557513778745,15.502487762534289,2.1149302487555435
W02000021,14.531153439517333,13.474707847304176,15.596414255472297,2.121706408168121
W02000022,14.535314793596822,13.45808595730167,15.627578814798868,2.1694928574971986
W02000023,14.572595711815092,13.494076624980032,15.650808799151077,2.1567321741710455
W02000024,14.623158416484557,13.531623729275498,15.715382357719495,2.1837586284439965
W02000025,14.564086077112279,13.48693993364997,15.633593313351504,2.146653379701535
W02000026,14.520834470412026,13.435804253172686,15.584570360764905,2.1487661075922198
W02000027,13.815291632462607,12.969774447418004,14.683955626162748,1.7141811787447434
W02000028,13.627517676882277,12.812160086978038,14.470913113604567,1.6587530266265293
W02000029,14.10772892477783,13.208933984238525,15.02545584302439,1.8165218587858654
W02000030,12.769358649171318,11.785311294800247,13.814971185663564,2.029659890863318
W02000031,14.070446206346956,13.17732112671884,14.97595300464475,1.79863187792591
W02000032,13.478986521195475,12.652023002964391,14.320183870329716,1.6681608673653248
W02000033,12.518712971898562,11.29768590777131,13.78015253316105,2.4824666253897405
W02000034,13.98296462522103,13.103207067058554,14.888180969862866,1.7849739028043121
W02000035,14.086543894031148,13.191835243132758,14.986341021656637,1.7945057785238792
W02000036,14.074218862068506,13.181771591340771,14.96806264343411,1.786291052093338
W02000037,14.367823488203614,13.406160714464646,15.390400856645634,1.9842401421809885
W02000038,14.47127322565035,13.416168048732825,15.525526551167289,2.109358502434464
W02000039,14.398789288284767,13.409481111928597,15.415250162571034,2.005769050642437
W02000040,14.622868578594073,13.541433626788447,15.727584595273145,2.1861509684846983
W02000041,14.555310212336897,13.485938240275795,15.631594343018593,2.145656102742798
W02000042,12.645228867448735,11.560481498578207,13.770557064891726,2.2100755663135185
W02000043,13.963561133748057,13.085390615078804,14.846050208006481,1.7606595929276772
W02000044,12.9537367252712,12.034222420088426,13.906377354726894,1.872154934638468
W02000045,12.609884240904922,11.455499600743593,13.810750442381847,2.355250841638254
W02000047,12.698711556094395,11.649821533882452,13.793145508859125,2.1433239749766724
W02000049,14.475674884841041,13.432952906746767,15.52800300719321,2.095050100446443
W02000050,14.365865392870926,13.361998066479599,15.383073005093284,2.021074938613685
W02000051,14.376317202407776,13.358319424481966,15.423638396489642,2.0653189720076757
W02000052,14.417446801985644,13.430519150075598,15.451830298356859,2.02131114828126
W02000053,14.524567264946043,13.45198580785721,15.589829546290497,2.137843738433288
W02000054,14.612774600378977,13.537316685174465,15.711768184946454,2.1744514997719886
W02000055,14.159123124526277,13.252301971698087,15.079462423011778,1.8271604513136914
W02000056,14.584610717451186,13.505177317363774,15.666570837565544,2.16139352020177
W02000057,14.580705624285137,13.497509417320206,15.653555770438409,2.156046353118203
W02000058,14.421925959799104,13.401042252406754,15.458534322433021,2.0574920700262673
W02000059,14.517394942272917,13.48811195994105,15.567081258848157,2.078969298907108
W02000060,14.159954358728891,13.253244212889907,15.080471740659544,1.8272275277696366
W02000061,14.142953111215553,13.228234617491939,15.073762579415208,1.8455279619232687
W02000062,14.12072831887077,13.220221830892747,15.042373850927286,1.8221520200345385
W02000063,14.534472240012978,13.478128295563987,15.600356357317658,2.1222280617536704
W02000064,14.229615527616277,13.301913880895095,15.190873105453647,1.888959224558553
W02000065,13.95329630825324,13.086129237621858,14.831774926224458,1.7456456886026004
W02000066,14.336849278209751,13.384393835855422,15.341910959697756,1.9575171238423348
W02000067,14.030603126294869,13.15467861047475,14.923190487743408,1.7685118772686579
W02000068,14.284204827974094,13.365473352605573,15.24678822833408,1.8813148757285063
W02000069,14.272583920163546,13.336847666181143,15.247353733530922,1.910506067349779
W02000070,13.995254021684728,13.111390188335067,14.90105972545417,1.789669537119103
W02000071,13.943277042676385,13.088938781790343,14.846530957612158,1.7575921758218147
W02000072,14.137285264256178,13.244566765971413,15.036458867783484,1.7918921018120706
W02000073,13.561010710894337,12.727673844698778,14.418298294853859,1.690624450155081
W02000074,13.504803571589024,12.663603809431876,14.35161580142153,1.6880119919896543
W02000075,14.333084405197948,13.375616276552545,15.323748576113191,1.9481322995606458
W02000076,14.494091216951889,13.458868674208897,15.532943181497021,2.074074507288124
W02000077,14.413365276388362,13.406213618965053,15.445988022153387,2.039774403188334
W02000080,13.882565318028792,13.027349720106308,14.741190632347507,1.7138409122411993
W02000081,13.627894615464331,12.796260903341404,14.484303956096575,1.6880430527551713
W02000082,13.55447627933756,12.724672471495378,14.405342240495836,1.680669769000458
W02000083,14.146682839923258,13.247011539863644,15.059442621760265,1.8124310818966212
W02000085,12.659543458592731,11.525510843298488,13.817598518420045,2.2920876751215573
W02000087,11.582793500765613,9.944588596985579,13.268521544475405,3.3239329474898263
W02000088,13.415549467533214,12.525789470313539,14.30501758831995,1.7792281180064116
W02000089,12.193834235913284,10.795577805740267,13.635692017863517,2.8401142121232503
W02000090,14.454610860962438,13.424504203126054,15.47381961587002,2.049315412743967
W02000091,14.07055417863037,13.188381233329098,14.947197732321916,1.7588164989928181
W02000092,14.22641188686118,13.302221239640026,15.203420481528966,1.9011992418889392
W02000093,14.514719323138076,13.46164820701857,15.575688069542538,2.1140398625239687
W02000094,14.186205136032312,13.276375078225715,15.110403427812113,1.8340283495863972
W02000095,14.51967855038693,13.457313772429751,15.584826085867844,2.1275123134380927
W02000096,14.463393387926478,13.403599432606715,15.50434473796971,2.100745305362995
W02000097,14.622205612451673,13.540345933107307,15.712890916338218,2.1725449832309103
W02000098,14.533985133958627,13.466633244726012,15.60151661566079,2.1348833709347783
W02000099,14.447225203051229,13.416987614381792,15.494848920791373,2.0778613064095808
W02000100,14.565876527429259,13.487950511638536,15.640373164500422,2.152422652861887
W02000101,14.565583677712356,13.494411896813816,15.64789043027042,2.153478533456605
W02000102,14.610673970819043,13.530838671855232,15.702231477646949,2.171392805791717
W02000103,14.53664251233256,13.462122752452933,15.609801317643829,2.147678565190896
W02000104,14.475457374374448,13.489267054993062,15.49959484578906,2.0103277907959978
W02000105,13.728399423944001,12.884399591026433,14.595182051267766,1.710782460241333
W02000106,14.56884834396091,13.490346683835572,15.661393024908378,2.171046341072806
W02000107,14.58319870718576,13.503931920799142,15.66815717745052,2.1642252566513793
W02000108,14.581139546415862,13.497282895191082,15.663844600115235,2.1665617049241526
W02000109,14.355483411485453,13.403142966498311,15.350218621661883,1.9470756551635713
W02000110,14.576894643987536,13.487645710136078,15.679077981527003,2.1914322713909247
W02000111,14.487507965415613,13.412783140616817,15.537317731211974,2.1245345905951574
W02000113,14.153688812092096,13.268932904182813,15.0637773122705,1.7948444080876857
W02000114,14.517699481550851,13.443058812075549,15.614928516792125,2.171869704716576
W02000116,14.479037694690652,13.397031928816386,15.523565223678633,2.126533294862247
W02000117,13.743319014093048,12.88865548708751,14.607877343394769,1.719221856307259
W02000118,13.850535409014244,12.999977237319554,14.725539519868937,1.725562282549383
W02000120,14.548143769199408,13.483292491182581,15.621367174526075,2.1380746833434934
W02000122,14.533920537165821,13.459699360800602,15.609380039338607,2.1496806785380045
W02000123,14.500545452747676,13.433244835328379,15.565893083329359,2.1326482480009794
W02000124,14.440942279385714,13.412985403005942,15.472755363317981,2.059769960312039
W02000125,14.496857512223563,13.419780633596586,15.558967232590952,2.1391865989943657
W02000126,14.573997259404798,13.499081725199911,15.656238164041056,2.1571564388411453
W02000127,14.496820161605278,13.43008502577964,15.580355711015295,2.1502706852356557
W02000128,14.619383650313404,13.540764435063322,15.712368338090004,2.171603903026682
W02000129,14.51696787133318,13.447896673344637,15.577740785527649,2.1298441121830116
W02000130,13.567232995732871,12.716734784415314,14.430043385064549,1.7133086006492348
W02000131,13.990516808967882,13.098167902571738,14.879984386517995,1.7818164839462565
W02000132,14.5048931632955,13.428978186960796,15.553325910058518,2.1243477230977224
W02000133,14.498528578171202,13.436055143422829,15.567756493089254,2.131701349666425
W02000134,14.417284275189237,13.40729935081724,15.447953236828106,2.0406538860108654
W02000135,14.054237260229295,13.17275504977434,14.944416196854478,1.7716611470801382
W02000136,14.480252340386736,13.44416575483419,15.518919110143615,2.0747533553094257
W02000137,13.857175504798809,12.994337570062356,14.737187076114157,1.742849506051801
W02000138,13.668157022444712,12.840850160157501,14.53314516207643,1.6922950019189287
W02000139,14.474703656447964,13.424823222917679,15.531026098041133,2.1062028751234543
W02000140,14.49241727608193,13.440206472895612,15.570808886030903,2.130602413135291
W02000141,14.337891063815356,13.337246006116157,15.345064217380026,2.007818211263869
W02000142,14.563926807794473,13.490580397358395,15.653473765747515,2.1628933683891205
W02000143,14.623285974145512,13.534855701768127,15.711529236494373,2.1766735347262465
W02000144,14.538351456588865,13.47471694775534,15.603945117906333,2.129228170150993
W02000145,14.529263279595085,13.460043862339047,15.608480838507582,2.1484369761685347
W02000146,14.588166955919693,13.501835608629198,15.671381792884505,2.1695461842553065
W02000147,14.500607554698409,13.44448208327993,15.556130208709256,2.1116481254293262
W02000148,13.924973191354363,13.06049943221019,14.80803889399188,1.74753946178169
W02000149,14.411614147220208,13.406201025951015,15.432094107679495,2.02589308172848
W02000151,14.49778737894104,13.46200155415797,15.55278107033866,2.0907795161806906
W02000152,14.35044031724597,13.359951397135076,15.363917328745632,2.0039659316105567
W02000153,14.53093045631008,13.468790813441831,15.598946313579537,2.1301555001377057
W02000154,14.213347375936332,13.297176669000097,15.156021089825781,1.858844420825685
W02000156,14.453922587444806,13.45159150883192,15.516767534069213,2.065176025237294
W02000157,14.450244047339025,13.432587707853449,15.490862482416649,2.0582747745632
W02000158,14.405982994334389,13.410237902901542,15.424517738932538,2.0142798360309957
W02000159,14.395784595457519,13.392666692321313,15.435072442420752,2.042405750099439
W02000160,14.301248962911702,13.350419009664797,15.3005465448789,1.9501275352141025
W02000161,13.864911264258861,13.01157073850625,14.776261977812375,1.7646912393061243
W02000162,14.372565495862444,13.366735841159771,15.38801437165445,2.021278530494678
W02000163,12.509183715315716,11.347387287735954,13.697825372427507,2.350438084691554
W02000164,14.216642455117826,13.291129162973249,15.189697482040025,1.8985683190667757
W02000165,12.856902390349937,11.867893844926076,13.900398990206035,2.032505145279959
W02000166,13.996568410046327,13.117251014973595,14.903151708829071,1.785900693855476
W02000167,13.31314528204957,12.441787300189901,14.23627348223712,1.794486182047219
W02000168,14.283830761255178,13.343684735236188,15.277859271573579,1.934174536337391
W02000169,14.441214550486668,13.410939022594306,15.480413305179969,2.069474282585663
W02000170,13.525671477185393,12.69781124829966,14.37415502436217,1.6763437760625095
W02000171,14.334599296617384,13.38391404814936,15.32764113024988,1.9437270821005193
W02000172,14.001029129511695,13.126379235704905,14.907491697448764,1.7811124617438594
W02000173,14.033783015862056,13.152824164956684,14.931774347197734,1.7789501822410507
W02000174,13.763093800842606,12.92748363203954,14.619498790759774,1.6920151587202348
W02000175,12.565644005886215,11.40300890962899,13.744460691830705,2.3414517822017142
W02000176,13.03364743649859,12.115375762997747,14.001626740453764,1.886250977456017
W02000177,13.916707227949214,13.067904583503482,14.811293820512352,1.74338923700887
W02000178,12.880331079027545,11.93571477437317,13.865283283178432,1.9295685088052608
W02000179,14.100107542233005,13.21085539764269,15.008350785916615,1.7974953882739246
W02000180,13.118458190835966,12.213952196485248,14.061142382870203,1.847190186384955
W02000181,13.95491018562144,13.091265701998774,14.844972261020155,1.7537065590213814
W02000182,11.61616365680194,9.939699542064103,13.322105526683696,3.3824059846195933
W02000183,12.62764301685506,11.417526610110524,13.904536956316273,2.4870103462057482
W02000184,13.716075477241077,12.87750010546508,14.581138064114274,1.7036379586491943
W02000185,14.400847224516058,13.396632539263877,15.418703562699253,2.0220710234353767
W02000186,11.597155195630782,9.966028083879264,13.300854226468974,3.3348261425897103
W02000188,13.877600785437002,13.030610301409775,14.757809216590193,1.7271989151804181
W02000189,12.825330433110178,11.843758732077129,13.878902606446028,2.0351438743688988
W02000191,11.522709460859666,9.65259036174598,13.456274461944451,3.8036841001984705
W02000192,12.583938016417331,11.123303506908135,14.05628019009592,2.9329766831877855
W02000193,9.93685400084793,6.98992249084448,13.132649723971596,6.1427272331271165
W02000194,13.473527586628002,12.649166938041095,14.316966499839852,1.6677995617987573
W02000195,14.149430958803965,13.232854142695288,15.113061683571955,1.8802075408766665
W02000196,12.969470148245145,12.051231890800523,13.928947922543045,1.8777160317425228
W02000197,14.5106669874588,13.457279119385593,15.56940392813907,2.112124808753478
W02000198,13.519408238661343,12.686679303226724,14.363830335021673,1.6771510317949492
W02000200,14.49431732413345,13.445055789443508,15.548014059818655,2.1029582703751473
W02000201,14.467330160005833,13.430874224763109,15.546402678173614,2.115528453410505
W02000202,14.419140904319699,13.429901560175255,15.43665447544743,2.006752915272175
W02000204,14.138740813645656,13.227763640267415,15.076740683485253,1.8489770432178378
W02000205,14.069263288184272,13.193225112871108,14.969146524322083,1.775921411450975
W02000206,12.761980204752557,11.692913519573084,13.89462205059425,2.2017085310211666
W02000207,14.21527214265608,13.282908491231677,15.19232267009675,1.9094141788650738
W02000208,14.310325810042848,13.396418779547167,15.241314020183685,1.844895240636518
W02000210,13.228977594421115,12.349709212329948,14.153043554608036,1.803334342278088
W02000211,14.088697858993678,13.20127776904512,14.992895934014971,1.7916181649698508
W02000212,14.444290026240614,13.429246827904832,15.49539745260328,2.066150624698448
W02000213,14.07987635974086,13.197889937921625,14.979893216398178,1.7820032784765534
W02000214,12.520946445763796,11.393692723080255,13.696630806075238,2.3029380829949826
W02000215,12.471738276384698,11.279419350900582,13.695291996658492,2.4158726457579096
W02000216,14.122798091876444,13.240709256318192,15.026258039806622,1.78554878348843
W02000217,14.473119646903239,13.434223538227513,15.526475977615203,2.092252439387689
W02000218,14.294296156269567,13.348431165672674,15.279948445394252,1.9315172797215787
W02000219,13.874153708600947,13.022686103973857,14.753657362891659,1.7309712589178012
W02000220,14.418994322926762,13.41039216667628,15.444435654268133,2.0340434875918536
W02000221,14.427331162995651,13.431595761433012,15.45689108112222,2.0252953196892083
W02000222,14.387710554820199,13.419862427008262,15.404256964471482,1.9843945374632206
W02000223,14.273226896089117,13.325801091779397,15.267651932250216,1.9418508404708188
W02000224,14.168721296309602,13.254928511964776,15.08330927011005,1.8283807581452738
W02000225,14.033115896496838,13.149930075745687,14.90664071062095,1.7567106348752635
W02000226,14.314165282176914,13.37427245921248,15.340764132758615,1.966491673546134
W02000227,14.243401697870048,13.301855177949642,15.22513960707774,1.9232844291280973
W02000228,14.022254863340144,13.14228188709473,14.89982159196514,1.7575397048704087
W02000229,12.863150566161455,11.866168335501872,13.934245238268144,2.068076902766272
W02000230,14.437835676575638,13.434747880177829,15.483530097539715,2.048782217361886
W02000231,12.552185469729547,11.355103068584679,13.804196806299005,2.4490937377143265
W02000232,14.132473913965391,13.245652671710374,15.035022759544876,1.7893700878345022
W02000233,11.961203594419631,10.452599398199817,13.484723330417392,3.0321239322175746
W02000234,12.270263132464065,10.988968576696244,13.611338016381477,2.622369439685233
W02000235,13.72762311685402,12.881376347873047,14.594401113812603,1.713024765939556
W02000236,13.876990009201002,13.018824372554777,14.759581136598788,1.7407567640440114
W02000237,14.53173833568547,13.47510292584774,15.60103565780884,2.1259327319611003
W02000238,14.376067713230867,13.35589950839964,15.391264626533571,2.0353651181339316
W02000239,14.496488814620278,13.446013355126068,15.555074363575264,2.1090610084491956
W02000240,12.961111810909681,12.016516518956376,13.932520190304986,1.9160036713486104
W02000241,11.838848634028682,10.30301137299787,13.405313479410804,3.1023021064129335
W02000242,14.256017342528013,13.312846241910707,15.230841645702313,1.9179954037916058
W02000243,12.311028942530326,11.134262767304476,13.580108048045375,2.4458452807408992
W02000244,13.90787274075943,13.043047013255048,14.795997149371173,1.7529501361161248
W02000245,12.90028817378755,11.91605855496036,13.928217440389346,2.0121588854289865
W02000246,13.848944871943733,12.999254452042322,14.725360916346292,1.7261064643039692
W02000247,14.22782525974807,13.274170940443108,15.242526729084211,1.9683557886411034
W02000248,10.561002653764698,8.255207985318398,13.035567969418747,4.780359984100349
W02000249,11.0390985173656,9.088445014452093,13.073898872579088,3.985453858126995
W02000250,14.392463232558159,13.437431913292274,15.406404284752012,1.9689723714597385
W02000251,13.31038591520856,12.44993236833605,14.187954971554767,1.7380226032187167
W02000252,14.474980208145386,13.433407378368859,15.520270016726949,2.08686263835809
W02000253,14.183034704386968,13.275384316202308,15.120426962195763,1.8450426459934555
W02000254,14.18166794698555,13.262809630746931,15.10562088202584,1.8428112512789099
W02000255,14.207416616742666,13.28941358972227,15.146627355082927,1.8572137653606564
W02000256,14.16787231929833,13.25902864279719,15.104153998249787,1.8451253554525966
W02000257,14.182500930146894,13.264933173160104,15.119667610169804,1.8547344370097
W02000258,14.446430223872499,13.457319278324922,15.449596658613661,1.9922773802887388
W02000259,12.919204670315471,11.960488521581672,13.930293281296949,1.9698047597152772
W02000260,14.249243598516182,13.312290341725735,15.230270045309418,1.9179797035836827
W02000261,14.17618701221411,13.266309208409062,15.119325248002095,1.853016039593033
W02000262,14.024915175344814,13.146995936084686,14.924937193884489,1.777941257799803
W02000263,14.173740085669566,13.267522173799422,15.09723876541357,1.8297165916141473
W02000264,14.104677113907925,13.219027902503436,15.014667943104152,1.7956400406007162
W02000265,14.03463738775373,13.151733501456746,14.930247829624037,1.7785143281672902
W02000266,14.323206161070882,13.364458372808615,15.32324311128903,1.9587847384804142
W02000267,14.120287504323917,13.232502424194875,15.014212624248325,1.7817102000534497
W02000268,14.060205308929538,13.181002197115923,14.958376118371975,1.7773739212560518
W02000269,13.844570067042785,12.990747129147618,14.712330558784162,1.721583429636544
W02000270,13.956069934792504,13.098654444915658,14.863131214608513,1.7644767696928554
W02000271,13.709641821772577,12.865220626009185,14.56973531089747,1.7045146848882844
W02000272,14.074857520746713,13.187647645936556,14.970966816414611,1.7833191704780553
W02000273,13.79518105017825,12.94120330446118,14.665128172397475,1.7239248679362955
W02000274,14.182897237534483,13.26472029366102,15.111618290284332,1.846897996623312
W02000275,14.300827030689518,13.348018377832647,15.310936200607962,1.9629178227753155
W02000276,13.968981438899927,13.088867629340847,14.870414623098835,1.7815469937579884
W02000277,14.188164813768644,13.270090142564605,15.137394819228556,1.8673046766639505
W02000278,14.099038727203972,13.218570334917352,14.996771553570516,1.7782012186531642
W02000279,13.75505518983596,12.906647575340306,14.616967872425905,1.7103202970855982
W02000280,14.295755047493605,13.357041593501297,15.285776844033151,1.9287352505318545
W02000281,14.180433972729844,13.256316166565277,15.094486512068396,1.8381703455031193
W02000282,14.170283064556907,13.252951990477023,15.109872280250757,1.8569202897737345
W02000284,14.08003090956392,13.196971937819024,14.996115435841809,1.7991434980227847
W02000285,14.039981525279883,13.15695772629388,14.92998253672525,1.7730248104313695
W02000286,13.33767927424362,12.46257145452026,14.225670093283147,1.7630986387628873
W02000287,14.03436384942578,13.147111389634901,14.905998093786218,1.7588867041513172
W02000288,14.492103629252304,13.471060907803164,15.524383108283915,2.0533222004807516
W02000289,14.052646882271544,13.16876459949503,14.953629488603424,1.784864889108393
W02000290,14.320240044029417,13.385071830062362,15.323155172449072,1.9380833423867099
W02000291,14.415589473305946,13.421888788365038,15.439028378483506,2.017139590118468
W02000292,13.769066958134905,12.918721520815792,14.633800949897937,1.7150794290821452
W02000293,13.240769817682047,12.381500115721984,14.159560671589105,1.7780605558671212
W02000294,14.369590486781032,13.400458992058132,15.405560656465985,2.005101664407853
W02000295,14.252808151382158,13.326662084907532,15.206720241789942,1.8800581568824093
W02000296,13.097106730621206,12.174924758713317,14.062348747434026,1.887423988720709
W02000297,14.164815302191577,13.256058995722602,15.097949105286045,1.8418901095634421
W02000298,13.375459337933297,12.523690961294758,14.240998825382851,1.7173078640880934
W02000299,14.229034535842796,13.300550709823595,15.176855893822097,1.876305183998502
W02000300,13.746566494788699,12.907285079312912,14.603505538399547,1.6962204590866357
W02000301,14.103618027883877,13.213429795528707,15.019707363899226,1.8062775683705183
W02000302,14.18426188156347,13.260091477481305,15.11731956862515,1.8572280911438455
W02000303,14.405590558839782,13.445554534521417,15.422210773662133,1.9766562391407163
W02000304,14.357703159956332,13.39262202288398,15.375873101020716,1.9832510781367354
W02000305,13.225479937216866,12.36367032678892,14.152147931605546,1.7884776048166255
W02000306,13.979840413147446,13.099192807955456,14.879115600311502,1.7799227923560466
W02000307,14.278030243200552,13.339339749670932,15.242416082202576,1.9030763325316435
W02000308,13.812297358335021,12.956770406961398,14.679630818970287,1.7228604120088882
W02000309,14.126724000113786,13.215085892399964,15.078675788933603,1.8635898965336395
W02000310,14.420516641759844,13.407353914138431,15.455036493418946,2.047682579280515
W02000311,12.683657979857824,11.61775730405162,13.819505366289814,2.2017480622381935
W02000312,12.76618845688447,11.73186400504049,13.863721668896096,2.1318576638556053
W02000313,13.85305850050781,12.995640949302949,14.72945724009668,1.7338162907937313
W02000314,14.048393392552427,13.170271015965985,14.94057683497106,1.770305819005074
W02000315,14.063841004065436,13.179124256815555,14.972620542903883,1.7934962860883275
W02000316,14.285057165969697,13.34801384318157,15.29099809359409,1.94298425041252
W02000317,13.665897014918642,12.816964445058959,14.526446659053285,1.7094822139943258
W02000318,14.188789427564034,13.262487010499623,15.11372534610235,1.8512383356027282
W02000319,14.185705928284879,13.260560405114932,15.145257555355524,1.8846971502405925
W02000320,14.347010452891455,13.395234941058408,15.349497685771464,1.9542627447130556
W02000321,14.217930843709839,13.29122999394323,15.149207867062547,1.8579778731193173
W02000322,14.278918156812493,13.343061248481979,15.245421506810706,1.9023602583287271
W02000323,14.349540434601384,13.394659914233296,15.367685520549466,1.9730256063161704
W02000324,14.389080863765374,13.406935771909053,15.410850928430799,2.003915156521746
W02000325,13.757019873348717,12.926936397207703,14.624587075759786,1.6976506785520833
W02000326,14.279976276315528,13.346548250414218,15.273342056259844,1.9267938058456267
W02000327,14.213275988758962,13.287251879487584,15.15003118073682,1.862779301249235
W02000328,13.204152240463896,12.310798906756624,14.14716981390172,1.8363709071450955
W02000329,13.744109092732787,12.905872398978362,14.597504343200264,1.6916319442219017
W02000330,13.530496049853907,12.704796327689644,14.384063844563556,1.679267516873912
W02000331,11.99206205614915,10.575359694912104,13.45400518290671,2.878645487994607
W02000332,13.16911269067727,12.2884485211868,14.104729238739699,1.8162807175528997
W02000333,13.636106954093272,12.791538484494566,14.48457369320001,1.693035208705444
W02000334,14.247178590216828,13.318779460847615,15.217601065412156,1.8988216045645405
W02000335,14.119375816713722,13.219992602384034,15.031166745805132,1.8111741434210984
W02000336,14.505055095239253,13.44100707718243,15.555872744009173,2.114865666826743
W02000337,12.576859979614168,11.486013364905705,13.70886976759433,2.222856402688624
W02000338,14.48752663969809,13.46937375474534,15.539449642471311,2.070075887725972
W02000339,14.270181829338474,13.335311478690453,15.270388964081713,1.9350774853912593
W02000340,14.555697456347167,13.475461784694565,15.642424421898319,2.1669626372037545
W02000341,14.654226825917693,13.580062766308483,15.751865416551292,2.1718026502428085
W02000342,14.547800697891862,13.477824071360702,15.625951573194415,2.148127501833713
W02000343,13.308610050614954,12.447040014968973,14.193962862124973,1.746922847156
W02000344,14.510337776875016,13.468346160867227,15.577679138965324,2.109332978098097
W02000345,13.158403773589257,12.282562153047458,14.086882261512887,1.8043201084654292
W02000346,14.36286814728436,13.396413154770428,15.378402755135806,1.9819896003653774
W02000347,14.150869200584426,13.227856460090642,15.09580911756495,1.8679526574743086
W02000348,12.334572480383004,11.057200144320216,13.63290739956001,2.5757072552397933
W02000349,13.525416316109817,12.695668935775654,14.377719536139132,1.6820506003634783
W02000350,14.47982383539034,13.445754569802595,15.557470420314319,2.1117158505117235
W02000351,11.75927543558493,10.210153054896383,13.35420186339215,3.144048808495768
W02000352,12.578956467175674,11.435671437298254,13.775605375739937,2.3399339384416837
W02000353,11.885018053909437,10.366754272403867,13.434291163268128,3.067536890864261
W02000354,12.188684399827602,10.835996775062904,13.554486912959492,2.7184901378965876
W02000355,13.762655788541887,12.92072931397652,14.635851736662046,1.7151224226855266
W02000356,12.674096550343569,11.587738032907714,13.819264490780762,2.2315264578730485
W02000357,9.931789902092637,7.083608420605496,12.9974750223459,5.913866601740405
W02000358,13.321737636985702,12.455749418963938,14.203455548144051,1.7477061291801128
W02000359,10.337197097253112,7.776756307317282,13.103023868369702,5.32626756105242
W02000360,12.343279452507357,10.893045997035319,13.811305513397285,2.9182595163619656
W02000361,14.081032327901445,13.185815693360928,14.971578915792621,1.7857632224316937
W02000362,13.416117595996898,12.5702438051484,14.281723847705814,1.7114800425574153
W02000363,13.003092436350952,12.055361039855482,13.988794068898121,1.9334330290426394
W02000364,13.637245015375596,12.787079390201399,14.484962811340013,1.6978834211386147
W02000365,12.303694476549227,11.108573193297909,13.575365021317547,2.4667918280196375
W02000366,14.513451249917436,13.48311908441573,15.56566019171749,2.0825411073017595
W02000367,14.10428598575196,13.207317512987958,15.016204837335529,1.8088873243475714
W02000368,11.883785130248933,10.382214016642916,13.391353018847369,3.009139002204453
W02000369,13.81991071240147,12.969254007292031,14.686668590683801,1.7174145833917702
W02000370,13.680560054504557,12.847039297664933,14.545966249518306,1.6989269518533732
W02000371,12.552403866561257,11.42287396356412,13.70366776114138,2.2807937975772603
W02000372,13.814015139145107,12.96574011357852,14.69565974463003,1.7299196310515104
W02000373,11.63137716777382,10.035900816082659,13.278600880793586,3.2427000647109274
W02000374,12.795048247492588,11.781055010417207,13.839576605647819,2.058521595230612
W02000375,12.477657803905233,11.28259445000109,13.71144748164795,2.4288530316468595
W02000376,13.935017540723077,13.069976423284952,14.829729617404277,1.759753194119325
W02000377,13.871594282540562,13.007778968125736,14.757001831464915,1.7492228633391793
W02000378,11.876451997426267,10.356014176518698,13.414831167450073,3.0588169909313745
W02000379,10.895673238157055,8.877739652643095,13.032365972991586,4.154626320348491
W02000380,14.324886638119736,13.363362842545996,15.316304511418739,1.952941668872743
W02000381,12.632739756056765,11.571308598043064,13.732077931793508,2.1607693337504443
W02000382,11.575817703198961,9.960017816392808,13.258383904646552,3.2983660882537436
W02000383,10.965384488655538,8.90998680246172,13.12383195649615,4.213845154034431
W02000384,12.895186886349284,11.888190588840024,13.965223242286593,2.077032653446569
W02000385,12.562298524727648,11.386606296043325,13.79404478375335,2.4074384877100243
W02000386,11.953544944465852,10.500273438920445,13.43183511607113,2.9315616771506843
W02000387,11.330326075182802,9.503409541559021,13.245490256135115,3.742080714576094
W02000388,13.193859017225023,12.333592569905361,14.081874805230873,1.7482822353255116
W02000389,11.985707272611027,10.562237385153775,13.438454603735213,2.876217218581438
W02000390,12.383436759520295,11.158676195983643,13.615735253876435,2.457059057892792
W02000391,10.015881493752852,7.4501328587326965,12.791199585500854,5.341066726768157
W02000392,12.4889557013074,11.292758644661816,13.70379702647158,2.411038381809764
W02000393,11.924809879754804,10.49896285588622,13.376191184547466,2.8772283286612463
W02000394,8.680681980051721,5.242800922988497,12.444958329971902,7.202157406983405
W02000395,12.115035024886549,10.726997419673914,13.542332403288802,2.8153349836148873
W02000396,8.433217365492046,4.595887015584028,12.694844700893178,8.09895768530915
W02000397,11.939236874714105,10.50885466197109,13.404700253544405,2.8958455915733143
W02000398,11.482689411483966,9.731682672303572,13.2873304758547,3.5556478035511283
W02000399,7.96441800353708,3.7464735941650282,12.683594295618482,8.937120701453454
W02000400,12.677163873381982,11.545720360996999,13.839783863572261,2.2940635025752627
W02000401,10.655239210912073,8.38256661640899,13.082071580296978,4.699504963887987
W02000402,8.47617821328882,4.550223169696633,12.877165849027048,8.326942679330415
W02000403,13.058134981306768,12.126864159178,14.018185148079883,1.8913209889018834
W02000404,12.365947528285991,11.123755416557078,13.632091059234503,2.508335642677425
W02000405,10.702850984064025,8.578878691764578,12.945111969182516,4.366233277417939
W02000406,11.761636463399887,10.230899252771824,13.340998995639936,3.110099742868112
W02000407,12.23633907140791,10.983724251851191,13.501385205446725,2.5176609535955343
W02000408,8.523575722221354,4.682143756362357,12.835077587079992,8.152933830717636
W02000409,12.102560454142957,10.760405060340268,13.483089317963787,2.722684257623518
W02000410,8.11768550720441,4.061582658912095,12.667014271171958,8.605431612259864
W02000411,11.928364189871507,10.452571486238227,13.421180783997283,2.9686092977590555
W02000412,12.55693086772401,11.335869657420462,13.818048463283253,2.482178805862791
W02000414,14.59057073691301,13.499486878359203,15.68021563896614,2.180728760606936
W02000415,14.227944272237982,13.274700621198592,15.198294203593637,1.9235935823950445
W02000416,14.51131655565519,13.453976027185318,15.58151172381597,2.127535696630652
W02000417,14.37656514882326,13.405638429943917,15.380164733741877,1.9745263037979601
W02000418,14.534966023152656,13.458533114305299,15.602876741205964,2.1443436269006657
W02000419,12.034902607805138,10.623243887653258,13.477959476373776,2.8547155887205182
W02000421,14.566975710281262,13.484556378507873,15.644773529290845,2.1602171507829713
W02000422,14.05725401542054,13.178093040697444,14.93822569104007,1.7601326503426264
W02000423,11.839355562905757,10.160768312956169,13.554438955723757,3.3936706427675887
W02000424,14.293374974802731,13.345058246582026,15.279792465529752,1.9347342189477263
W02000425,15.066160923395362,13.943429730673104,16.145299854904184,2.20187012423108
W02000426,12.519379643100931,11.3476476752893,13.725208312340698,2.3775606370513973
W02000427,14.472324743429912,13.427831360498208,15.531545987256404,2.1037146267581956
W02000428,14.012492567965378,13.140256509291067,14.891934960103605,1.7516784508125376
