area_id,time_id,msoa_name,direct_estimate,variance,n
W02000001,2021,Isle of Anglesey 001,0,0,6
W02000001,2023,Isle of Anglesey 001,0.18565260641894785,0.0160569283101873,9
W02000001,2025,Isle of Anglesey 001,0.009399996144139368,9.325536415956077e-5,22
W02000002,2021,Isle of Anglesey 002,0.4319653664782163,0.04066522486314988,9
W02000002,2023,Isle of Anglesey 002,0.48853585090916113,0.033299062854545244,8
W02000002,2025,Isle of Anglesey 002,0.05118071695859134,0.0013595206030723634,26
W02000003,2021,Isle of Anglesey 003,0.1612312830188462,0.011598432175795998,11
W02000003,2023,Isle of Anglesey 003,0.5456427510644392,0.09405494524933898,3
W02000003,2025,Isle of Anglesey 003,0.08442708534476404,0.002230735617581461,24
W02000004,2021,Isle of Anglesey 004,0.13881811744044975,0.015570778484742384,14
W02000004,2023,Isle of Anglesey 004,0,0,11
W02000004,2025,Isle of Anglesey 004,0,0,24
W02000005,2021,Isle of Anglesey 005,0.2357800735403681,0.01570308073073289,17
W02000005,2023,Isle of Anglesey 005,0.4171105013713594,0.026007087364420218,10
W02000005,2025,Isle of Anglesey 005,0.06347735831144721,0.0037913998713160224,20
W02000006,2021,Isle of Anglesey 006,0.10088047765018358,0.005538272512658358,19
W02000006,2023,Isle of Anglesey 006,0,0,5
W02000006,2025,Isle of Anglesey 006,0.0929604922927978,0.002536991303191213,28
W02000007,2021,Isle of Anglesey 007,0.07130340702194102,0.004938236046288725,13
W02000007,2023,Isle of Anglesey 007,0.09184314433287606,0.00845292408699315,6
W02000007,2025,Isle of Anglesey 007,0.12266923897140668,0.00520240434255808,25
W02000008,2021,Isle of Anglesey 008,0.19842023274990855,0.012207883612728836,12
W02000008,2023,Isle of Anglesey 008,0.06211923226941231,0.0038653561831529563,9
W02000008,2025,Isle of Anglesey 008,0.07621454543800806,0.0029021318865278846,18
W02000009,2021,Isle of Anglesey 009,0,0,13
W02000009,2023,Isle of Anglesey 009,0,0,10
W02000009,2025,Isle of Anglesey 009,0.1991126105754353,0.007772683702584545,26
W02000010,2021,Gwynedd 001,0.09295304405275805,0.00810245734821603,12
W02000010,2023,Gwynedd 001,0.8613292132743351,0.021630780105897647,3
W02000010,2025,Gwynedd 001,0.11246581789895127,0.008527007687105603,14
W02000011,2021,Gwynedd 002,0.12433733047748037,0.005372190296463907,18
W02000011,2023,Gwynedd 002,0,0,7
W02000011,2025,Gwynedd 002,0.035670605364218226,6.96335312213858e-4,17
W02000012,2021,Gwynedd 003,0,0,13
W02000012,2023,Gwynedd 003,0.4428703168015301,0.05179742526544381,5
W02000012,2025,Gwynedd 003,0.09898799288222276,0.008675300184799254,15
W02000013,2021,Gwynedd 004,0.06754144696914653,0.004323957421111533,15
W02000013,2023,Gwynedd 004,0.15253095293977811,0.019804686594717034,7
W02000013,2025,Gwynedd 004,0.28371651469427717,0.028584072047119036,8
W02000014,2021,Gwynedd 005,0,0,5
W02000014,2023,Gwynedd 005,0.7807750363518592,0.027492905130714233,6
W02000014,2025,Gwynedd 005,0.13140501904633856,0.00816703881342107,17
W02000015,2021,Gwynedd 006,0.07864534144766384,0.005720505906984164,15
W02000015,2023,Gwynedd 006,0.4101724213071303,0.09035637635772603,3
W02000015,2025,Gwynedd 006,0,0,8
W02000016,2021,Gwynedd 007,0,0,4
W02000016,2023,Gwynedd 007,0,0,4
W02000016,2025,Gwynedd 007,0.20830430827077637,0.012670700583046125,15
W02000017,2021,Gwynedd 008,0.29622405171495725,0.05123598044056675,7
W02000017,2023,Gwynedd 008,0.1677875833576799,0.030694899133641478,3
W02000017,2025,Gwynedd 008,0.1119440814703882,0.006660777875645051,18
W02000018,2021,Gwynedd 009,0.16517724306715606,0.022206087907662663,9
W02000018,2023,Gwynedd 009,0.38948903477404323,0.09116285542589674,3
W02000018,2025,Gwynedd 009,0.16004840997875117,0.008646227699847854,25
W02000019,2021,Gwynedd 010,0.14870638382979637,0.018978321486084755,9
W02000019,2023,Gwynedd 010,0.186320668723806,0.029484989245641264,5
W02000019,2025,Gwynedd 010,0.19330514598470397,0.00937429785394132,21
W02000020,2021,Gwynedd 011,0.09952226276588917,0.009313686955088428,10
W02000020,2023,Gwynedd 011,0.1307567077994757,0.014914416634036528,9
W02000020,2025,Gwynedd 011,0.0970039934039527,0.003731423017208949,19
W02000021,2021,Gwynedd 012,0.048845399246956085,0.002367612867094211,15
W02000021,2023,Gwynedd 012,0.4465195232973333,0.09508480775803045,3
W02000021,2025,Gwynedd 012,0.39733436986253373,0.025599158942944473,16
W02000022,2021,Gwynedd 013,0.0212344945063327,4.957953341325928e-4,15
W02000022,2023,Gwynedd 013,0,0,3
W02000022,2025,Gwynedd 013,0.08936955803134836,0.003128383945975553,21
W02000023,2021,Gwynedd 014,0,0,13
W02000023,2023,Gwynedd 014,0,0,5
W02000023,2025,Gwynedd 014,0,0,10
W02000024,2021,Gwynedd 015,0,0,6
W02000024,2023,Gwynedd 015,0,0,5
W02000024,2025,Gwynedd 015,0.24696837873901048,0.03909264874130525,10
W02000025,2021,Gwynedd 016,0,0,12
W02000025,2023,Gwynedd 016,0,0,1
W02000025,2025,Gwynedd 016,0.1295171940947774,0.006430941043875878,13
W02000026,2021,Gwynedd 017,0,0,11
W02000026,2023,Gwynedd 017,0.41717904425518626,0.053334594735881966,5
W02000026,2025,Gwynedd 017,0.12023827388684268,0.012439636554268678,14
W02000027,2021,Conwy 001,0,0,6
W02000027,2023,Conwy 001,0.07201612177035013,0.005423756789255927,6
W02000027,2025,Conwy 001,0.16868629532345147,0.010026407387278747,14
W02000028,2021,Conwy 002,0.08536254482339001,0.0068707651736852615,11
W02000028,2023,Conwy 002,NA,NA,0
W02000028,2025,Conwy 002,0.12411815960295478,0.004985268824020631,20
W02000029,2021,Conwy 003,0.04888062877624214,0.002367658243557652,13
W02000029,2023,Conwy 003,0.11725684052952653,0.014977838950080147,4
W02000029,2025,Conwy 003,0.05964954227518533,0.003485142698476988,16
W02000030,2021,Conwy 004,0.29301465708004104,0.0284234309485235,9
W02000030,2023,Conwy 004,0,0,5
W02000030,2025,Conwy 004,0.03798562579064527,8.19809841266815e-4,16
W02000031,2021,Conwy 005,0.16280358842584403,0.02119865250217118,10
W02000031,2023,Conwy 005,0,0,2
W02000031,2025,Conwy 005,0.40249462598369,0.02517454297577843,14
W02000032,2021,Conwy 006,0,0,9
W02000032,2023,Conwy 006,0,0,4
W02000032,2025,Conwy 006,0.09547909697907148,0.008333553714753963,13
W02000033,2021,Conwy 007,0,0,12
W02000033,2023,Conwy 007,0.25094443439548175,0.028368745334290194,8
W02000033,2025,Conwy 007,0.1623525862615769,0.006423715185229366,23
W02000034,2021,Conwy 008,0,0,9
W02000034,2023,Conwy 008,0.1634414873861036,0.02349806121853055,7
W02000034,2025,Conwy 008,0,0,17
W02000035,2021,Conwy 009,0.17850345132662307,0.026412530148222202,8
W02000035,2023,Conwy 009,0,0,3
W02000035,2025,Conwy 009,0.10107880247212209,0.005877670622421923,20
W02000036,2021,Conwy 010,0,0,9
W02000036,2023,Conwy 010,0,0,5
W02000036,2025,Conwy 010,0.07747668402013014,0.0020119051771189675,25
W02000037,2021,Conwy 011,0.18730064894195425,0.026421391223803936,9
W02000037,2023,Conwy 011,0,0,2
W02000037,2025,Conwy 011,0.09847861214509396,0.008797391523349156,13
W02000038,2021,Conwy 012,0,0,4
W02000038,2023,Conwy 012,0,0,4
W02000038,2025,Conwy 012,0.1126751448509084,0.006184711166177692,20
W02000039,2021,Conwy 013,0,0,4
W02000039,2023,Conwy 013,0,0,3
W02000039,2025,Conwy 013,0.014031077034918038,2.0819325140986126e-4,16
W02000040,2021,Conwy 014,0,0,9
W02000040,2023,Conwy 014,0,0,9
W02000040,2025,Conwy 014,0.23214204496569932,0.03563525250453521,10
W02000041,2021,Conwy 015,0,0,5
W02000041,2023,Conwy 015,0,0,5
W02000041,2025,Conwy 015,0.020909283980328205,4.7007548886108543e-4,14
W02000042,2021,Denbighshire 001,0.08310723454801548,0.007760251834080739,6
W02000042,2023,Denbighshire 001,0.3313023329144385,0.08001068469126606,3
W02000042,2025,Denbighshire 001,0.1260252307061565,0.005517425403313263,21
W02000043,2021,Denbighshire 002,0.09760301676463669,0.009393590013744577,6
W02000043,2023,Denbighshire 002,0,0,7
W02000043,2025,Denbighshire 002,0,0,16
W02000044,2021,Denbighshire 003,0,0,5
W02000044,2023,Denbighshire 003,0.3625484086399611,0.08063175449769942,3
W02000044,2025,Denbighshire 003,0.020136672791092384,4.4661742640228816e-4,15
W02000045,2021,Denbighshire 004,0.5055304661328172,0.1252931707786196,2
W02000045,2023,Denbighshire 004,0.25041531385433663,0.053232230890662965,3
W02000045,2025,Denbighshire 004,0.1348182443700502,0.009346158694730556,15
W02000047,2021,Denbighshire 006,0.7664673715912351,0.019799258019968055,7
W02000047,2023,Denbighshire 006,0,0,6
W02000047,2025,Denbighshire 006,0.022068054326674375,5.004318845318209e-4,17
W02000049,2021,Denbighshire 008,0.39874769738438265,0.045537249947011915,6
W02000049,2023,Denbighshire 008,0,0,4
W02000049,2025,Denbighshire 008,0,0,14
W02000050,2021,Denbighshire 009,0.11995833006885531,0.013740066975192944,6
W02000050,2023,Denbighshire 009,0,0,1
W02000050,2025,Denbighshire 009,0.09183443829277765,0.007725396500099094,16
W02000051,2021,Denbighshire 010,0.2317161438545716,0.020657445046547734,10
W02000051,2023,Denbighshire 010,0,0,3
W02000051,2025,Denbighshire 010,0,0,23
W02000052,2021,Denbighshire 011,0.12311978967183251,0.014102549434647354,6
W02000052,2023,Denbighshire 011,0,0,2
W02000052,2025,Denbighshire 011,0.11530383595304,0.008713407344797149,13
W02000053,2021,Denbighshire 012,0,0,5
W02000053,2023,Denbighshire 012,0,0,3
W02000053,2025,Denbighshire 012,0.05645606527526956,0.003097614198374395,16
W02000054,2021,Denbighshire 013,0.2460556360699084,0.030680424265163056,7
W02000054,2023,Denbighshire 013,0.436270444748604,0.09673885970565106,3
W02000054,2025,Denbighshire 013,0.2025524872712724,0.023432740072545116,17
W02000055,2021,Denbighshire 014,0,0,8
W02000055,2023,Denbighshire 014,0,0,5
W02000055,2025,Denbighshire 014,0.24640538658130987,0.021025375177735638,20
W02000056,2021,Denbighshire 015,0,0,5
W02000056,2023,Denbighshire 015,0,0,2
W02000056,2025,Denbighshire 015,0.02344968017913032,5.847714276023549e-4,14
W02000057,2021,Denbighshire 016,0,0,8
W02000057,2023,Denbighshire 016,0.3749929773727695,0.05028788630254579,5
W02000057,2025,Denbighshire 016,0.11212993199199618,0.011599676060024112,11
W02000058,2021,Flintshire 001,0,0,4
W02000058,2023,Flintshire 001,0.4212547180351624,0.08495410261225096,4
W02000058,2025,Flintshire 001,0.18594490178766837,0.010930858252054306,20
W02000059,2021,Flintshire 002,0,0,4
W02000059,2023,Flintshire 002,0,0,3
W02000059,2025,Flintshire 002,0.12305279430198109,0.006726322844034453,16
W02000060,2021,Flintshire 003,0,0,9
W02000060,2023,Flintshire 003,0.24360117708221335,0.049660919547038725,4
W02000060,2025,Flintshire 003,0.1342621961266177,0.011999299135922492,15
W02000061,2021,Flintshire 004,0.07092279883856752,0.005074417007536647,8
W02000061,2023,Flintshire 004,0.21396930860502059,0.04282754655655748,3
W02000061,2025,Flintshire 004,0.07263082378115174,0.0029833358908991615,18
W02000062,2021,Flintshire 005,0.3169497019631973,0.03389740936116187,15
W02000062,2023,Flintshire 005,0.21277184831160814,0.03628608881694567,5
W02000062,2025,Flintshire 005,0.2949412858986682,0.025510709182368023,14
W02000063,2021,Flintshire 006,0.5807428473912614,0.05782561005534034,5
W02000063,2023,Flintshire 006,0.06328614773287769,0.0041254522977571114,9
W02000063,2025,Flintshire 006,0.07066968464508129,0.004767581027132596,13
W02000064,2021,Flintshire 007,0.3400236493834109,0.05794456959511587,4
W02000064,2023,Flintshire 007,0,0,2
W02000064,2025,Flintshire 007,0.2181327185933091,0.021287556418939348,17
W02000065,2021,Flintshire 008,0,0,7
W02000065,2023,Flintshire 008,0,0,3
W02000065,2025,Flintshire 008,0.11041972876857678,0.006408022944076637,11
W02000066,2021,Flintshire 009,0.05669483832587613,0.0035889837545587644,8
W02000066,2023,Flintshire 009,0,0,4
W02000066,2025,Flintshire 009,0.10579691596247456,0.006275154970532057,16
W02000067,2021,Flintshire 010,0.2165076563383515,0.023910887603942003,8
W02000067,2023,Flintshire 010,0.30356176462050305,0.0895616581890234,2
W02000067,2025,Flintshire 010,0.13087590271871072,0.0048039259527855515,16
W02000068,2021,Flintshire 011,0.388625349074746,0.04441879481131547,7
W02000068,2023,Flintshire 011,0,0,4
W02000068,2025,Flintshire 011,0.029717565136803122,9.520705907764246e-4,11
W02000069,2021,Flintshire 012,0,0,9
W02000069,2023,Flintshire 012,0.33381175047048606,0.07460936595515419,3
W02000069,2025,Flintshire 012,0.08479231754676822,0.0035535190776583704,19
W02000070,2021,Flintshire 013,0.10612560517590662,0.01087587462463244,8
W02000070,2023,Flintshire 013,0.09678404742283275,0.00902433342768153,7
W02000070,2025,Flintshire 013,0.023898569217688386,6.303028717571055e-4,11
W02000071,2021,Flintshire 014,0,0,6
W02000071,2023,Flintshire 014,0,0,2
W02000071,2025,Flintshire 014,0.15522493936879786,0.01634768264634133,20
W02000072,2021,Flintshire 015,0.07883294023049847,0.006046521239507615,9
W02000072,2023,Flintshire 015,0,0,6
W02000072,2025,Flintshire 015,0.07437716956948956,0.0029438664000395725,18
W02000073,2021,Flintshire 016,0.39263709133260627,0.0789895722137904,4
W02000073,2023,Flintshire 016,0,0,2
W02000073,2025,Flintshire 016,0,0,16
W02000074,2021,Flintshire 017,0.22049183312206763,0.03890169151227537,5
W02000074,2023,Flintshire 017,0.2839129094184388,0.08282562937094819,2
W02000074,2025,Flintshire 017,0.1793842227367029,0.013270193201165865,21
W02000075,2021,Flintshire 018,0.13035296866652085,0.015492090592020337,7
W02000075,2023,Flintshire 018,0.06828490396943032,0.004748339645802404,7
W02000075,2025,Flintshire 018,0.13478196469561102,0.01208564961595197,13
W02000076,2021,Flintshire 019,0,0,4
W02000076,2023,Flintshire 019,0.20040966133149013,0.031478427453417446,6
W02000076,2025,Flintshire 019,0.18289258645694312,0.025692522905307703,10
W02000077,2021,Flintshire 020,0,0,3
W02000077,2023,Flintshire 020,0.07033545480116019,0.00519663084268556,6
W02000077,2025,Flintshire 020,0,0,9
W02000080,2021,Wrexham 003,0,0,10
W02000080,2023,Wrexham 003,0,0,3
W02000080,2025,Wrexham 003,0.31374109725913635,0.029928113951071963,12
W02000081,2021,Wrexham 004,0.17424834112776175,0.03161566763902536,3
W02000081,2023,Wrexham 004,0,0,2
W02000081,2025,Wrexham 004,0.04703659368579207,0.002181646109784192,17
W02000082,2021,Wrexham 005,0.12777937306999088,0.014772419878588619,10
W02000082,2023,Wrexham 005,0,0,2
W02000082,2025,Wrexham 005,0.40578796755389185,0.025203777749783978,16
W02000083,2021,Wrexham 006,0.2202932512168121,0.037765610579656037,5
W02000083,2023,Wrexham 006,0,0,2
W02000083,2025,Wrexham 006,0.3246154780467624,0.05188864619804715,8
W02000085,2021,Wrexham 008,0,0,7
W02000085,2023,Wrexham 008,0,0,5
W02000085,2025,Wrexham 008,0,0,9
W02000087,2021,Wrexham 010,0,0,9
W02000087,2023,Wrexham 010,0,0,5
W02000087,2025,Wrexham 010,0.17563427342700577,0.016864842790106326,14
W02000088,2021,Wrexham 011,0,0,8
W02000088,2023,Wrexham 011,0.5412010756132453,0.09273974889601344,3
W02000088,2025,Wrexham 011,0.09237473893916798,0.008136830115426475,10
W02000089,2021,Wrexham 012,0.2936482507535497,0.038628427054704574,6
W02000089,2023,Wrexham 012,0.3165511728360981,0.07106914553963639,4
W02000089,2025,Wrexham 012,0.03400246441283333,0.0013470617807742574,8
W02000090,2021,Wrexham 013,0,0,3
W02000090,2023,Wrexham 013,0,0,3
W02000090,2025,Wrexham 013,0,0,14
W02000091,2021,Wrexham 014,0,0,9
W02000091,2023,Wrexham 014,0,0,5
W02000091,2025,Wrexham 014,0.08077406106431079,0.0036937431447514914,13
W02000092,2021,Wrexham 015,0,0,4
W02000092,2023,Wrexham 015,0,0,6
W02000092,2025,Wrexham 015,0.2525827500622753,0.029083800674516543,8
W02000093,2021,Wrexham 016,0,0,5
W02000093,2023,Wrexham 016,0,0,4
W02000093,2025,Wrexham 016,0,0,13
W02000094,2021,Wrexham 017,0.21678352818019048,0.04002218830936517,4
W02000094,2023,Wrexham 017,0,0,2
W02000094,2025,Wrexham 017,0.2827583878420045,0.039136216918806185,10
W02000095,2021,Wrexham 018,0,0,4
W02000095,2023,Wrexham 018,0,0,3
W02000095,2025,Wrexham 018,0.26184911986455184,0.025594582781743754,15
W02000096,2021,Wrexham 019,0.2284921390218744,0.04719399962669436,4
W02000096,2023,Wrexham 019,0.33015053109435116,0.04254151640683186,5
W02000096,2025,Wrexham 019,0.23951481233022204,0.033546452530662185,13
W02000097,2021,Powys 001,0.09544433940052938,0.004566114166430029,14
W02000097,2023,Powys 001,0.04638055190476762,0.0022167476090254874,10
W02000097,2025,Powys 001,0.23536852854024376,0.007416300923916794,25
W02000098,2021,Powys 002,0.1396089447123203,0.01577833622180705,13
W02000098,2023,Powys 002,0.20212535148751437,0.015221261408715601,13
W02000098,2025,Powys 002,0.10074700259259677,0.00382297344824648,23
W02000099,2021,Powys 003,0.18947225976330812,0.015911047404152123,15
W02000099,2023,Powys 003,0.4261644260286347,0.02555182843389532,10
W02000099,2025,Powys 003,0.2415704623958348,0.012229049992600183,31
W02000100,2021,Powys 004,0.30084786128152663,0.00830158794306465,32
W02000100,2023,Powys 004,0.06929813512837374,0.004682118423811548,11
W02000100,2025,Powys 004,0.01611119770867258,2.6793425793688344e-4,26
W02000101,2021,Powys 005,0,0,19
W02000101,2023,Powys 005,0.10023252527488909,0.009709074447748774,7
W02000101,2025,Powys 005,0.18784810285125508,0.007606107309105609,26
W02000102,2021,Powys 006,0.027112251747057677,7.801651154317132e-4,16
W02000102,2023,Powys 006,0.09584713998961757,0.008075580469407423,16
W02000102,2025,Powys 006,0.21548079651584187,0.016668444463594848,22
W02000103,2021,Powys 007,0.187231220486261,0.010821936262679441,14
W02000103,2023,Powys 007,0.09196391158694066,0.007544580580335067,15
W02000103,2025,Powys 007,0.20283838884303385,0.006253334790669189,36
W02000104,2021,Powys 008,0.23218260438122434,0.014309124837582494,13
W02000104,2023,Powys 008,0.18448697986513407,0.009040593528840886,13
W02000104,2025,Powys 008,0.1577280893058326,0.005816770939663166,33
W02000105,2021,Powys 009,0.06604678770346228,0.004208091463732144,15
W02000105,2023,Powys 009,0.1698036387350112,0.02298932264404276,8
W02000105,2025,Powys 009,0.1687515200449198,0.005356479328510003,34
W02000106,2021,Powys 010,0.04418643323889526,0.0019648545323623628,13
W02000106,2023,Powys 010,0.25703262905601043,0.015877582268031015,14
W02000106,2025,Powys 010,0.21741064544931868,0.008221937419509797,37
W02000107,2021,Powys 011,0.09419578553554663,0.004579764527411759,20
W02000107,2023,Powys 011,0.31250291681787146,0.0237474106636558,10
W02000107,2025,Powys 011,0.1701473497420348,0.0042401118490936005,34
W02000108,2021,Powys 012,0.13071439914755056,0.00880585338095505,17
W02000108,2023,Powys 012,0.17087270445635067,0.012456780656289674,12
W02000108,2025,Powys 012,0.09335051787031397,0.00413542545216157,31
W02000109,2021,Powys 013,0.04606357820323005,0.0011567168740630246,19
W02000109,2023,Powys 013,0.3046914644681177,0.01570422104154662,16
W02000109,2025,Powys 013,0.41290902316114325,0.01052331809282885,35
W02000110,2021,Powys 014,0.07649586349486223,0.003162201840128105,25
W02000110,2023,Powys 014,0.17417748717299184,0.013242029485127994,13
W02000110,2025,Powys 014,0.22783181426432603,0.008724038452570448,30
W02000111,2021,Powys 015,0.34563781929446286,0.02651960369840405,13
W02000111,2023,Powys 015,0.16199556113550218,0.011016463063235447,14
W02000111,2025,Powys 015,0.16438287185584582,0.006496880672253213,40
W02000113,2021,Powys 017,0.033326404545683405,0.0011466546600750547,13
W02000113,2023,Powys 017,0.17795160171170055,0.013955297672296134,10
W02000113,2025,Powys 017,0.2618622228010663,0.008538638658859357,36
W02000114,2021,Powys 018,0.1058660636516851,0.003995266147183701,18
W02000114,2023,Powys 018,0.2886249915018037,0.05301340957434953,5
W02000114,2025,Powys 018,0.17283430302697408,0.006573719398078893,34
W02000116,2021,Ceredigion 001,0,0,6
W02000116,2023,Ceredigion 001,0,0,8
W02000116,2025,Ceredigion 001,0.021668076940818508,4.7499939522030026e-4,28
W02000117,2021,Ceredigion 002,0,0,8
W02000117,2023,Ceredigion 002,0,0,5
W02000117,2025,Ceredigion 002,0.1254145715107483,0.0038100824099077083,33
W02000118,2021,Ceredigion 003,0,0,11
W02000118,2023,Ceredigion 003,0.11730413417446586,0.013638081059924211,5
W02000118,2025,Ceredigion 003,0.3297731413729008,0.017238144733211863,24
W02000120,2021,Ceredigion 005,0,0,6
W02000120,2023,Ceredigion 005,0.47234863851125647,0.09633140248014103,3
W02000120,2025,Ceredigion 005,0.16717430422124294,0.00832342584968711,30
W02000122,2021,Ceredigion 007,0,0,11
W02000122,2023,Ceredigion 007,0.13471114352661953,0.017805724365342213,5
W02000122,2025,Ceredigion 007,0.11525596053876372,0.003214779266526704,36
W02000123,2021,Ceredigion 008,0.13408260985062156,0.017139869998908843,5
W02000123,2023,Ceredigion 008,0.6075384631657605,0.06333543674061774,4
W02000123,2025,Ceredigion 008,0.2147557505929441,0.015196374829652344,21
W02000124,2021,Ceredigion 009,0,0,10
W02000124,2023,Ceredigion 009,0.07888291900823918,0.00609448443439128,9
W02000124,2025,Ceredigion 009,0.12015517339067466,0.003847431791038961,27
W02000125,2021,Ceredigion 010,0.21917961940435537,0.022398758882916585,12
W02000125,2023,Ceredigion 010,0,0,7
W02000125,2025,Ceredigion 010,0.14617540956978628,0.00500511048352681,36
W02000126,2021,Pembrokeshire 001,0,0,6
W02000126,2023,Pembrokeshire 001,0.3780849951838567,0.07246385043349798,5
W02000126,2025,Pembrokeshire 001,0.3032450311456092,0.019567509432533277,18
W02000127,2021,Pembrokeshire 002,0,0,15
W02000127,2023,Pembrokeshire 002,0,0,5
W02000127,2025,Pembrokeshire 002,0.2690954163279087,0.028120207413238712,13
W02000128,2021,Pembrokeshire 003,0.057852208748884276,0.0024423752881622017,9
W02000128,2023,Pembrokeshire 003,0.6905345654021999,0.03648845967121849,6
W02000128,2025,Pembrokeshire 003,0.022467048956958634,5.547631760222455e-4,13
W02000129,2021,Pembrokeshire 004,0,0,6
W02000129,2023,Pembrokeshire 004,0,0,4
W02000129,2025,Pembrokeshire 004,0.07734105470699854,0.0033604729104006583,16
W02000130,2021,Pembrokeshire 005,0.021846209767274107,5.505489771829779e-4,10
W02000130,2023,Pembrokeshire 005,0,0,3
W02000130,2025,Pembrokeshire 005,0.18611119234914236,0.009474404781781656,16
W02000131,2021,Pembrokeshire 006,0,0,14
W02000131,2023,Pembrokeshire 006,0.21823227825356092,0.034839126814809426,7
W02000131,2025,Pembrokeshire 006,0.2059601230258639,0.01598238057573869,14
W02000132,2021,Pembrokeshire 007,0,0,6
W02000132,2023,Pembrokeshire 007,0,0,6
W02000132,2025,Pembrokeshire 007,0,0,11
W02000133,2021,Pembrokeshire 008,0.41283899813086133,0.04757877286985046,10
W02000133,2023,Pembrokeshire 008,NA,NA,0
W02000133,2025,Pembrokeshire 008,0.32160362306924334,0.022583684037945157,13
W02000134,2021,Pembrokeshire 009,0.35622973532524743,0.0621289595695766,10
W02000134,2023,Pembrokeshire 009,0,0,2
W02000134,2025,Pembrokeshire 009,0.248498848196269,0.010419691196153776,19
W02000135,2021,Pembrokeshire 010,0,0,10
W02000135,2023,Pembrokeshire 010,0.2160171140620766,0.0363151875920126,5
W02000135,2025,Pembrokeshire 010,0.16252681464064087,0.008108311113266067,16
W02000136,2021,Pembrokeshire 011,0,0,15
W02000136,2023,Pembrokeshire 011,0,0,5
W02000136,2025,Pembrokeshire 011,0.07868015536839972,0.002500916265818304,23
W02000137,2021,Pembrokeshire 012,0.05001729164591482,0.002476362984288006,15
W02000137,2023,Pembrokeshire 012,0,0,2
W02000137,2025,Pembrokeshire 012,0.08579073209676916,0.004191187142175006,13
W02000138,2021,Pembrokeshire 013,0,0,12
W02000138,2023,Pembrokeshire 013,0,0,1
W02000138,2025,Pembrokeshire 013,0.10601607823830984,0.010219966055312,12
W02000139,2021,Pembrokeshire 014,0,0,11
W02000139,2023,Pembrokeshire 014,0,0,4
W02000139,2025,Pembrokeshire 014,0.35209858714901615,0.021719616004636056,20
W02000140,2021,Pembrokeshire 015,0.14526186177297862,0.014804107447479634,9
W02000140,2023,Pembrokeshire 015,0.1566169536105545,0.013875447150006213,10
W02000140,2025,Pembrokeshire 015,0.1726677409248139,0.022645737942217702,14
W02000141,2021,Pembrokeshire 016,0,0,10
W02000141,2023,Pembrokeshire 016,0.09379934334303676,0.009157432454165,5
W02000141,2025,Pembrokeshire 016,0.035469120664160685,0.0012996770237680925,17
W02000142,2021,Carmarthenshire 001,0.13704682389226022,0.01606175013541019,9
W02000142,2023,Carmarthenshire 001,0,0,2
W02000142,2025,Carmarthenshire 001,0.1085597992753008,0.007401877780899841,9
W02000143,2021,Carmarthenshire 002,0,0,6
W02000143,2023,Carmarthenshire 002,0,0,7
W02000143,2025,Carmarthenshire 002,0,0,7
W02000144,2021,Carmarthenshire 003,0.09097016580598385,0.008622370904124448,9
W02000144,2023,Carmarthenshire 003,0,0,4
W02000144,2025,Carmarthenshire 003,0.06599265594319388,0.001724281137165536,20
W02000145,2021,Carmarthenshire 004,0.23456238084119208,0.03797704043668866,7
W02000145,2023,Carmarthenshire 004,0,0,4
W02000145,2025,Carmarthenshire 004,0.25999806831673655,0.01536098621601223,15
W02000146,2021,Carmarthenshire 005,0,0,2
W02000146,2023,Carmarthenshire 005,0,0,5
W02000146,2025,Carmarthenshire 005,0.11287773362534177,0.011328239783130406,11
W02000147,2021,Carmarthenshire 006,0,0,7
W02000147,2023,Carmarthenshire 006,0,0,3
W02000147,2025,Carmarthenshire 006,0.2704269807429745,0.023398641017037942,12
W02000148,2021,Carmarthenshire 007,0,0,6
W02000148,2023,Carmarthenshire 007,0.4215787752705564,0.09405289947606979,3
W02000148,2025,Carmarthenshire 007,0.332246539269178,0.03636461716012154,10
W02000149,2021,Carmarthenshire 008,0.19823795880340647,0.031188039079682983,6
W02000149,2023,Carmarthenshire 008,0.09239522812757683,0.008084867159336102,8
W02000149,2025,Carmarthenshire 008,0.2968642002048154,0.024072592303520237,15
W02000151,2021,Carmarthenshire 010,0,0,4
W02000151,2023,Carmarthenshire 010,0,0,5
W02000151,2025,Carmarthenshire 010,0.4865729101774327,0.029660753611990078,12
W02000152,2021,Carmarthenshire 011,0.06020085014244122,0.003773629879423508,8
W02000152,2023,Carmarthenshire 011,0,0,1
W02000152,2025,Carmarthenshire 011,0.19980982291969268,0.01761378862418134,11
W02000153,2021,Carmarthenshire 012,0,0,7
W02000153,2023,Carmarthenshire 012,0,0,3
W02000153,2025,Carmarthenshire 012,0.20039526802664004,0.028331716212972154,12
W02000154,2021,Carmarthenshire 013,0.22859101820982813,0.018059508307332522,8
W02000154,2023,Carmarthenshire 013,0.20106968044923307,0.03648779588946124,4
W02000154,2025,Carmarthenshire 013,0.13504243620429662,0.00882794505116138,13
W02000156,2021,Carmarthenshire 015,0,0,12
W02000156,2023,Carmarthenshire 015,0,0,3
W02000156,2025,Carmarthenshire 015,0.05883994883762803,0.003693674403711877,7
W02000157,2021,Carmarthenshire 016,0,0,4
W02000157,2023,Carmarthenshire 016,0.47034066890210224,0.048924561934183576,6
W02000157,2025,Carmarthenshire 016,0.07381366487938326,0.005477216103475978,10
W02000158,2021,Carmarthenshire 017,0.047563720559799655,0.0022402909369953266,15
W02000158,2023,Carmarthenshire 017,0.3978256498449094,0.06156795372300046,4
W02000158,2025,Carmarthenshire 017,0.029828529855548475,9.620377518338887e-4,10
W02000159,2021,Carmarthenshire 018,0.08954296808812531,0.007729630093839151,9
W02000159,2023,Carmarthenshire 018,0.1952223080601683,0.030525786177927523,6
W02000159,2025,Carmarthenshire 018,0.11541527583403557,0.012264801967221768,9
W02000160,2021,Carmarthenshire 019,0,0,5
W02000160,2023,Carmarthenshire 019,0,0,3
W02000160,2025,Carmarthenshire 019,0.304816817216375,0.034216256307104925,6
W02000161,2021,Carmarthenshire 020,0.09864675077769615,0.00928749944213018,11
W02000161,2023,Carmarthenshire 020,0.4820884187887595,0.054920017149500254,5
W02000161,2025,Carmarthenshire 020,0,0,8
W02000162,2021,Carmarthenshire 021,0.03230184194529271,0.0012023904980565262,11
W02000162,2023,Carmarthenshire 021,0,0,2
W02000162,2025,Carmarthenshire 021,0,0,5
W02000163,2021,Carmarthenshire 022,0.23659184026031504,0.025793135418909117,12
W02000163,2023,Carmarthenshire 022,0,0,5
W02000163,2025,Carmarthenshire 022,0.2033415802781794,0.016398798046131417,12
W02000164,2021,Carmarthenshire 023,0.26102730416474546,0.029765210323479254,7
W02000164,2023,Carmarthenshire 023,1,0,2
W02000164,2025,Carmarthenshire 023,0.15145645877934877,0.006385872582192781,21
W02000165,2021,Carmarthenshire 024,0.7492109322523505,0.04213698707853686,7
W02000165,2023,Carmarthenshire 024,0.3111153116848293,0.05804979447757004,5
W02000165,2025,Carmarthenshire 024,0.044605894834607925,0.002588857813156886,5
W02000166,2021,Carmarthenshire 025,0.15612989955161513,0.02693023445625694,4
W02000166,2023,Carmarthenshire 025,0,0,3
W02000166,2025,Carmarthenshire 025,0.479665552414865,0.034365221887558584,11
W02000167,2021,Carmarthenshire 026,0.33604421260374767,0.04204022748596404,9
W02000167,2023,Carmarthenshire 026,0.6329721270766093,0.08110008501195173,3
W02000167,2025,Carmarthenshire 026,0.4589448374458594,0.02701811366841075,10
W02000168,2021,Swansea 001,0,0,13
W02000168,2023,Swansea 001,0,0,5
W02000168,2025,Swansea 001,0.18361995535619988,0.0200861932354291,17
W02000169,2021,Swansea 002,0.32726129190546793,0.061765081631094794,6
W02000169,2023,Swansea 002,0,0,1
W02000169,2025,Swansea 002,0.21235991071668048,0.009368725330017178,17
W02000170,2021,Swansea 003,0,0,5
W02000170,2023,Swansea 003,0.5444928596855071,0.07251248986734608,5
W02000170,2025,Swansea 003,0.12613782013815375,0.013852099992985534,13
W02000171,2021,Swansea 004,0.23017958058915464,0.026039273139805724,9
W02000171,2023,Swansea 004,0,0,7
W02000171,2025,Swansea 004,0.6968712317346386,0.051842054937773156,4
W02000172,2021,Swansea 005,0.09428135406700092,0.008650368644059457,8
W02000172,2023,Swansea 005,0,0,7
W02000172,2025,Swansea 005,0,0,7
W02000173,2021,Swansea 006,0.31339800305349097,0.04472444693261124,12
W02000173,2023,Swansea 006,0,0,3
W02000173,2025,Swansea 006,0.13584555172983476,0.016431090433210217,7
W02000174,2021,Swansea 007,0.062108129286639495,0.003757254505250407,13
W02000174,2023,Swansea 007,0,0,2
W02000174,2025,Swansea 007,0.3050241900452019,0.05192578673240396,10
W02000175,2021,Swansea 008,0,0,3
W02000175,2023,Swansea 008,0,0,3
W02000175,2025,Swansea 008,0.2842427254159557,0.051467193486276236,6
W02000176,2021,Swansea 009,0.3415309764087192,0.06091412099118625,7
W02000176,2023,Swansea 009,0.21688537879473965,0.03586825439230302,6
W02000176,2025,Swansea 009,0.21438258308828242,0.034223716837730164,7
W02000177,2021,Swansea 010,0,0,8
W02000177,2023,Swansea 010,0,0,6
W02000177,2025,Swansea 010,0,0,6
W02000178,2021,Swansea 011,0.10557749277367684,0.009730515945750152,13
W02000178,2023,Swansea 011,0,0,6
W02000178,2025,Swansea 011,0,0,10
W02000179,2021,Swansea 012,0.08944517479268621,0.007547615804644249,10
W02000179,2023,Swansea 012,0.0417253249187784,0.0020672084218261466,6
W02000179,2025,Swansea 012,0.24764267951482924,0.029282697186460517,14
W02000180,2021,Swansea 013,0,0,5
W02000180,2023,Swansea 013,0,0,2
W02000180,2025,Swansea 013,0.08040879968974707,0.006547704959388552,9
W02000181,2021,Swansea 014,0,0,5
W02000181,2023,Swansea 014,0.07662829889642137,0.006266762495434046,7
W02000181,2025,Swansea 014,0.2063450402167813,0.02192115016840678,8
W02000182,2021,Swansea 015,0.030753040238951198,0.0011242244402934786,11
W02000182,2023,Swansea 015,0.03386443230632921,0.001954256443602694,4
W02000182,2025,Swansea 015,0.2120499599980602,0.03210861699624001,11
W02000183,2021,Swansea 016,0,0,11
W02000183,2023,Swansea 016,0.10312664013304067,0.011887313128061853,5
W02000183,2025,Swansea 016,0.20765156239873592,0.032084187727043086,9
W02000184,2021,Swansea 017,0.1945492170053909,0.03330182419997291,5
W02000184,2023,Swansea 017,0.3614948223729675,0.08133307219283634,4
W02000184,2025,Swansea 017,0.13032373465975444,0.014087064980589769,16
W02000185,2021,Swansea 018,0,0,12
W02000185,2023,Swansea 018,0.5111342947018428,0.04027874639370389,7
W02000185,2025,Swansea 018,0,0,6
W02000186,2021,Swansea 019,0.1650752298991866,0.021235914736227456,11
W02000186,2023,Swansea 019,0.1264890353690798,0.014830648072993542,6
W02000186,2025,Swansea 019,0.3346087921705049,0.026202851734509328,11
W02000188,2021,Swansea 021,0.025120289090339018,6.998130632569989e-4,10
W02000188,2023,Swansea 021,0.1849270406530563,0.02749729943167805,7
W02000188,2025,Swansea 021,0.13897817046277686,0.018449254304148427,5
W02000189,2021,Swansea 022,0,0,10
W02000189,2023,Swansea 022,0.3562960079821394,0.03499415269039485,8
W02000189,2025,Swansea 022,0,0,15
W02000191,2021,Swansea 024,0.3988146059280348,0.04014108920948344,8
W02000191,2023,Swansea 024,1,0,1
W02000191,2025,Swansea 024,0.23300905004342748,0.02196400610444944,10
W02000192,2021,Swansea 025,0.08772431892535032,0.007466957271014459,10
W02000192,2023,Swansea 025,0.14784933055527222,0.022432052282056213,4
W02000192,2025,Swansea 025,0.1078801290794299,0.010129957193708964,18
W02000193,2021,Swansea 026,0.3583113814135157,0.03493154188568444,10
W02000193,2023,Swansea 026,0,0,5
W02000193,2025,Swansea 026,0.10782255669977563,0.010263605633724892,14
W02000194,2021,Swansea 027,0,0,7
W02000194,2023,Swansea 027,0,0,4
W02000194,2025,Swansea 027,0,0,14
W02000195,2021,Swansea 028,0.10947433149693314,0.006598411117337204,13
W02000195,2023,Swansea 028,0.819499722246084,0.024014458517463377,5
W02000195,2025,Swansea 028,0.08341744529806772,0.0038200355215827464,11
W02000196,2021,Swansea 029,0,0,7
W02000196,2023,Swansea 029,0,0,5
W02000196,2025,Swansea 029,0,0,10
W02000197,2021,Swansea 030,0,0,7
W02000197,2023,Swansea 030,0,0,5
W02000197,2025,Swansea 030,0,0,8
W02000198,2021,Swansea 031,0.17904818711813564,0.011865351480149899,11
W02000198,2023,Swansea 031,0.47088110995614874,0.06580273754059142,5
W02000198,2025,Swansea 031,0.2579443622255798,0.033773171155765405,10
W02000200,2021,Neath Port Talbot 002,0.1350110123263027,0.015930092024423668,8
W02000200,2023,Neath Port Talbot 002,0.0338356149082533,0.0013701444131760214,7
W02000200,2025,Neath Port Talbot 002,0.15122342062928207,0.01878555743192171,11
W02000201,2021,Neath Port Talbot 003,0,0,12
W02000201,2023,Neath Port Talbot 003,0.2632683166386646,0.049301197222203726,5
W02000201,2025,Neath Port Talbot 003,0,0,16
W02000202,2021,Neath Port Talbot 004,0.24377519592902847,0.025440801325018223,9
W02000202,2023,Neath Port Talbot 004,0,0,4
W02000202,2025,Neath Port Talbot 004,0.5023359976108932,0.04245466863922829,9
W02000204,2021,Neath Port Talbot 006,0.1782666596818152,0.027783964679834256,6
W02000204,2023,Neath Port Talbot 006,0.1850280117589225,0.029056219691545,7
W02000204,2025,Neath Port Talbot 006,0,0,4
W02000205,2021,Neath Port Talbot 007,0.35840498484678074,0.043854329421560784,6
W02000205,2023,Neath Port Talbot 007,0,0,5
W02000205,2025,Neath Port Talbot 007,0.21896696023517323,0.022513795673393417,12
W02000206,2021,Neath Port Talbot 008,0.07142232075243102,0.0027191382455396054,14
W02000206,2023,Neath Port Talbot 008,0.9521251167783326,0.00280801819620681,4
W02000206,2025,Neath Port Talbot 008,0.08980904995079791,0.004121793201502826,18
W02000207,2021,Neath Port Talbot 009,0.25905486006221407,0.020187048517648416,10
W02000207,2023,Neath Port Talbot 009,0,0,4
W02000207,2025,Neath Port Talbot 009,0.10699534365468719,0.005603216299282745,15
W02000208,2021,Neath Port Talbot 010,0.06567448442388035,0.004356181321410051,8
W02000208,2023,Neath Port Talbot 010,0,0,6
W02000208,2025,Neath Port Talbot 010,0.26027978042766364,0.03545495700960153,9
W02000210,2021,Neath Port Talbot 012,0.16203712282595134,0.025397823397133337,6
W02000210,2023,Neath Port Talbot 012,0.15341508785553387,0.014187560056079917,6
W02000210,2025,Neath Port Talbot 012,0.282859436264422,0.033086323558916636,8
W02000211,2021,Neath Port Talbot 013,0.23553312616071945,0.016593587176472486,12
W02000211,2023,Neath Port Talbot 013,0,0,2
W02000211,2025,Neath Port Talbot 013,0.11457597231886088,0.007450091342347436,10
W02000212,2021,Neath Port Talbot 014,0.2677788171470654,0.02614717165176611,10
W02000212,2023,Neath Port Talbot 014,0.7652619908734066,0.03156076432224193,6
W02000212,2025,Neath Port Talbot 014,0.07787970940284689,0.0035376057603445877,11
W02000213,2021,Neath Port Talbot 015,0.05389160108305756,0.0029913962910142777,8
W02000213,2023,Neath Port Talbot 015,0,0,7
W02000213,2025,Neath Port Talbot 015,0.058260255330352444,0.003545435789868133,11
W02000214,2021,Neath Port Talbot 016,0.06823242992753273,0.004967133979666497,6
W02000214,2023,Neath Port Talbot 016,0.13965012833234064,0.01823768869350546,5
W02000214,2025,Neath Port Talbot 016,0.0697043651606858,0.002636683280789004,16
W02000215,2021,Neath Port Talbot 017,0.29535108093288087,0.03444030204686686,6
W02000215,2023,Neath Port Talbot 017,0,0,4
W02000215,2025,Neath Port Talbot 017,0,0,18
W02000216,2021,Neath Port Talbot 018,0.19391322204763242,0.014655727812434703,10
W02000216,2023,Neath Port Talbot 018,0.582131891392225,0.11858886891004962,2
W02000216,2025,Neath Port Talbot 018,0.09887157885488725,0.008874725373608224,13
W02000217,2021,Neath Port Talbot 019,0.09387957998462136,0.008964706575347457,6
W02000217,2023,Neath Port Talbot 019,0,0,5
W02000217,2025,Neath Port Talbot 019,0,0,16
W02000218,2021,Bridgend 001,0.15800958585742095,0.012559342773320992,10
W02000218,2023,Bridgend 001,0.10001880722181827,0.010521625241847372,5
W02000218,2025,Bridgend 001,0.15229566803392136,0.010903467250478607,11
W02000219,2021,Bridgend 002,0.3443152298894676,0.042669391935343505,7
W02000219,2023,Bridgend 002,0.07512376829491951,0.00657604399375621,4
W02000219,2025,Bridgend 002,0.1682122113814376,0.013996142941941904,12
W02000220,2021,Bridgend 003,0.3163729247039421,0.046743684724053346,5
W02000220,2023,Bridgend 003,0,0,2
W02000220,2025,Bridgend 003,0.35532433610683933,0.03163293726336011,15
W02000221,2021,Bridgend 004,0.1706260169161869,0.024597668963403624,6
W02000221,2023,Bridgend 004,0,0,2
W02000221,2025,Bridgend 004,0.22464690922113356,0.014098328714192804,12
W02000222,2021,Bridgend 005,0.19854904870901657,0.019523490319189256,8
W02000222,2023,Bridgend 005,0,0,4
W02000222,2025,Bridgend 005,0.15158375295854637,0.009614525611199848,15
W02000223,2021,Bridgend 006,0.08401065019598318,0.006555941133939672,12
W02000223,2023,Bridgend 006,0.15463081215945146,0.02317247323842648,4
W02000223,2025,Bridgend 006,0.09757512051333785,0.008414539733604983,17
W02000224,2021,Bridgend 007,0.7152273905640969,0.025674855843090667,8
W02000224,2023,Bridgend 007,0.476449030286195,0.0982846295077342,3
W02000224,2025,Bridgend 007,0,0,13
W02000225,2021,Bridgend 008,0.17185562126867276,0.011691446083102897,15
W02000225,2023,Bridgend 008,0,0,5
W02000225,2025,Bridgend 008,0.28250679011949603,0.046100102267075,10
W02000226,2021,Bridgend 009,0.18772151648239438,0.011272667322718706,13
W02000226,2023,Bridgend 009,0.33242400929295135,0.03714580498362501,6
W02000226,2025,Bridgend 009,0.03520363460281459,0.0013061023068743124,12
W02000227,2021,Bridgend 010,0.39761037884404415,0.03566960811240275,11
W02000227,2023,Bridgend 010,0.3667259490850701,0.0849495858447122,3
W02000227,2025,Bridgend 010,0.08362598579906975,0.0038668204561529995,19
W02000228,2021,Bridgend 011,0.41013977338038315,0.07212175581950968,6
W02000228,2023,Bridgend 011,0.13500546782867492,0.019263143274305474,4
W02000228,2025,Bridgend 011,0.13750561923203072,0.009145588967907247,12
W02000229,2021,Bridgend 012,0.372596028853177,0.05143712390680408,10
W02000229,2023,Bridgend 012,0.14036913945894477,0.019973546369290156,4
W02000229,2025,Bridgend 012,0.023667031719991627,5.939299805793825e-4,15
W02000230,2021,Bridgend 013,0.2016441058332007,0.031985795274819234,6
W02000230,2023,Bridgend 013,0.9999999999999999,6.162476901133555e-33,2
W02000230,2025,Bridgend 013,0.03432351547577085,0.0012315767349300754,14
W02000231,2021,Bridgend 014,0.2472861559093759,0.02086188485061717,13
W02000231,2023,Bridgend 014,0.14708255022568661,0.022541077781869267,4
W02000231,2025,Bridgend 014,0.07183417284544649,0.005238777091408904,8
W02000232,2021,Bridgend 015,0.2089893262583731,0.03245549152384563,7
W02000232,2023,Bridgend 015,0.5720643907672591,0.03045709201199172,10
W02000232,2025,Bridgend 015,0.07382530913478066,0.0056464611603669525,9
W02000233,2021,Bridgend 016,0.1889879167546872,0.01679458206755793,11
W02000233,2023,Bridgend 016,0,0,4
W02000233,2025,Bridgend 016,0.06802796645371637,0.002560543605883467,14
W02000234,2021,Bridgend 017,0.23793242127900188,0.028374398637247115,7
W02000234,2023,Bridgend 017,0.3319684097213635,0.06177737630349128,5
W02000234,2025,Bridgend 017,0.24809512359347852,0.01759214410250996,15
W02000235,2021,Bridgend 018,0.5408530781595624,0.05900934608218884,7
W02000235,2023,Bridgend 018,0.14075988961524832,0.018555164924375384,6
W02000235,2025,Bridgend 018,0,0,13
W02000236,2021,Bridgend 019,0.7427696585151857,0.025825449926583484,12
W02000236,2023,Bridgend 019,0,0,3
W02000236,2025,Bridgend 019,0.13370182663871003,0.008068657875111775,16
W02000237,2021,Vale of Glamorgan 001,0,0,6
W02000237,2023,Vale of Glamorgan 001,0,0,6
W02000237,2025,Vale of Glamorgan 001,0.1627169233043331,0.005574830992446824,20
W02000238,2021,Vale of Glamorgan 002,0.0697226178451028,0.005121246163352835,10
W02000238,2023,Vale of Glamorgan 002,0.14118483278569652,0.020223572290565536,5
W02000238,2025,Vale of Glamorgan 002,0.09491294921351873,0.005299474416309567,12
W02000239,2021,Vale of Glamorgan 003,0.0878882555274812,0.00447735435358631,13
W02000239,2023,Vale of Glamorgan 003,0.09814815869375534,0.009929934934382097,6
W02000239,2025,Vale of Glamorgan 003,0.22677872810008526,0.01445762414180057,15
W02000240,2021,Vale of Glamorgan 004,0.3842605519584914,0.02654797717361021,11
W02000240,2023,Vale of Glamorgan 004,0.3821218455135906,0.07541976152873689,4
W02000240,2025,Vale of Glamorgan 004,0.23257132757896865,0.021658488560487146,9
W02000241,2021,Vale of Glamorgan 005,0.3254299456153663,0.02399623667622223,10
W02000241,2023,Vale of Glamorgan 005,0.19491158055598498,0.03509183804939568,4
W02000241,2025,Vale of Glamorgan 005,0.08571980997754938,0.006842973264085231,14
W02000242,2021,Vale of Glamorgan 006,0.23229378979409,0.026165224290550248,7
W02000242,2023,Vale of Glamorgan 006,0,0,4
W02000242,2025,Vale of Glamorgan 006,0.3303578552998071,0.03512637468853634,11
W02000243,2021,Vale of Glamorgan 007,0.09583720050472133,0.004453115572134568,17
W02000243,2023,Vale of Glamorgan 007,0,0,5
W02000243,2025,Vale of Glamorgan 007,0.08317159924169112,0.003874014013559077,11
W02000244,2021,Vale of Glamorgan 008,0.09305997568269621,0.008141884014244821,11
W02000244,2023,Vale of Glamorgan 008,0,0,4
W02000244,2025,Vale of Glamorgan 008,0.1570993129235458,0.0089089090669488,18
W02000245,2021,Vale of Glamorgan 009,0,0,6
W02000245,2023,Vale of Glamorgan 009,0,0,5
W02000245,2025,Vale of Glamorgan 009,0.12334052629428713,0.007868407815732283,16
W02000246,2021,Vale of Glamorgan 010,0.40298903120194407,0.04840920788628492,7
W02000246,2023,Vale of Glamorgan 010,0,0,3
W02000246,2025,Vale of Glamorgan 010,0.38345641557840093,0.0228186109348791,13
W02000247,2021,Vale of Glamorgan 011,0.5089711206498703,0.04487040727336258,6
W02000247,2023,Vale of Glamorgan 011,0,0,8
W02000247,2025,Vale of Glamorgan 011,0.1916693699386835,0.006736655406425956,19
W02000248,2021,Vale of Glamorgan 012,0.09452546823005963,0.008571393826105148,8
W02000248,2023,Vale of Glamorgan 012,0.17496181338717995,0.020761465706736135,7
W02000248,2025,Vale of Glamorgan 012,0.22411832339759163,0.012664904829915584,20
W02000249,2021,Vale of Glamorgan 013,0,0,1
W02000249,2023,Vale of Glamorgan 013,0,0,3
W02000249,2025,Vale of Glamorgan 013,0.30956485591124094,0.018171679536003283,13
W02000250,2021,Vale of Glamorgan 014,0.25625338871703796,0.05443056319780204,4
W02000250,2023,Vale of Glamorgan 014,0.41237789295661,0.034232421876159984,8
W02000250,2025,Vale of Glamorgan 014,0.15434933297738462,0.012059028448640815,13
W02000251,2021,Vale of Glamorgan 015,0,0,12
W02000251,2023,Vale of Glamorgan 015,0,0,5
W02000251,2025,Vale of Glamorgan 015,0.2951833288197265,0.014073415636451972,18
W02000252,2021,Rhondda Cynon Taf 001,0,0,12
W02000252,2023,Rhondda Cynon Taf 001,0,0,7
W02000252,2025,Rhondda Cynon Taf 001,0,0,5
W02000253,2021,Rhondda Cynon Taf 002,0,0,8
W02000253,2023,Rhondda Cynon Taf 002,0,0,3
W02000253,2025,Rhondda Cynon Taf 002,0,0,7
W02000254,2021,Rhondda Cynon Taf 003,0.45613524911080167,0.07806328820345773,6
W02000254,2023,Rhondda Cynon Taf 003,0,0,5
W02000254,2025,Rhondda Cynon Taf 003,0,0,6
W02000255,2021,Rhondda Cynon Taf 004,0.21476578694195858,0.03247331881536928,9
W02000255,2023,Rhondda Cynon Taf 004,0,0,7
W02000255,2025,Rhondda Cynon Taf 004,0.1304459405317504,0.016332302775976106,6
W02000256,2021,Rhondda Cynon Taf 005,0.11179896075730703,0.01287202005263511,5
W02000256,2023,Rhondda Cynon Taf 005,0,0,2
W02000256,2025,Rhondda Cynon Taf 005,0.2727221010340992,0.0325324572589449,8
W02000257,2021,Rhondda Cynon Taf 006,0,0,4
W02000257,2023,Rhondda Cynon Taf 006,0,0,4
W02000257,2025,Rhondda Cynon Taf 006,0.08332934345818582,0.007076664064257153,7
W02000258,2021,Rhondda Cynon Taf 007,0,0,8
W02000258,2023,Rhondda Cynon Taf 007,0.24967704760510434,0.031191439319300324,7
W02000258,2025,Rhondda Cynon Taf 007,0,0,8
W02000259,2021,Rhondda Cynon Taf 008,0,0,8
W02000259,2023,Rhondda Cynon Taf 008,0.06396191490916571,0.004598129131638897,7
W02000259,2025,Rhondda Cynon Taf 008,0,0,5
W02000260,2021,Rhondda Cynon Taf 009,0.2524366414500395,0.019982608877203586,9
W02000260,2023,Rhondda Cynon Taf 009,0,0,2
W02000260,2025,Rhondda Cynon Taf 009,0.2583865506994965,0.051130418484953984,4
W02000261,2021,Rhondda Cynon Taf 010,0,0,12
W02000261,2023,Rhondda Cynon Taf 010,0,0,4
W02000261,2025,Rhondda Cynon Taf 010,0.06159992601556031,0.003679015621964995,14
W02000262,2021,Rhondda Cynon Taf 011,0,0,7
W02000262,2023,Rhondda Cynon Taf 011,0,0,8
W02000262,2025,Rhondda Cynon Taf 011,0.130551361953057,0.014810342372090463,12
W02000263,2021,Rhondda Cynon Taf 012,0.14227615304313618,0.009825208792222406,10
W02000263,2023,Rhondda Cynon Taf 012,0,0,3
W02000263,2025,Rhondda Cynon Taf 012,0.07301305027132968,0.005285886077101206,8
W02000264,2021,Rhondda Cynon Taf 013,0.08858266354524647,0.0073054983599770825,11
W02000264,2023,Rhondda Cynon Taf 013,0.4463187324576003,0.04251886103566664,8
W02000264,2025,Rhondda Cynon Taf 013,0,0,9
W02000265,2021,Rhondda Cynon Taf 014,0.05132387244528289,0.002820796892746305,8
W02000265,2023,Rhondda Cynon Taf 014,0,0,2
W02000265,2025,Rhondda Cynon Taf 014,0.18504699755418308,0.015976453876646802,9
W02000266,2021,Rhondda Cynon Taf 015,0,0,5
W02000266,2023,Rhondda Cynon Taf 015,0.46814725674600344,0.09813279954298192,3
W02000266,2025,Rhondda Cynon Taf 015,0.19101749344806626,0.01805137985346083,9
W02000267,2021,Rhondda Cynon Taf 016,0,0,6
W02000267,2023,Rhondda Cynon Taf 016,0,0,3
W02000267,2025,Rhondda Cynon Taf 016,0.38768481273362043,0.07569560365471198,4
W02000268,2021,Rhondda Cynon Taf 017,0,0,3
W02000268,2023,Rhondda Cynon Taf 017,0.15751108875263864,0.02232284622425626,5
W02000268,2025,Rhondda Cynon Taf 017,0.03728687811082731,0.0014763597418372876,11
W02000269,2021,Rhondda Cynon Taf 018,0.08489608206896909,0.006881388095694977,9
W02000269,2023,Rhondda Cynon Taf 018,0,0,7
W02000269,2025,Rhondda Cynon Taf 018,0,0,7
W02000270,2021,Rhondda Cynon Taf 019,0,0,5
W02000270,2023,Rhondda Cynon Taf 019,0,0,3
W02000270,2025,Rhondda Cynon Taf 019,0,0,4
W02000271,2021,Rhondda Cynon Taf 020,0,0,5
W02000271,2023,Rhondda Cynon Taf 020,0.12268950939478775,0.017139338663390704,4
W02000271,2025,Rhondda Cynon Taf 020,0,0,7
W02000272,2021,Rhondda Cynon Taf 021,0.23744356703814623,0.03912458022743475,7
W02000272,2023,Rhondda Cynon Taf 021,0,0,2
W02000272,2025,Rhondda Cynon Taf 021,0.18555656861406486,0.017274009278029114,8
W02000273,2021,Rhondda Cynon Taf 022,0.4992046024265114,0.08652624919370804,4
W02000273,2023,Rhondda Cynon Taf 022,0,0,3
W02000273,2025,Rhondda Cynon Taf 022,0.3226183991408277,0.041471326761072236,7
W02000274,2021,Rhondda Cynon Taf 023,0.07445337174504847,0.005239248360270168,13
W02000274,2023,Rhondda Cynon Taf 023,0.18810549115670122,0.03033909528162065,5
W02000274,2025,Rhondda Cynon Taf 023,0.18878885681428406,0.028365946384377526,7
W02000275,2021,Rhondda Cynon Taf 024,0,0,6
W02000275,2023,Rhondda Cynon Taf 024,1,0,1
W02000275,2025,Rhondda Cynon Taf 024,0.13233078446833696,0.01609793561785056,8
W02000276,2021,Rhondda Cynon Taf 025,0,0,3
W02000276,2023,Rhondda Cynon Taf 025,0,0,2
W02000276,2025,Rhondda Cynon Taf 025,0.14269715022150847,0.01692906107665517,10
W02000277,2021,Rhondda Cynon Taf 026,0.20879429506292893,0.0361116556916902,5
W02000277,2023,Rhondda Cynon Taf 026,0,0,4
W02000277,2025,Rhondda Cynon Taf 026,0.10088609002340775,0.010185665637344358,6
W02000278,2021,Rhondda Cynon Taf 027,0.18255421188670268,0.017764292437858157,8
W02000278,2023,Rhondda Cynon Taf 027,0,0,5
W02000278,2025,Rhondda Cynon Taf 027,0.08316256222900299,0.007035476902267139,7
W02000279,2021,Rhondda Cynon Taf 028,0.1231693676092707,0.013790605849481842,8
W02000279,2023,Rhondda Cynon Taf 028,0,0,4
W02000279,2025,Rhondda Cynon Taf 028,0.25312851242312073,0.016754115502529927,11
W02000280,2021,Rhondda Cynon Taf 029,0.24440039640518788,0.04037675502059418,7
W02000280,2023,Rhondda Cynon Taf 029,0.31322778610688284,0.06393153441522402,4
W02000280,2025,Rhondda Cynon Taf 029,0.21060406256842443,0.03449264812068904,6
W02000281,2021,Rhondda Cynon Taf 030,0.062352842327418195,0.003845420221985885,11
W02000281,2023,Rhondda Cynon Taf 030,0,0,4
W02000281,2025,Rhondda Cynon Taf 030,0.12026842955867198,0.012620693151544427,10
W02000282,2021,Rhondda Cynon Taf 031,0,0,8
W02000282,2023,Rhondda Cynon Taf 031,0,0,5
W02000282,2025,Rhondda Cynon Taf 031,0.0898198462406467,0.009824883839505073,5
W02000284,2021,Merthyr Tydfil 002,0,0,8
W02000284,2023,Merthyr Tydfil 002,0.13005856501978796,0.015663781977156056,7
W02000284,2025,Merthyr Tydfil 002,0.08036287104106436,0.0024840144721352685,31
W02000285,2021,Merthyr Tydfil 003,0.04783204821367207,0.0022579170183266097,14
W02000285,2023,Merthyr Tydfil 003,0.541986534139711,0.05413486319098594,6
W02000285,2025,Merthyr Tydfil 003,0.08607233660619168,0.006553973769235796,23
W02000286,2021,Merthyr Tydfil 004,0,0,13
W02000286,2023,Merthyr Tydfil 004,0.1685173827141214,0.010088140726611915,10
W02000286,2025,Merthyr Tydfil 004,0.31781479424180314,0.015105025546500046,18
W02000287,2021,Merthyr Tydfil 005,0.28424014016189636,0.01580350178666467,15
W02000287,2023,Merthyr Tydfil 005,0.08143689220832523,0.007192585433375964,7
W02000287,2025,Merthyr Tydfil 005,0.37337247642281396,0.016811729851112074,19
W02000288,2021,Merthyr Tydfil 006,0,0,15
W02000288,2023,Merthyr Tydfil 006,0.41078904500048163,0.044258844252017544,8
W02000288,2025,Merthyr Tydfil 006,0.22002796937911617,0.0058431072649693504,32
W02000289,2021,Merthyr Tydfil 007,0.502546487410291,0.02752522054250398,10
W02000289,2023,Merthyr Tydfil 007,0.13349329772120822,0.009045426819936407,13
W02000289,2025,Merthyr Tydfil 007,0.21904547495787316,0.013591118808082166,32
W02000290,2021,Caerphilly 001,0.1505846982555116,0.011361644698303659,8
W02000290,2023,Caerphilly 001,0.18260721374531855,0.028088571713822084,5
W02000290,2025,Caerphilly 001,0.4940004281368866,0.04800114891573124,7
W02000291,2021,Caerphilly 002,0.29516036906540793,0.03690597982520536,6
W02000291,2023,Caerphilly 002,0,0,3
W02000291,2025,Caerphilly 002,0.38510048043962464,0.07552190854049042,5
W02000292,2021,Caerphilly 003,0,0,6
W02000292,2023,Caerphilly 003,0,0,3
W02000292,2025,Caerphilly 003,0.1328072485359273,0.009694582371869797,9
W02000293,2021,Caerphilly 004,0,0,4
W02000293,2023,Caerphilly 004,0,0,2
W02000293,2025,Caerphilly 004,0,0,6
W02000294,2021,Caerphilly 005,0.11192226345038041,0.011557578833828392,8
W02000294,2023,Caerphilly 005,0.21544720375870355,0.034884045460371466,6
W02000294,2025,Caerphilly 005,0.22972725402244865,0.013469047392988237,14
W02000295,2021,Caerphilly 006,0,0,5
W02000295,2023,Caerphilly 006,0.37325681043477665,0.07359730969832547,4
W02000295,2025,Caerphilly 006,0.23708748617540648,0.024230796652796968,7
W02000296,2021,Caerphilly 007,0.18886448092645217,0.020736039521925,7
W02000296,2023,Caerphilly 007,0.48617596350361797,0.0985411267376636,3
W02000296,2025,Caerphilly 007,0.11814081890186584,0.01281790231980255,8
W02000297,2021,Caerphilly 008,0,0,4
W02000297,2023,Caerphilly 008,0.3574645379987234,0.10575003934330138,2
W02000297,2025,Caerphilly 008,0.020509995320708425,4.8206832770506604e-4,8
W02000298,2021,Caerphilly 009,0,0,8
W02000298,2023,Caerphilly 009,0,0,5
W02000298,2025,Caerphilly 009,0,0,9
W02000299,2021,Caerphilly 010,0,0,6
W02000299,2023,Caerphilly 010,0.2764754807732366,0.031091580668882016,7
W02000299,2025,Caerphilly 010,0.1968710323092155,0.02070306108664358,7
W02000300,2021,Caerphilly 011,0,0,5
W02000300,2023,Caerphilly 011,0,0,1
W02000300,2025,Caerphilly 011,0.15140732293935924,0.023696381168544188,5
W02000301,2021,Caerphilly 012,0,0,8
W02000301,2023,Caerphilly 012,0,0,4
W02000301,2025,Caerphilly 012,0,0,9
W02000302,2021,Caerphilly 013,0,0,8
W02000302,2023,Caerphilly 013,0,0,3
W02000302,2025,Caerphilly 013,0.26456358564365673,0.02997053978219121,12
W02000303,2021,Caerphilly 014,0,0,7
W02000303,2023,Caerphilly 014,0,0,2
W02000303,2025,Caerphilly 014,0.09036353298971661,0.004581952342510802,11
W02000304,2021,Caerphilly 015,0,0,7
W02000304,2023,Caerphilly 015,0,0,4
W02000304,2025,Caerphilly 015,0.04511958651772993,0.002305008047062114,7
W02000305,2021,Caerphilly 016,0.573935559463205,0.05833176520419561,5
W02000305,2023,Caerphilly 016,0,0,4
W02000305,2025,Caerphilly 016,0,0,6
W02000306,2021,Caerphilly 017,0,0,8
W02000306,2023,Caerphilly 017,0.4530414639157232,0.06060539935958151,5
W02000306,2025,Caerphilly 017,0.1914716093221539,0.018209860608334162,11
W02000307,2021,Caerphilly 018,0.4320452407582359,0.036255489875563075,7
W02000307,2023,Caerphilly 018,1,0,1
W02000307,2025,Caerphilly 018,0.17240741216894648,0.01604838936723919,10
W02000308,2021,Caerphilly 019,0,0,7
W02000308,2023,Caerphilly 019,0.08565602134734411,0.009484677058841876,6
W02000308,2025,Caerphilly 019,0.12023790671158982,0.012780969432762081,10
W02000309,2021,Caerphilly 020,0,0,7
W02000309,2023,Caerphilly 020,1,0,1
W02000309,2025,Caerphilly 020,0.16949886344541445,0.010317956757014232,9
W02000310,2021,Caerphilly 021,0,0,7
W02000310,2023,Caerphilly 021,0,0,4
W02000310,2025,Caerphilly 021,0.26962821900533507,0.029966418698508128,11
W02000311,2021,Caerphilly 022,0,0,2
W02000311,2023,Caerphilly 022,0,0,2
W02000311,2025,Caerphilly 022,0.05899856156677649,0.0037520268816604815,8
W02000312,2021,Caerphilly 023,0.3425450280076635,0.04832520891100893,5
W02000312,2023,Caerphilly 023,0,0,7
W02000312,2025,Caerphilly 023,0,0,9
W02000313,2021,Caerphilly 024,0,0,3
W02000313,2023,Caerphilly 024,0.3236375146979967,0.07507203563544239,3
W02000313,2025,Caerphilly 024,0,0,6
W02000314,2021,Blaenau Gwent 001,0,0,11
W02000314,2023,Blaenau Gwent 001,0,0,9
W02000314,2025,Blaenau Gwent 001,0.1154649264108974,0.007583413586642552,27
W02000315,2021,Blaenau Gwent 002,0,0,5
W02000315,2023,Blaenau Gwent 002,0.2072958791544463,0.018993746738197766,10
W02000315,2025,Blaenau Gwent 002,0.02585755314227178,7.061671069476614e-4,12
W02000316,2021,Blaenau Gwent 003,0,0,8
W02000316,2023,Blaenau Gwent 003,0,0,8
W02000316,2025,Blaenau Gwent 003,0.16102771019666345,0.007717462176871604,22
W02000317,2021,Blaenau Gwent 004,0.07684608211718354,0.005571217998351504,13
W02000317,2023,Blaenau Gwent 004,0.5944450301563333,0.08864529794196965,3
W02000317,2025,Blaenau Gwent 004,0.2686285661167653,0.018901565631127642,23
W02000318,2021,Blaenau Gwent 005,0.09591177864401845,0.005008036832231851,13
W02000318,2023,Blaenau Gwent 005,0.38249591074927686,0.07652870564300704,4
W02000318,2025,Blaenau Gwent 005,0.03934170008503007,0.0015430926588918179,19
W02000319,2021,Blaenau Gwent 006,0.3324055890215195,0.035462404374660646,7
W02000319,2023,Blaenau Gwent 006,0.2243304327354886,0.020935113550401313,10
W02000319,2025,Blaenau Gwent 006,0.09374711394837162,0.007693638320353109,23
W02000320,2021,Blaenau Gwent 007,0,0,10
W02000320,2023,Blaenau Gwent 007,0.1928059865560531,0.018449800189841256,6
W02000320,2025,Blaenau Gwent 007,0.2671863695725407,0.024623301195041112,17
W02000321,2021,Blaenau Gwent 008,0.1427824828460426,0.016537974369408417,13
W02000321,2023,Blaenau Gwent 008,0,0,3
W02000321,2025,Blaenau Gwent 008,0,0,23
W02000322,2021,Blaenau Gwent 009,0.27964622072196255,0.02017118479351907,12
W02000322,2023,Blaenau Gwent 009,0.10489895066300457,0.009908515808280272,11
W02000322,2025,Blaenau Gwent 009,0.2890004976589016,0.01930707733208523,17
W02000323,2021,Torfaen 001,0,0,3
W02000323,2023,Torfaen 001,0,0,3
W02000323,2025,Torfaen 001,0.03503674928122015,0.0012459233911717165,17
W02000324,2021,Torfaen 002,0.14659302990796735,0.012207985973880921,8
W02000324,2023,Torfaen 002,0,0,5
W02000324,2025,Torfaen 002,0.0748106038887924,0.005284915072344048,14
W02000325,2021,Torfaen 003,0.14780344870627912,0.018854393700018075,7
W02000325,2023,Torfaen 003,0,0,6
W02000325,2025,Torfaen 003,0.13605163464876163,0.009960955322959791,14
W02000326,2021,Torfaen 004,0,0,8
W02000326,2023,Torfaen 004,0.14576240938113172,0.021693763101345232,4
W02000326,2025,Torfaen 004,0.040802596034111675,0.0017449308622955971,12
W02000327,2021,Torfaen 005,0,0,7
W02000327,2023,Torfaen 005,0.08999153556139101,0.008240772085253496,6
W02000327,2025,Torfaen 005,0.030580696940095974,9.513699824588817e-4,20
W02000328,2021,Torfaen 006,0.13336829110225745,0.016361354730650365,6
W02000328,2023,Torfaen 006,0,0,3
W02000328,2025,Torfaen 006,0.0569182626120659,0.0031393220366578638,17
W02000329,2021,Torfaen 007,0.07459865787870286,0.005440875024131767,9
W02000329,2023,Torfaen 007,0.1305471075409996,0.01772483941796278,4
W02000329,2025,Torfaen 007,0.304692529644205,0.019764258533525206,20
W02000330,2021,Torfaen 008,0,0,6
W02000330,2023,Torfaen 008,0,0,3
W02000330,2025,Torfaen 008,0.32735145550316547,0.02380815135631992,16
W02000331,2021,Torfaen 009,0,0,5
W02000331,2023,Torfaen 009,0,0,7
W02000331,2025,Torfaen 009,0.35083136233578727,0.021206555961660822,18
W02000332,2021,Torfaen 010,0,0,10
W02000332,2023,Torfaen 010,0,0,4
W02000332,2025,Torfaen 010,0.05349338083449262,0.001647716961654092,24
W02000333,2021,Torfaen 011,0,0,14
W02000333,2023,Torfaen 011,0.1801664973338166,0.036688749455405095,3
W02000333,2025,Torfaen 011,0,0,21
W02000334,2021,Torfaen 012,0.43663510383048343,0.09292600955045602,3
W02000334,2023,Torfaen 012,0,0,5
W02000334,2025,Torfaen 012,0.17030412564008704,0.009436157125547897,15
W02000335,2021,Torfaen 013,0.06905700055019381,0.004950790827976157,7
W02000335,2023,Torfaen 013,0,0,1
W02000335,2025,Torfaen 013,0,0,16
W02000336,2021,Monmouthshire 001,0,0,5
W02000336,2023,Monmouthshire 001,0.30515894032408536,0.06774669916944898,3
W02000336,2025,Monmouthshire 001,0.020302092198743144,4.143617534151925e-4,34
W02000337,2021,Monmouthshire 002,0.0664034393909624,0.004641308798963624,12
W02000337,2023,Monmouthshire 002,0.2266073737872185,0.024154280914413153,11
W02000337,2025,Monmouthshire 002,0.09581761749089135,0.0025618917631134988,26
W02000338,2021,Monmouthshire 003,0.08117764504973123,0.006838918875569735,7
W02000338,2023,Monmouthshire 003,0,0,5
W02000338,2025,Monmouthshire 003,0.2967555285685354,0.014282416426336215,25
W02000339,2021,Monmouthshire 004,0.0805840494703497,0.0023525858460873785,22
W02000339,2023,Monmouthshire 004,0.4413825104832975,0.07740276334741407,6
W02000339,2025,Monmouthshire 004,0.19756310464376822,0.012854979529510691,26
W02000340,2021,Monmouthshire 005,0.2493855064044002,0.04461862826729217,5
W02000340,2023,Monmouthshire 005,0.43008795952272394,0.06899429682118333,8
W02000340,2025,Monmouthshire 005,0.06206963035056901,0.0016345103988168051,16
W02000341,2021,Monmouthshire 006,0.053315472714566034,0.002966569367698507,8
W02000341,2023,Monmouthshire 006,0,0,10
W02000341,2025,Monmouthshire 006,0.029146262277809042,4.4694577924210094e-4,29
W02000342,2021,Monmouthshire 007,0,0,9
W02000342,2023,Monmouthshire 007,0,0,3
W02000342,2025,Monmouthshire 007,0.1730340931630624,0.014004407395370299,16
W02000343,2021,Monmouthshire 008,0,0,16
W02000343,2023,Monmouthshire 008,0,0,1
W02000343,2025,Monmouthshire 008,0.08429630309605435,0.003649559382711992,16
W02000344,2021,Monmouthshire 009,0.15467507421381077,0.015030547446193507,9
W02000344,2023,Monmouthshire 009,0,0,6
W02000344,2025,Monmouthshire 009,0.1722797710711219,0.01487524893279657,21
W02000345,2021,Monmouthshire 010,0.2752911092516351,0.018778521250888542,12
W02000345,2023,Monmouthshire 010,0.272672014980336,0.05294750313592281,4
W02000345,2025,Monmouthshire 010,0.18609584214749028,0.008974400936664663,19
W02000346,2021,Monmouthshire 011,0,0,9
W02000346,2023,Monmouthshire 011,0,0,2
W02000346,2025,Monmouthshire 011,0.15232416813976365,0.007367507704970597,24
W02000347,2021,Newport 001,0.17701533329397057,0.013313877072916697,11
W02000347,2023,Newport 001,0.20714229944335608,0.032193325505157785,7
W02000347,2025,Newport 001,0.06461458946959135,0.0024596068345732885,18
W02000348,2021,Newport 002,0,0,4
W02000348,2023,Newport 002,0,0,7
W02000348,2025,Newport 002,0,0,9
W02000349,2021,Newport 003,0.11657089572760564,0.01464963988680642,5
W02000349,2023,Newport 003,0.20316426341133606,0.03577025330460753,6
W02000349,2025,Newport 003,0.1448486715851302,0.0068714453108219865,20
W02000350,2021,Newport 004,0.222557700948331,0.041845433728812595,4
W02000350,2023,Newport 004,0.09754941208026337,0.010806179436200276,5
W02000350,2025,Newport 004,0.03890340997158043,0.001585939641098542,12
W02000351,2021,Newport 005,0.22744423718807197,0.061887590102543334,2
W02000351,2023,Newport 005,0.17128147249146472,0.02552863854132759,5
W02000351,2025,Newport 005,0.0349899336508939,0.0013218899538048926,11
W02000352,2021,Newport 006,0.519228760498974,0.124907484922061,2
W02000352,2023,Newport 006,0.12145417576364093,0.017733665951471755,3
W02000352,2025,Newport 006,0.13857481968388113,0.008559002649106303,15
W02000353,2021,Newport 007,0.26820930542550536,0.054446483100257737,4
W02000353,2023,Newport 007,0.3618756581717707,0.10688663101796322,2
W02000353,2025,Newport 007,0.1169784876836714,0.013372187010775277,6
W02000354,2021,Newport 008,0,0,6
W02000354,2023,Newport 008,0,0,5
W02000354,2025,Newport 008,0,0,8
W02000355,2021,Newport 009,0.11442809147415395,0.013833377500649488,4
W02000355,2023,Newport 009,0,0,4
W02000355,2025,Newport 009,0,0,11
W02000356,2021,Newport 010,0.8335123279112889,0.029093439267235933,3
W02000356,2023,Newport 010,0,0,4
W02000356,2025,Newport 010,0.14106642875320174,0.01202188137219196,11
W02000357,2021,Newport 011,0,0,3
W02000357,2023,Newport 011,0,0,7
W02000357,2025,Newport 011,0,0,15
W02000358,2021,Newport 012,0.40342087507914787,0.03613973204470329,8
W02000358,2023,Newport 012,0,0,6
W02000358,2025,Newport 012,0,0,7
W02000359,2021,Newport 013,0.1697570567083315,0.026114756022871013,5
W02000359,2023,Newport 013,0,0,2
W02000359,2025,Newport 013,0.17195682146256686,0.010163224624695728,16
W02000360,2021,Newport 014,0.22926892251601103,0.036586042294795,8
W02000360,2023,Newport 014,0.22917463003060484,0.04437829266759606,4
W02000360,2025,Newport 014,0.11607631589507758,0.008570511769796915,18
W02000361,2021,Newport 015,0.04798596142166566,0.0024393235280123033,9
W02000361,2023,Newport 015,0,0,2
W02000361,2025,Newport 015,0,0,9
W02000362,2021,Newport 016,0,0,3
W02000362,2023,Newport 016,0,0,4
W02000362,2025,Newport 016,0.14387404477650712,0.01770099762354224,9
W02000363,2021,Newport 017,0,0,9
W02000363,2023,Newport 017,0,0,6
W02000363,2025,Newport 017,0.06635440745682769,0.004157978915765411,18
W02000364,2021,Newport 018,0.04379930036359009,0.0024364777524541557,6
W02000364,2023,Newport 018,0,0,3
W02000364,2025,Newport 018,0.14274502605112585,0.010716941586605447,17
W02000365,2021,Newport 019,0.48010813542985065,0.0356181991786642,9
W02000365,2023,Newport 019,0,0,4
W02000365,2025,Newport 019,0,0,8
W02000366,2021,Newport 020,0,0,4
W02000366,2023,Newport 020,0.13075058285162028,0.018054269477048093,5
W02000366,2025,Newport 020,0.03770907390667587,0.0014902333398244673,13
W02000367,2021,Cardiff 001,0.14631232104499473,0.021020531792566938,6
W02000367,2023,Cardiff 001,0.4647650196373027,0.06022726542689862,5
W02000367,2025,Cardiff 001,0.3743079987346414,0.046001853258966094,6
W02000368,2021,Cardiff 002,0.30445436137243015,0.057673807627018146,5
W02000368,2023,Cardiff 002,0,0,6
W02000368,2025,Cardiff 002,0.16644062989317782,0.014544507709800916,12
W02000369,2021,Cardiff 003,0.5141819474538545,0.07225310715612424,8
W02000369,2023,Cardiff 003,0.3702882547519212,0.050897678802103816,6
W02000369,2025,Cardiff 003,0.09228696752456968,0.008271271289802807,10
W02000370,2021,Cardiff 004,0.28522044059785767,0.05542380009511634,5
W02000370,2023,Cardiff 004,0.7707927468783831,0.031126398974733543,7
W02000370,2025,Cardiff 004,0,0,4
W02000371,2021,Cardiff 005,0.06381581887068648,0.004289902518982886,8
W02000371,2023,Cardiff 005,0.18426894733000623,0.030175964287341955,4
W02000371,2025,Cardiff 005,0.2834663408827189,0.02132167361584807,10
W02000372,2021,Cardiff 006,0,0,7
W02000372,2023,Cardiff 006,0.5222030906214987,0.06614923199643358,5
W02000372,2025,Cardiff 006,0.3899580034663602,0.039545538491038944,11
W02000373,2021,Cardiff 007,0,0,8
W02000373,2023,Cardiff 007,0.42244032684830635,0.04881353143118073,8
W02000373,2025,Cardiff 007,0.35447867896554264,0.026862787473322568,14
W02000374,2021,Cardiff 008,0.16352208568012455,0.013831654573486282,8
W02000374,2023,Cardiff 008,0.602367861552656,0.11485473062352332,2
W02000374,2025,Cardiff 008,0.12483984995641914,0.013607819051582485,9
W02000375,2021,Cardiff 009,0,0,4
W02000375,2023,Cardiff 009,0.45016842819208247,0.09330004741602833,3
W02000375,2025,Cardiff 009,0.4786412438280221,0.03650228213922832,9
W02000376,2021,Cardiff 010,0,0,11
W02000376,2023,Cardiff 010,0.41781742694391755,0.03755448247644911,7
W02000376,2025,Cardiff 010,0.4900738685735866,0.041406973032038295,10
W02000377,2021,Cardiff 011,0.5182159042391264,0.0582144569815675,6
W02000377,2023,Cardiff 011,0.264800086218664,0.05776414557143902,3
W02000377,2025,Cardiff 011,0.10278574992280769,0.009561674538085834,11
W02000378,2021,Cardiff 012,0.13365947411566514,0.018358200350305,5
W02000378,2023,Cardiff 012,0.2532905120751764,0.032581895643465815,6
W02000378,2025,Cardiff 012,0.4226705532265014,0.07315114090492444,6
W02000379,2021,Cardiff 013,0,0,9
W02000379,2023,Cardiff 013,0,0,1
W02000379,2025,Cardiff 013,0.5307039623181139,0.04219997437590358,9
W02000380,2021,Cardiff 014,0,0,7
W02000380,2023,Cardiff 014,0.37211709256038955,0.0646441406014491,4
W02000380,2025,Cardiff 014,0.1703568835836895,0.024498013617329034,8
W02000381,2021,Cardiff 015,0,0,1
W02000381,2023,Cardiff 015,0.25941958194310355,0.052247704490170604,4
W02000381,2025,Cardiff 015,0.5257138832190421,0.027585972984790447,14
W02000382,2021,Cardiff 016,0.07653429651474196,0.006248134266859281,6
W02000382,2023,Cardiff 016,0,0,3
W02000382,2025,Cardiff 016,0.22240470963156955,0.019090218712993403,14
W02000383,2021,Cardiff 017,0.16868443322707682,0.028855707131329286,5
W02000383,2023,Cardiff 017,0.3056848391145617,0.05698457957208019,5
W02000383,2025,Cardiff 017,0.16695039187655963,0.022344826013919836,8
W02000384,2021,Cardiff 018,0,0,6
W02000384,2023,Cardiff 018,0,0,3
W02000384,2025,Cardiff 018,0.2046289437144066,0.01771383392246868,10
W02000385,2021,Cardiff 019,0,0,4
W02000385,2023,Cardiff 019,0,0,2
W02000385,2025,Cardiff 019,0.16290038484607827,0.012400238364009377,12
W02000386,2021,Cardiff 020,0.5833751796469482,0.03986579755713218,8
W02000386,2023,Cardiff 020,0,0,1
W02000386,2025,Cardiff 020,0.29112509940266035,0.031431016254586844,13
W02000387,2021,Cardiff 021,0.41316164609251266,0.04486244811532508,8
W02000387,2023,Cardiff 021,0.3488570154499443,0.035011221006857746,7
W02000387,2025,Cardiff 021,0.4545101788241111,0.026293437938424775,11
W02000388,2021,Cardiff 022,0.030794139914117048,0.001162763563089886,8
W02000388,2023,Cardiff 022,0,0,2
W02000388,2025,Cardiff 022,0.2558509811794808,0.020421768868512182,12
W02000389,2021,Cardiff 023,0.11713845390239466,0.013615805464501501,5
W02000389,2023,Cardiff 023,0,0,2
W02000389,2025,Cardiff 023,0.028662689194096622,8.613061685194141e-4,14
W02000390,2021,Cardiff 024,0.20692314337625012,0.032991660170109884,6
W02000390,2023,Cardiff 024,0.5887097278005532,0.11737122689426338,2
W02000390,2025,Cardiff 024,0.3711698198875468,0.030878495307758855,15
W02000391,2021,Cardiff 025,0.17284998566812504,0.027904912754493874,4
W02000391,2023,Cardiff 025,0,0,1
W02000391,2025,Cardiff 025,0.30740845692023927,0.05275273998707581,8
W02000392,2021,Cardiff 026,0.16956164171937987,0.023488696003648304,8
W02000392,2023,Cardiff 026,0.3079183300702689,0.041599469186205086,5
W02000392,2025,Cardiff 026,0.556312319786682,0.05186395766494042,7
W02000393,2021,Cardiff 027,0,0,5
W02000393,2023,Cardiff 027,0,0,4
W02000393,2025,Cardiff 027,0.40229612607974563,0.023423100868823387,15
W02000394,2021,Cardiff 028,0,0,5
W02000394,2023,Cardiff 028,0.49768598508547557,0.09640807456576318,3
W02000394,2025,Cardiff 028,0.5047138276525701,0.04402893107287459,10
W02000395,2021,Cardiff 029,0.3244584508651281,0.042261433745913395,6
W02000395,2023,Cardiff 029,0,0,3
W02000395,2025,Cardiff 029,0.08246422989637363,0.006861554374297597,7
W02000396,2021,Cardiff 030,0,0,4
W02000396,2023,Cardiff 030,0.17154133574073277,0.024650923431584322,6
W02000396,2025,Cardiff 030,0.21053658235672582,0.02507284485106603,7
W02000397,2021,Cardiff 031,0.13461226956242411,0.016304926889448717,10
W02000397,2023,Cardiff 031,0.1246061028444968,0.008770251340461614,7
W02000397,2025,Cardiff 031,0.23207340116475694,0.020858110081935232,11
W02000398,2021,Cardiff 032,0,0,7
W02000398,2023,Cardiff 032,0.8422381412483302,0.02677104679277708,3
W02000398,2025,Cardiff 032,0.08403365903910262,0.0068372769491248115,12
W02000399,2021,Cardiff 033,0.2355382443273811,0.02513088401112957,7
W02000399,2023,Cardiff 033,0.5579520449133508,0.048818853960322324,6
W02000399,2025,Cardiff 033,0.06388966893256559,0.004298085936930865,9
W02000400,2021,Cardiff 034,0.13383546070830082,0.017111776915999934,5
W02000400,2023,Cardiff 034,0.6402190307054487,0.04311052641822286,7
W02000400,2025,Cardiff 034,0.5653953957252704,0.04022768465745965,10
W02000401,2021,Cardiff 035,0.49402421109125805,0.047083339863200624,9
W02000401,2023,Cardiff 035,0.22040819235405973,0.04093696539318296,4
W02000401,2025,Cardiff 035,0.27424028104590087,0.015792229122730577,16
W02000402,2021,Cardiff 036,0,0,6
W02000402,2023,Cardiff 036,0.525760269019592,0.05114663362583142,8
W02000402,2025,Cardiff 036,0,0,8
W02000403,2021,Cardiff 037,0,0,7
W02000403,2023,Cardiff 037,0.20121196781533018,0.040296779319932724,3
W02000403,2025,Cardiff 037,0.38840717607663877,0.05166504358565265,9
W02000404,2021,Cardiff 038,0,0,7
W02000404,2023,Cardiff 038,0,0,4
W02000404,2025,Cardiff 038,0.3044993808990656,0.03084581377540834,11
W02000405,2021,Cardiff 039,0.12852043024098997,0.014144760401380256,11
W02000405,2023,Cardiff 039,0.49225564432170416,0.09429754806456342,3
W02000405,2025,Cardiff 039,0.17633801530263452,0.018495122252027162,12
W02000406,2021,Cardiff 040,0,0,7
W02000406,2023,Cardiff 040,0.5671503834768972,0.12065154258540461,2
W02000406,2025,Cardiff 040,0.13115748284013626,0.010465726449530303,12
W02000407,2021,Cardiff 041,0,0,7
W02000407,2023,Cardiff 041,0,0,6
W02000407,2025,Cardiff 041,0,0,4
W02000408,2021,Cardiff 042,0,0,5
W02000408,2023,Cardiff 042,0,0,3
W02000408,2025,Cardiff 042,0.07104526300740088,0.00488787411992192,11
W02000409,2021,Cardiff 043,0,0,8
W02000409,2023,Cardiff 043,0.9999999999999999,4.36794170409636e-33,3
W02000409,2025,Cardiff 043,0.19153745556896418,0.012364397445492298,12
W02000410,2021,Cardiff 044,0,0,4
W02000410,2023,Cardiff 044,0.45561540617658025,0.06306380517691158,4
W02000410,2025,Cardiff 044,0.07258993377153926,0.005041978625839339,13
W02000411,2021,Cardiff 045,0.12390080101473344,0.015194573619767228,6
W02000411,2023,Cardiff 045,0.714266673441121,0.08338826032321775,2
W02000411,2025,Cardiff 045,0.33818330501675087,0.017606088805663018,13
W02000412,2021,Cardiff 046,0,0,7
W02000412,2023,Cardiff 046,0,0,2
W02000412,2025,Cardiff 046,0.12874926305241097,0.008297521349707954,14
W02000414,2021,Powys 020,0.13931155955565344,0.006508492344723288,17
W02000414,2023,Powys 020,0,0,8
W02000414,2025,Powys 020,0.2288125222915825,0.012311076458189737,25
W02000415,2021,Merthyr Tydfil 008,0.19585793791323836,0.012374572315155817,14
W02000415,2023,Merthyr Tydfil 008,0.21482493393678542,0.01873793826518991,10
W02000415,2025,Merthyr Tydfil 008,0.0968178672010492,0.002129909395632568,32
W02000416,2021,Powys 021,0.07227103201458769,0.0027983293569637004,23
W02000416,2023,Powys 021,0,0,8
W02000416,2025,Powys 021,0.08284698841206274,0.002941600908198055,25
W02000417,2021,Neath Port Talbot 020,0.17453315070401065,0.016397910092387908,17
W02000417,2023,Neath Port Talbot 020,0,0,7
W02000417,2025,Neath Port Talbot 020,0,0,13
W02000418,2021,Carmarthenshire 027,0.25890622374747385,0.02011824679180617,13
W02000418,2023,Carmarthenshire 027,0.29332153653988474,0.05246298223141205,6
W02000418,2025,Carmarthenshire 027,0.1118247856859071,0.011072156926720818,11
W02000419,2021,Denbighshire 017,0.6927867060761899,0.03437899344324663,6
W02000419,2023,Denbighshire 017,0,0,3
W02000419,2025,Denbighshire 017,0.374484824340738,0.0359603202694305,13
W02000421,2021,Ceredigion 011,0,0,5
W02000421,2023,Ceredigion 011,0,0,11
W02000421,2025,Ceredigion 011,0.19558762019629894,0.00817094807213975,25
W02000422,2021,Cardiff 048,0.6527917608833991,0.06382526590078362,4
W02000422,2023,Cardiff 048,0.383280859516237,0.08459565952097206,3
W02000422,2025,Cardiff 048,0.16442719866020877,0.013824552792768861,9
W02000423,2021,Cardiff 049,0.28636207675085457,0.051719902623010336,6
W02000423,2023,Cardiff 049,0,0,3
W02000423,2025,Cardiff 049,0.38602960912011797,0.040718183172155704,11
W02000424,2021,Wrexham 021,0,0,3
W02000424,2023,Wrexham 021,0.03824105622606566,0.0015798267743274803,9
W02000424,2025,Wrexham 021,0.38668272783617713,0.037148436790574835,11
W02000425,2021,Wrexham 022,0.3765990236350886,0.08291873523211025,3
W02000425,2023,Wrexham 022,0,0,1
W02000425,2025,Wrexham 022,0.21485879600477464,0.01742904966086088,10
W02000426,2021,Wrexham 023,0.1457022301622879,0.019986168935456683,5
W02000426,2023,Wrexham 023,0,0,1
W02000426,2025,Wrexham 023,0.1233595580884146,0.00785897326892542,11
W02000427,2021,Neath Port Talbot 021,0.17594921208937675,0.024074799842004193,9
W02000427,2023,Neath Port Talbot 021,0.04543851708913563,0.002145662998722159,10
W02000427,2025,Neath Port Talbot 021,0.053035610365634846,0.002734291710520164,18
W02000428,2021,Swansea 032,0.16492194552070902,0.014494497001691939,12
W02000428,2023,Swansea 032,0,0,4
W02000428,2025,Swansea 032,0,0,4
