method,component,area_id,area_inla_id,effect,lower,upper
BHF,Structured,W02000001,1,-5.995039295362584e-4,-0.016905112121972012,0.015248635349350828
BHF,Structured,W02000002,2,-0.004492405704272273,-0.021502769976379163,0.010860694561039514
BHF,Structured,W02000003,3,0.012690299430532131,-0.01552096813414752,0.0439529138916669
BHF,Structured,W02000004,4,0.0075630281251228134,-0.010506284565108964,0.027925361996636748
BHF,Structured,W02000005,5,-0.006972003369762524,-0.027227443030915902,0.011113898693975999
BHF,Structured,W02000006,6,-0.0010886633711851604,-0.0170319341748699,0.0145725327845866
BHF,Structured,W02000007,7,0.0031573253079527916,-0.012080083477971409,0.019843572634321287
BHF,Structured,W02000008,8,-0.007409585420002132,-0.031205439274642165,0.014163161948397496
BHF,Structured,W02000009,9,-0.002849302139163878,-0.01781071348759968,0.011362881171809818
BHF,Structured,W02000010,10,-0.006647876064809106,-0.03372893540440841,0.018715373514155333
BHF,Structured,W02000011,11,-0.0043730179482392864,-0.02308022785880084,0.013525140048862395
BHF,Structured,W02000012,12,-0.004159929634832507,-0.01993515115397603,0.01079204743156819
BHF,Structured,W02000013,13,-0.0029850068838636703,-0.021633286686530234,0.015299251542722717
BHF,Structured,W02000014,14,-0.0029255372093358557,-0.017148308116859273,0.010964507834051604
BHF,Structured,W02000015,15,-0.004141872278635481,-0.02574228877595166,0.01655449578991594
BHF,Structured,W02000016,16,-0.0038076604536351946,-0.020139904503563778,0.011792411811905355
BHF,Structured,W02000017,17,-0.002881381594965522,-0.020585484912540284,0.014453814279347135
BHF,Structured,W02000018,18,-0.002389472414228088,-0.016050237463091345,0.010727406719997352
BHF,Structured,W02000019,19,-0.0035343985850579906,-0.01710842082744945,0.009350319557847847
BHF,Structured,W02000020,20,-0.0020754828991636195,-0.020298787217619726,0.016176923851670244
BHF,Structured,W02000021,21,-0.00349683695086866,-0.02783936334067181,0.020436857050896942
BHF,Structured,W02000022,22,-0.0037112569898161973,-0.020468507234586073,0.011915671540479948
BHF,Structured,W02000023,23,-0.0057035600715085325,-0.03608454446726141,0.023451316073895542
BHF,Structured,W02000024,24,6.689076136449163e-4,-0.009343479162084693,0.011139207653356761
BHF,Structured,W02000025,25,-0.00144902030017492,-0.016222741962275463,0.01294449503972552
BHF,Structured,W02000026,26,0.0015375715160051517,-0.013241146623493889,0.017017212402697074
BHF,Structured,W02000027,27,-0.012179546411943801,-0.04209623601108422,0.014569080958722105
BHF,Structured,W02000028,28,-0.010491578604889643,-0.03304203509619958,0.009520459463917217
BHF,Structured,W02000029,29,-0.008674659199533679,-0.02762941882512094,0.008187412164882217
BHF,Structured,W02000030,30,-0.0076074923415690695,-0.029032287100900327,0.01185631916873528
BHF,Structured,W02000031,31,-0.004757974690701781,-0.024881837323035064,0.013833512648938708
BHF,Structured,W02000032,32,-0.008758796377737162,-0.02907258064511003,0.009337131362101818
BHF,Structured,W02000033,33,-0.0047931433029678085,-0.022690590485664127,0.012099147218554335
BHF,Structured,W02000034,34,-0.002902898040531,-0.018078429144896335,0.01192418528596119
BHF,Structured,W02000035,35,-0.004075599747736245,-0.019667613377183105,0.01055102544389773
BHF,Structured,W02000036,36,-0.0035303229950365733,-0.018898338541190475,0.010968002865922831
BHF,Structured,W02000037,37,-0.0055249633118886025,-0.0203994439090208,0.008043268042348312
BHF,Structured,W02000038,38,-0.0056619313537805685,-0.024341273336961868,0.011432799797448621
BHF,Structured,W02000039,39,-0.006393751592857657,-0.02825161642015969,0.01356097044510269
BHF,Structured,W02000040,40,-0.0020674675531929744,-0.012838175975505302,0.008409325169135354
BHF,Structured,W02000041,41,-0.003042716661224937,-0.014863195673273133,0.00823711397034216
BHF,Structured,W02000042,42,1.873359780381023e-4,-0.0204121889384913,0.02122647187966091
BHF,Structured,W02000043,43,0.0034040030089289783,-0.014692327795209344,0.023237228310210797
BHF,Structured,W02000044,44,0.002933688076995176,-0.014470549076882257,0.021890949018076714
BHF,Structured,W02000045,45,-0.003310605762320898,-0.022490798285853077,0.014884914141581503
BHF,Structured,W02000047,46,-0.005378184423743708,-0.027009580731218022,0.014456187875844075
BHF,Structured,W02000049,47,0.00156585834725092,-0.011190166262180133,0.015283810451910147
BHF,Structured,W02000050,48,-0.0032374982392344752,-0.017711034522179762,0.010409026428882334
BHF,Structured,W02000051,49,-6.27832828559845e-4,-0.013817451225519268,0.012747553035659796
BHF,Structured,W02000052,50,-5.655535525949933e-4,-0.016280699382962175,0.015402764414207805
BHF,Structured,W02000053,51,2.2231543543951572e-4,-0.012608441125567228,0.013555869261706805
BHF,Structured,W02000054,52,0.0014777592568742722,-0.008769044911194002,0.012451667797990191
BHF,Structured,W02000055,53,0.005052609424192354,-0.011695451324419596,0.02437192683162801
BHF,Structured,W02000056,54,0.00130755004635564,-0.010270738019670362,0.013723361151374354
BHF,Structured,W02000057,55,0.0011128531162896851,-0.009986173747973042,0.012696827923910657
BHF,Structured,W02000058,56,0.00297448389595023,-0.012829206301049946,0.020303633762170113
BHF,Structured,W02000059,57,7.401025621398377e-4,-0.014077131918567453,0.016074766096474097
BHF,Structured,W02000060,58,-0.0012674599718023713,-0.018089168714974686,0.015102141219698946
BHF,Structured,W02000061,59,7.921699276991079e-4,-0.018003497607662452,0.020064967377958723
BHF,Structured,W02000062,60,-7.74711607358305e-4,-0.016266047904925415,0.014496922940255402
BHF,Structured,W02000063,61,-8.259996373406648e-4,-0.013575664951871999,0.011680278416512131
BHF,Structured,W02000064,62,-0.0011294067802229513,-0.023358987119037177,0.02070520495099853
BHF,Structured,W02000065,63,-2.567940891834915e-4,-0.018400808804702268,0.017888496869395885
BHF,Structured,W02000066,64,-0.0010826757451306273,-0.01969711452329397,0.017142376722352484
BHF,Structured,W02000067,65,-0.001309013617794888,-0.017866512360051108,0.014774223691800032
BHF,Structured,W02000068,66,0.0017097622608254308,-0.015943391027444555,0.02020937181899258
BHF,Structured,W02000069,67,-0.0011079525847253345,-0.014557961892559408,0.011977002067379177
BHF,Structured,W02000070,68,1.71889170335767e-4,-0.014006190978373651,0.01448100988478626
BHF,Structured,W02000071,69,-2.7429862842001125e-4,-0.015585268441230836,0.015001921319148325
BHF,Structured,W02000072,70,6.874384883813816e-4,-0.01631940189181617,0.018043945454517023
BHF,Structured,W02000073,71,-0.0012447062240880792,-0.016650817801381123,0.013685496416533547
BHF,Structured,W02000074,72,-3.3291632511781236e-5,-0.0142161705363462,0.014202161801398057
BHF,Structured,W02000075,73,2.2470211329654122e-4,-0.01282279554598726,0.01338248917528826
BHF,Structured,W02000076,74,1.357760076534313e-4,-0.012211851212688663,0.012607905240436652
BHF,Structured,W02000077,75,4.347786389771518e-4,-0.011273555722469549,0.012318827586096679
BHF,Structured,W02000080,76,-9.008243095393415e-4,-0.019580309123695492,0.017335033360480638
BHF,Structured,W02000081,77,-2.67872377833503e-5,-0.016670704666509783,0.016595826364992548
BHF,Structured,W02000082,78,1.6819686575334013e-4,-0.019064080717649968,0.019466343951447678
BHF,Structured,W02000083,79,-3.922571891759814e-4,-0.014567416336372404,0.01357173779013266
BHF,Structured,W02000085,80,-0.0012122723228163617,-0.020544133171232618,0.017521046792209324
BHF,Structured,W02000087,81,0.0077604336725313,-0.014185482644741246,0.03270852204576235
BHF,Structured,W02000088,82,-7.284654325902851e-4,-0.018081411793485443,0.016214897549481345
BHF,Structured,W02000089,83,0.0050472791224306516,-0.02392630898331067,0.035784401200552464
BHF,Structured,W02000090,84,1.9814005332868432e-4,-0.011981116969526993,0.012439556099101455
BHF,Structured,W02000091,85,-6.423034787993711e-5,-0.016058265199114685,0.01585248947378385
BHF,Structured,W02000092,86,-5.407598038690996e-4,-0.01618522941821615,0.014793500425602586
BHF,Structured,W02000093,87,8.876170664148602e-4,-0.011687353705644228,0.013781099105438049
BHF,Structured,W02000094,88,6.253289196237305e-4,-0.013772491648061186,0.01524355730282222
BHF,Structured,W02000095,89,5.019273765983897e-4,-0.01802430682259434,0.019162011590808867
BHF,Structured,W02000096,90,0.0028246246517339736,-0.010804121735172537,0.017685212817806842
BHF,Structured,W02000097,91,0.0037624639110843154,-0.00724648505085238,0.016129327112516724
BHF,Structured,W02000098,92,0.0012826214043813759,-0.01340990827468687,0.015884125103933073
BHF,Structured,W02000099,93,-8.615645704831971e-4,-0.020148425106895157,0.0173666364507258
BHF,Structured,W02000100,94,0.005173428751974977,-0.005075718473647737,0.01711033477960571
BHF,Structured,W02000101,95,0.002352086760261348,-0.012322309196420862,0.017302206273813965
BHF,Structured,W02000102,96,0.0048000796039826,-0.006404720368559783,0.017286862766008784
BHF,Structured,W02000103,97,0.006107163544303277,-0.00623155670229166,0.020141735690068375
BHF,Structured,W02000104,98,0.0071920475159723656,-0.007847020922339274,0.024291812269889777
BHF,Structured,W02000105,99,0.006621507111627842,-0.010365987051831473,0.025393209381534474
BHF,Structured,W02000106,100,0.006084639488937835,-0.0045706167870232855,0.01838499702514642
BHF,Structured,W02000107,101,0.006858108098829883,-0.004709607329557063,0.020611287392353177
BHF,Structured,W02000108,102,0.007881456622944361,-0.004049733801771677,0.022175352652824026
BHF,Structured,W02000109,103,0.012143020420474545,-0.0043324114302555755,0.03244926160411493
BHF,Structured,W02000110,104,0.005140049112669972,-0.005013241864098797,0.016826796629354823
BHF,Structured,W02000111,105,0.001519980756568756,-0.009747023226791707,0.013294640765896322
BHF,Structured,W02000113,106,0.005912810934900076,-0.014172115569463822,0.028216962297684202
BHF,Structured,W02000114,107,-6.182827514322572e-4,-0.011104829770916558,0.009887205601097663
BHF,Structured,W02000116,108,0.00558025597881668,-0.008972829350471136,0.02177990898057061
BHF,Structured,W02000117,109,0.006182220521319851,-0.009322773965599083,0.02340609834287018
BHF,Structured,W02000118,110,0.009332059177213572,-0.008069657615856094,0.029817164733180482
BHF,Structured,W02000120,111,0.00558627936883424,-0.00902241133917454,0.021766815631677802
BHF,Structured,W02000122,112,0.005731395386441155,-0.008159751117346004,0.02114748143991485
BHF,Structured,W02000123,113,0.005997186217320294,-0.005551647256975943,0.01935365246898971
BHF,Structured,W02000124,114,0.0030558626273015223,-0.012600063541809306,0.01897131887021624
BHF,Structured,W02000125,115,0.004325738785073672,-0.007895262717390402,0.017449980680867748
BHF,Structured,W02000126,116,0.004173561372157869,-0.00857601728700192,0.017597495003925292
BHF,Structured,W02000127,117,0.004233295032735205,-0.012476547839971132,0.021397454399919476
BHF,Structured,W02000128,118,0.005426509482294202,-0.011843238089561952,0.02348366152706139
BHF,Structured,W02000129,119,0.006500194014309315,-0.006745900321262582,0.020935641955488693
BHF,Structured,W02000130,120,0.009403381505249312,-0.008139044131476151,0.029132299809712818
BHF,Structured,W02000131,121,0.008481248565617846,-0.008307060119352276,0.026970288492471576
BHF,Structured,W02000132,122,0.0026637285248490685,-0.01384545261930655,0.019358117543385643
BHF,Structured,W02000133,123,0.009748766963175368,-0.0059824266484867685,0.027427506327756083
BHF,Structured,W02000134,124,0.009172510630106837,-0.009518805616377178,0.029741118733744625
BHF,Structured,W02000135,125,0.009807645810552218,-0.009511273054107846,0.03117542799037728
BHF,Structured,W02000136,126,8.948582713620077e-4,-0.015849622933876654,0.017489041246026214
BHF,Structured,W02000137,127,0.011241565796202021,-0.009633850935494159,0.03478141149441853
BHF,Structured,W02000138,128,-0.0051826204124092515,-0.031171491218549355,0.018867606637930086
BHF,Structured,W02000139,129,-0.0029034140514057533,-0.02382788376046797,0.016869840820931847
BHF,Structured,W02000140,130,-0.005580665392437912,-0.03145308585412092,0.018261975004632697
BHF,Structured,W02000141,131,-0.0024557682788938174,-0.024823142951042834,0.018632939038526627
BHF,Structured,W02000142,132,0.0036812942258566002,-0.007908120065134784,0.016197389722563772
BHF,Structured,W02000143,133,0.0030939950007455547,-0.006978424478767633,0.014052622058105209
BHF,Structured,W02000144,134,0.0029727202229772034,-0.010055796393774722,0.016384989817137312
BHF,Structured,W02000145,135,-9.192541154107155e-5,-0.01130026875459035,0.010966106879776701
BHF,Structured,W02000146,136,0.0013750013351400859,-0.009641372060912179,0.012635548503611016
BHF,Structured,W02000147,137,0.003285828779427327,-0.00927999764897134,0.016587251383970842
BHF,Structured,W02000148,138,0.0040295650683167174,-0.014650691891649883,0.023874071658372013
BHF,Structured,W02000149,139,0.002948669190053037,-0.011720339997646444,0.01824475997817382
BHF,Structured,W02000151,140,-0.0016964757186449485,-0.01408078739789931,0.010119579083673958
BHF,Structured,W02000152,141,-4.6175100362031813e-5,-0.012053039197603038,0.012059426552618897
BHF,Structured,W02000153,142,0.0012221058236463946,-0.013299837209033513,0.015905176980876377
BHF,Structured,W02000154,143,-7.453165218672285e-4,-0.01583783993673819,0.014426021142690714
BHF,Structured,W02000156,144,-8.201609685512523e-4,-0.015593275161887155,0.013613801999208747
BHF,Structured,W02000157,145,2.740144067008694e-4,-0.013164825262961276,0.01363922895700332
BHF,Structured,W02000158,146,-4.2775019346437567e-4,-0.013574019357083997,0.012900787197983965
BHF,Structured,W02000159,147,0.0028608079835793277,-0.01290271393064228,0.019732281982600793
BHF,Structured,W02000160,148,-4.0467906898500946e-4,-0.01525725582715229,0.014266125884724855
BHF,Structured,W02000161,149,-4.0787540162787287e-4,-0.017608083993522667,0.01650807706163091
BHF,Structured,W02000162,150,5.04178922405746e-4,-0.019898257453072103,0.020916315296004573
BHF,Structured,W02000163,151,7.495397652880634e-4,-0.017127848593318677,0.018827980023747085
BHF,Structured,W02000164,152,3.0732090363436783e-4,-0.015053571837088265,0.015637342823340894
BHF,Structured,W02000165,153,0.0012006545023939491,-0.016772018742026076,0.019592122786607026
BHF,Structured,W02000166,154,6.484196481900048e-4,-0.017666377049191554,0.01920334342929708
BHF,Structured,W02000167,155,0.0011107359500065492,-0.01806108079098807,0.020644617319274833
BHF,Structured,W02000168,156,-0.0010085455724401025,-0.016307652514365518,0.014649647294125922
BHF,Structured,W02000169,157,-0.0016674374395676255,-0.013180900333807196,0.00991006513105201
BHF,Structured,W02000170,158,-0.0038900493329293044,-0.02036122402105503,0.011910837708359615
BHF,Structured,W02000171,159,-0.004949637977082774,-0.01889833335489678,0.00798661080561654
BHF,Structured,W02000172,160,-0.006608210396647462,-0.027252162996715543,0.012270861273848719
BHF,Structured,W02000173,161,-0.004418260809575288,-0.02111428620592099,0.011303928667526289
BHF,Structured,W02000174,162,-0.006429692522812322,-0.02344589637579531,0.00911124319289882
BHF,Structured,W02000175,163,-0.006995591315904267,-0.028055716714267556,0.012241944345605498
BHF,Structured,W02000176,164,-0.006116847912832213,-0.02149077694663181,0.007957421456980376
BHF,Structured,W02000177,165,-0.00651282291575182,-0.026182666938626156,0.011389037648004915
BHF,Structured,W02000178,166,-0.006594537710500771,-0.024382816143006657,0.009593879041003483
BHF,Structured,W02000179,167,-0.005709911751610506,-0.021921543134558644,0.009493140853236038
BHF,Structured,W02000180,168,-0.0061742734380619835,-0.0222449677530868,0.008661054854336634
BHF,Structured,W02000181,169,-0.006953166548488935,-0.026426368055400214,0.010737357053348426
BHF,Structured,W02000182,170,-0.005787565042351577,-0.023532483840560725,0.010813700897860568
BHF,Structured,W02000183,171,-0.006749468417521416,-0.022420440045215206,0.00754844582424001
BHF,Structured,W02000184,172,-0.0046201518547213756,-0.020487061772478797,0.010686083628976824
BHF,Structured,W02000185,173,-0.0038918173742317572,-0.02269185037779902,0.014525752827639682
BHF,Structured,W02000186,174,-0.006091373849477622,-0.02333575440785924,0.010058923319643604
BHF,Structured,W02000188,175,-0.005851855503548444,-0.02767122483546376,0.014590468817771568
BHF,Structured,W02000189,176,-0.0025754636699731963,-0.020470772400330364,0.015542810291758039
BHF,Structured,W02000191,177,-0.004080655935804943,-0.022079518550003466,0.01363096683475423
BHF,Structured,W02000192,178,-0.006547921101819739,-0.02454562565397488,0.010193162408476442
BHF,Structured,W02000193,179,-0.0058578770021843,-0.025456262358021002,0.012715937645554232
BHF,Structured,W02000194,180,-0.0038215735392251224,-0.02130440076752081,0.013424555548706724
BHF,Structured,W02000195,181,-0.0010772727693640698,-0.020636335645961155,0.01897613622484284
BHF,Structured,W02000196,182,0.0032379136517028725,-0.020853620878224358,0.02950965803067288
BHF,Structured,W02000197,183,-0.0036128410299281167,-0.02315681003371471,0.015585071226074634
BHF,Structured,W02000198,184,0.003076853369486719,-0.020906688222681675,0.029141097225048193
BHF,Structured,W02000200,185,-0.0027586593834669987,-0.01649203002666264,0.010135554938337886
BHF,Structured,W02000201,186,-0.003140487043614042,-0.01594124577225865,0.008578102766353976
BHF,Structured,W02000202,187,-0.002390527216707688,-0.014706898167500196,0.00928856800136152
BHF,Structured,W02000204,188,-0.004597908070649278,-0.02060714775235388,0.00988605507906978
BHF,Structured,W02000205,189,-0.004866778997019193,-0.020917972577489896,0.009864444365894676
BHF,Structured,W02000206,190,-0.009407897946028728,-0.02959616882531197,0.008126413606463078
BHF,Structured,W02000207,191,-0.008158618586292507,-0.02526305017649333,0.006581674317555106
BHF,Structured,W02000208,192,-0.00617484110302687,-0.02449433830642741,0.010494882410618698
BHF,Structured,W02000210,193,-0.009165565952466813,-0.029591935889075452,0.008596914522547768
BHF,Structured,W02000211,194,-0.008051041772050535,-0.02589807156316694,0.0077034121959699345
BHF,Structured,W02000212,195,-0.006692168341751074,-0.020036730467244742,0.004997239736294696
BHF,Structured,W02000213,196,-0.009308855456538876,-0.02749562517792775,0.006378559380275888
BHF,Structured,W02000214,197,-0.011211553968848391,-0.03498949332138824,0.009387804647988277
BHF,Structured,W02000215,198,-0.01095640087367207,-0.034594754226925456,0.009567337565273525
BHF,Structured,W02000216,199,-0.00877222667162506,-0.026516353674660303,0.006579093694808564
BHF,Structured,W02000217,200,-0.005802341713330582,-0.02074719275512806,0.007622591597304667
BHF,Structured,W02000218,201,-0.005089872820227271,-0.020059153151891967,0.008403708519025702
BHF,Structured,W02000219,202,-0.005604079579214679,-0.02283821782509233,0.009848783762005008
BHF,Structured,W02000220,203,-0.0031750529370633547,-0.0172531075687343,0.009518704173304552
BHF,Structured,W02000221,204,-0.005011014777007589,-0.01794540596468305,0.006348787402945865
BHF,Structured,W02000222,205,-0.005215927698165606,-0.019631862355538564,0.007766509125448121
BHF,Structured,W02000223,206,-0.004556355910413593,-0.01873290182373959,0.00825820097541619
BHF,Structured,W02000224,207,-0.0044991991677138105,-0.019871167040600952,0.009249013031003575
BHF,Structured,W02000225,208,-0.0026540387344436084,-0.019168377342213376,0.013545040424774451
BHF,Structured,W02000226,209,-0.003157563545086041,-0.017289326730720225,0.00964192284117229
BHF,Structured,W02000227,210,-0.0025612116883857814,-0.018136336780253767,0.012663426731761785
BHF,Structured,W02000228,211,-0.0027224455959919116,-0.01774988279501665,0.011369683883604268
BHF,Structured,W02000229,212,-6.684761143699319e-4,-0.019940128759253366,0.01872011845968891
BHF,Structured,W02000230,213,-0.0015078360139655733,-0.014371413262908327,0.011094695580356986
BHF,Structured,W02000231,214,-3.94606756581099e-4,-0.01650666467971563,0.015964251978639155
BHF,Structured,W02000232,215,-0.0028738403158120396,-0.017611213355834987,0.010704556119293971
BHF,Structured,W02000233,216,-0.004327352467100124,-0.02464173953092758,0.014206687575896718
BHF,Structured,W02000234,217,-0.0025172438633370643,-0.022320849137960955,0.016514590200474893
BHF,Structured,W02000235,218,-0.004714793434637754,-0.02612314524410058,0.01526359286320339
BHF,Structured,W02000236,219,-0.004657950612705325,-0.02546970305030767,0.01463492508360807
BHF,Structured,W02000237,220,8.741605119937608e-4,-0.011967252911402508,0.013732498829346613
BHF,Structured,W02000238,221,0.002812504517828331,-0.011457640131003031,0.017404304859097334
BHF,Structured,W02000239,222,0.004867746961398886,-0.0068696836417094405,0.017228022304593756
BHF,Structured,W02000240,223,0.008994419366429751,-0.006903963203859479,0.026534505962683537
BHF,Structured,W02000241,224,0.0060582523384926,-0.014014041657457819,0.026591143051323415
BHF,Structured,W02000242,225,0.007110446534878546,-0.009410242212094567,0.024833092967906322
BHF,Structured,W02000243,226,0.00763640388282478,-0.009196432126599215,0.025868992733332277
BHF,Structured,W02000244,227,0.006629195736419118,-0.008649888988951054,0.02272262324363225
BHF,Structured,W02000245,228,0.006939074984433019,-0.008047619375402111,0.023047651084084145
BHF,Structured,W02000246,229,0.0065813581292668445,-0.010885408815691021,0.025178600524838137
BHF,Structured,W02000247,230,0.0011713337680076693,-0.017721101367667542,0.019961454347400258
BHF,Structured,W02000248,231,0.007250641007053468,-0.010282783573756657,0.02602507675698704
BHF,Structured,W02000249,232,0.010643253535990327,-0.007347006251220676,0.031405354282711725
BHF,Structured,W02000250,233,0.0014835160860968916,-0.013760061496805438,0.016490185358256627
BHF,Structured,W02000251,234,0.008544348747852535,-0.006287475261552598,0.02511214241938452
BHF,Structured,W02000252,235,-0.0014788165742212992,-0.011216968881112274,0.00781820667039397
BHF,Structured,W02000253,236,-0.002306631369288629,-0.018362089283830305,0.012771252758485438
BHF,Structured,W02000254,237,-0.0019013614900530353,-0.015551586155334411,0.010978774015950953
BHF,Structured,W02000255,238,-0.0017280911130987098,-0.015210814146507927,0.011023042785982566
BHF,Structured,W02000256,239,-0.0014834798083901317,-0.014895367192883806,0.01127594912712444
BHF,Structured,W02000257,240,-0.0010869902924853017,-0.013103901007252613,0.010417398892460824
BHF,Structured,W02000258,241,-0.0016214647665684515,-0.014216628209038617,0.0106872889974406
BHF,Structured,W02000259,242,-0.0018672735572472197,-0.018249154406855626,0.01348915173089954
BHF,Structured,W02000260,243,-2.623457471851704e-4,-0.01283172093590567,0.012462157248561959
BHF,Structured,W02000261,244,-0.0034951139865675883,-0.019764644249964814,0.011648016586453976
BHF,Structured,W02000262,245,-0.004637032667612052,-0.024688062244706953,0.013543593352874559
BHF,Structured,W02000263,246,-0.0010496101650032312,-0.0145435755198583,0.01181052973270506
BHF,Structured,W02000264,247,-8.604207307868509e-4,-0.014788684212857324,0.012678269609676952
BHF,Structured,W02000265,248,-0.003019854259394416,-0.0189518568031489,0.011554917226335433
BHF,Structured,W02000266,249,-8.931394358299385e-4,-0.012870084793459649,0.010532703022461384
BHF,Structured,W02000267,250,-0.0031020288218690712,-0.02053536808874346,0.01285869326640923
BHF,Structured,W02000268,251,7.57707571720812e-5,-0.01243719884118304,0.012421317244945893
BHF,Structured,W02000269,252,-0.0019243140742384677,-0.01563377471255358,0.010810837028871997
BHF,Structured,W02000270,253,3.43109657929282e-4,-0.013501754325311179,0.013957608363692768
BHF,Structured,W02000271,254,1.1475652759235327e-4,-0.015956256850913994,0.016019421275651428
BHF,Structured,W02000272,255,0.001607121701238813,-0.009830490400127302,0.013330341798479464
BHF,Structured,W02000273,256,0.0020989129190143543,-0.011885943992816927,0.0163426757007263
BHF,Structured,W02000274,257,4.4515678748040927e-4,-0.01351584258558648,0.014460320275327666
BHF,Structured,W02000275,258,9.192264305017476e-4,-0.011625234369821462,0.013449498888506365
BHF,Structured,W02000276,259,0.0055224251271003555,-0.007925842015756884,0.020562942206976943
BHF,Structured,W02000277,260,0.0031231719689390892,-0.00974698005546998,0.016523270666786403
BHF,Structured,W02000278,261,0.004791552848830349,-0.0075486328570255725,0.0185211545899594
BHF,Structured,W02000279,262,0.0019091216564756275,-0.01208156173161569,0.01610626360155766
BHF,Structured,W02000280,263,6.125583381523644e-4,-0.012247044841558688,0.01326382668284522
BHF,Structured,W02000281,264,0.0031970143314925263,-0.00863560499996653,0.01568770427221421
BHF,Structured,W02000282,265,0.003908198754153311,-0.008630302037827645,0.01720697578301186
BHF,Structured,W02000284,266,0.001579223467394632,-0.01020512054375344,0.014440133217981632
BHF,Structured,W02000285,267,-4.6568946996588174e-5,-0.01219772817252271,0.012292540070595692
BHF,Structured,W02000286,268,-8.477083369937882e-4,-0.016131397294478295,0.01419315545997158
BHF,Structured,W02000287,269,0.0017251259651290811,-0.011420405721124616,0.016002186973704344
BHF,Structured,W02000288,270,4.018765673675418e-4,-0.009979151098937437,0.011172541306167625
BHF,Structured,W02000289,271,0.001242580636180621,-0.010586611768388697,0.013775734811344746
BHF,Structured,W02000290,272,3.143706615448304e-4,-0.011847324375065221,0.013105652249345196
BHF,Structured,W02000291,273,-6.690597401458761e-4,-0.01210324873863592,0.010767282066162445
BHF,Structured,W02000292,274,-0.0017470946150582544,-0.015164515971848914,0.011156714859723872
BHF,Structured,W02000293,275,-0.0014562191340866937,-0.01741626593863358,0.014051137891865354
BHF,Structured,W02000294,276,-0.0026864047932760706,-0.015137914768030563,0.00907261234528593
BHF,Structured,W02000295,277,-0.004468858108672965,-0.018482271282296507,0.008234833428738425
BHF,Structured,W02000296,278,-0.0015753455112668866,-0.01462025795000241,0.011072632124345921
BHF,Structured,W02000297,279,-3.1871003109363536e-4,-0.011179845715734868,0.010602883654047447
BHF,Structured,W02000298,280,-0.003753266410891706,-0.018537559923503984,0.009724148680288936
BHF,Structured,W02000299,281,-0.0032196286386590787,-0.021645370932166057,0.01440308933177929
BHF,Structured,W02000300,282,-0.0031990089949149635,-0.01785543897086742,0.010192908858931565
BHF,Structured,W02000301,283,-0.001110180867726891,-0.012694727025818696,0.0100192726025268
BHF,Structured,W02000302,284,2.6332702310046967e-4,-0.011461433111214253,0.012015232534300285
BHF,Structured,W02000303,285,-0.00408538060529651,-0.01723075969225085,0.007726495928590102
BHF,Structured,W02000304,286,-0.0026700495605463627,-0.015555821637852203,0.009012235590395308
BHF,Structured,W02000305,287,-0.0055028434855416515,-0.02547134129862192,0.012181970510675657
BHF,Structured,W02000306,288,-0.003634983230857918,-0.01770054601072998,0.008825378258358803
BHF,Structured,W02000307,289,0.0011011158072405578,-0.013041114258276913,0.015347573479542711
BHF,Structured,W02000308,290,-7.591787919379285e-4,-0.013777281941929448,0.01163625056494545
BHF,Structured,W02000309,291,-0.0014925775002304186,-0.015120814454539831,0.011225940611148158
BHF,Structured,W02000310,292,-6.640797934431532e-4,-0.012174563920774664,0.010117884353017257
BHF,Structured,W02000311,293,-4.959873952847729e-5,-0.014730314796349805,0.014299878843170466
BHF,Structured,W02000312,294,-3.458782116877015e-5,-0.014995130982343485,0.014417835558780881
BHF,Structured,W02000313,295,0.0019941116917720422,-0.012114207074463245,0.016213154020819433
BHF,Structured,W02000314,296,-0.002959718591164523,-0.017822453662570546,0.011324497390281055
BHF,Structured,W02000315,297,-0.0026207943027010796,-0.018655629020885026,0.013042605399408175
BHF,Structured,W02000316,298,-0.0020252013215029266,-0.01498653364231943,0.010554219995906597
BHF,Structured,W02000317,299,-0.0031973479994576604,-0.017873483581804205,0.010775334438819308
BHF,Structured,W02000318,300,-0.00308800593427213,-0.016148492486954075,0.009460465967988396
BHF,Structured,W02000319,301,-0.0019345957822027656,-0.014540626222744773,0.010303720599059724
BHF,Structured,W02000320,302,-0.003520041940008497,-0.016101087242995957,0.008257422302494322
BHF,Structured,W02000321,303,-0.005172118720152061,-0.019001739690218677,0.007293516575745739
BHF,Structured,W02000322,304,-0.005049729694966164,-0.01874464023160458,0.007351037672332234
BHF,Structured,W02000323,305,-0.004254537991474548,-0.017679492636802192,0.00822496130250712
BHF,Structured,W02000324,306,-0.005674955185153171,-0.018212247377649413,0.005505994022735143
BHF,Structured,W02000325,307,-0.00541199276577989,-0.021892286065883504,0.009843504605345426
BHF,Structured,W02000326,308,-0.006066797398324805,-0.02051457615465789,0.006739742651891731
BHF,Structured,W02000327,309,-0.006136034576340631,-0.02134323550033514,0.007713689184731064
BHF,Structured,W02000328,310,-0.007286276244545173,-0.024590437689615573,0.00797253357393361
BHF,Structured,W02000329,311,-0.0063775035320232385,-0.02267310177891397,0.00830578903816402
BHF,Structured,W02000330,312,-0.006224748608183804,-0.021233444147459802,0.007393124503719467
BHF,Structured,W02000331,313,-0.004259895755291832,-0.021423434512095836,0.012223788729573226
BHF,Structured,W02000332,314,-0.006618868441669083,-0.021418930622213332,0.006548696354882992
BHF,Structured,W02000333,315,-0.003981226805146016,-0.019055670650054538,0.010360848064840233
BHF,Structured,W02000334,316,-0.005407832183107405,-0.01883413763299055,0.006631194637109876
BHF,Structured,W02000335,317,-0.006745317757881936,-0.020016946595479486,0.004962096768659986
BHF,Structured,W02000336,318,-0.0023578301999152697,-0.015415313259266894,0.010084344159499613
BHF,Structured,W02000337,319,6.289929342663075e-5,-0.022081559522042972,0.02271489409001649
BHF,Structured,W02000338,320,-0.0029451076694098377,-0.01583950281563302,0.00936081595065224
BHF,Structured,W02000339,321,-0.009306703774165613,-0.03278992063395088,0.01162386420474859
BHF,Structured,W02000340,322,-0.005227929817622766,-0.01753396481001188,0.005909799465725485
BHF,Structured,W02000341,323,-0.006039118246928651,-0.017644989851774533,0.004512038366000526
BHF,Structured,W02000342,324,-0.0038745485872901933,-0.018716477607857933,0.010789746724961295
BHF,Structured,W02000343,325,-0.005416959771072031,-0.024915228612072814,0.013285955883707797
BHF,Structured,W02000344,326,-0.0043493464297433195,-0.01862742691109945,0.009745091439721005
BHF,Structured,W02000345,327,-0.004292173522088619,-0.02424755723178179,0.015555282056509917
BHF,Structured,W02000346,328,-0.004836435051468684,-0.022567153861435825,0.012599802728710644
BHF,Structured,W02000347,329,-0.005225672519252598,-0.020944433318801185,0.009811315071360311
BHF,Structured,W02000348,330,-0.008621152758841882,-0.03036816788924918,0.010518219496142279
BHF,Structured,W02000349,331,-0.006974322480861197,-0.022935843758198543,0.006921708730592032
BHF,Structured,W02000350,332,-0.006663286384482606,-0.02123015555097456,0.007019926125949052
BHF,Structured,W02000351,333,-0.013776271581091414,-0.0402908939007892,0.009823936399935087
BHF,Structured,W02000352,334,-0.008528435513716794,-0.031093852435691988,0.0113875412032048
BHF,Structured,W02000353,335,-0.014051918613617783,-0.0394974825228821,0.00852767104645087
BHF,Structured,W02000354,336,-0.012003657542622387,-0.03489980455750476,0.00857093023326164
BHF,Structured,W02000355,337,-0.005709511195322443,-0.02032357922586293,0.006993832562554381
BHF,Structured,W02000356,338,-0.00918605854108587,-0.029559031872053117,0.009691045809373515
BHF,Structured,W02000357,339,-0.013732384590773417,-0.03800985215610013,0.007842142380912227
BHF,Structured,W02000358,340,-0.0066010549851151365,-0.023951613978173632,0.008848444591474432
BHF,Structured,W02000359,341,-0.013730465548330148,-0.03806057348962152,0.00788086855208897
BHF,Structured,W02000360,342,-0.006784432812879815,-0.02889572839847037,0.013346989554819147
BHF,Structured,W02000361,343,-0.011315855013869395,-0.031239535333707102,0.006623623680631163
BHF,Structured,W02000362,344,-0.0051935729798328004,-0.025147260263363905,0.012520191988853964
BHF,Structured,W02000363,345,-0.006940343183321821,-0.030150745664076464,0.01403108433443212
BHF,Structured,W02000364,346,-0.005899017970734532,-0.031070410808560968,0.016503465026129635
BHF,Structured,W02000365,347,-0.003886629270922511,-0.024838465218881386,0.015685821984396758
BHF,Structured,W02000366,348,-0.0025598936692455606,-0.015397856588220064,0.009032663659283246
BHF,Structured,W02000367,349,0.0044541716791963865,-0.00955403767418004,0.019291030638120807
BHF,Structured,W02000368,350,0.007925552294443628,-0.011044841985766786,0.029139375916753987
BHF,Structured,W02000369,351,0.0015351020829998982,-0.01291842134220525,0.01590600475203761
BHF,Structured,W02000370,352,0.007380973795315365,-0.008233825458691092,0.02508629323135539
BHF,Structured,W02000371,353,0.0072548636951575585,-0.007956783181063683,0.024121385028624553
BHF,Structured,W02000372,354,0.010190975869540785,-0.00232355369481645,0.025472116030360738
BHF,Structured,W02000373,355,0.008355660359728458,-0.010178287974354244,0.02944640960257163
BHF,Structured,W02000374,356,0.009231256748419304,-0.005643544426319905,0.026489309504499577
BHF,Structured,W02000375,357,0.011834436174895269,-0.005127659842157507,0.03218519138356793
BHF,Structured,W02000376,358,0.007069800925394161,-0.005943553748826116,0.02168379294962311
BHF,Structured,W02000377,359,0.005714562186754883,-0.011025431785432813,0.023832081962873605
BHF,Structured,W02000378,360,0.007212412315637137,-0.008918065047624706,0.024837004464827447
BHF,Structured,W02000379,361,0.009857653740195297,-0.011479354800025852,0.03428986818945333
BHF,Structured,W02000380,362,0.006426325799651954,-0.004518860215413649,0.018749794867302973
BHF,Structured,W02000381,363,0.012600647057139218,-0.004620294973775654,0.03365216969741651
BHF,Structured,W02000382,364,0.009496605054475268,-0.009507353502721288,0.03125672789767413
BHF,Structured,W02000383,365,0.008250031642234323,-0.008911949857448039,0.027002653602295434
BHF,Structured,W02000384,366,0.007309532116141254,-0.0057459721195693885,0.02155181649875318
BHF,Structured,W02000385,367,0.008462306163774445,-0.005077272073597615,0.023556166530789
BHF,Structured,W02000386,368,0.006339166812774035,-0.012120895444385507,0.02589067138965894
BHF,Structured,W02000387,369,0.006241878811049232,-0.008626988863947561,0.021947725801416008
BHF,Structured,W02000388,370,0.00947704831234862,-0.006521745267934672,0.027905686454790038
BHF,Structured,W02000389,371,0.008705190843171466,-0.0037851115931773777,0.02294493439625734
BHF,Structured,W02000390,372,0.007798816397926997,-0.009344478914384207,0.026174571075973322
BHF,Structured,W02000391,373,0.009364423528132465,-0.004907415905596978,0.025532194025099937
BHF,Structured,W02000392,374,0.01134770161226567,-0.0016411396930643297,0.026878112298626314
BHF,Structured,W02000393,375,0.010044690556779865,-0.005386786599615074,0.027825514185907924
BHF,Structured,W02000394,376,0.008463212085951332,-0.005041939484222383,0.02339029428207378
BHF,Structured,W02000395,377,0.010302676682103353,-0.006732276110588123,0.029538236040811502
BHF,Structured,W02000396,378,0.009155043508134281,-0.00567411064472656,0.025780989124266143
BHF,Structured,W02000397,379,0.013286244419852773,-0.003538412147573786,0.03319687321899931
BHF,Structured,W02000398,380,0.011956110463304475,-0.001979528293300354,0.028243671275221323
BHF,Structured,W02000399,381,0.011607509506650897,-0.005039500889692685,0.030857329645727544
BHF,Structured,W02000400,382,0.011659749188633899,-0.0020446914826447865,0.02788277117195621
BHF,Structured,W02000401,383,0.01924089246491116,-0.0016977755767410528,0.0448496581264944
BHF,Structured,W02000402,384,0.011099967920625294,-0.005186971740653572,0.029558004675892202
BHF,Structured,W02000403,385,0.010137970399635416,-0.006225839634105409,0.028656147479219754
BHF,Structured,W02000404,386,0.013994222995843042,-0.0013189931362872845,0.03233963820875086
BHF,Structured,W02000405,387,0.008796251048398488,-0.009225300678149032,0.029069162303082787
BHF,Structured,W02000406,388,0.019958653430923137,-0.0011498249432088728,0.045859028286459935
BHF,Structured,W02000407,389,0.0072702858282843045,-0.015555724082916026,0.031592926466538045
BHF,Structured,W02000408,390,0.013177684648441034,-0.0030494482247981607,0.032365215722156004
BHF,Structured,W02000409,391,0.00898060861966141,-0.009065783939062648,0.029366463952519645
BHF,Structured,W02000410,392,0.019928000175391425,-4.496056591059075e-4,0.04523836028320513
BHF,Structured,W02000411,393,0.00831515652282023,-0.014258636153049013,0.03284646238882445
BHF,Structured,W02000412,394,0.017627102966473455,4.366701538370092e-4,0.03857679541518493
BHF,Structured,W02000414,395,0.0017462882396742086,-0.007267509155228246,0.011481041843788887
BHF,Structured,W02000415,396,0.001458422397091103,-0.0108784040493793,0.014691059216081912
BHF,Structured,W02000416,397,-0.0017204755202979974,-0.01232963263834272,0.008339894471221007
BHF,Structured,W02000417,398,-0.003209265892043913,-0.01902492263494055,0.011384722938456191
BHF,Structured,W02000418,399,0.0034594044452116,-0.008820411334035948,0.01629529213363267
BHF,Structured,W02000419,400,-0.004798225470576766,-0.024687704214806004,0.013528392433446505
BHF,Structured,W02000421,401,0.006250635930032209,-0.0034255121811786063,0.0176622206662333
BHF,Structured,W02000422,402,0.016167674724302306,3.104965343214833e-4,0.03567162901251223
BHF,Structured,W02000423,403,0.015392362205566869,5.69431669525321e-4,0.033274097095019724
BHF,Structured,W02000424,404,0.0010518624333722968,-0.015492029166429253,0.018042858651495863
BHF,Structured,W02000425,405,0.0029381716387427447,-0.010005216856250615,0.017031290596007578
BHF,Structured,W02000426,406,-2.8257562504719437e-4,-0.020508317235812278,0.01973231891754389
BHF,Structured,W02000427,407,-0.004675957229703317,-0.015480464365047044,0.004730708708430676
BHF,Structured,W02000428,408,-0.003857059552776188,-0.01955663970379084,0.011521296134973777
BHF,Unstructured,W02000001,1,-0.0013953107966055234,-0.01428082663897982,0.010523093132978011
BHF,Unstructured,W02000002,2,-0.0012889479268508126,-0.014077914942059786,0.010604409287321256
BHF,Unstructured,W02000003,3,3.395160992999832e-4,-0.011937616866893036,0.012887906186611791
BHF,Unstructured,W02000004,4,6.200654074564071e-4,-0.011418008324755142,0.01310742842923782
BHF,Unstructured,W02000005,5,-0.0012736666273008579,-0.014044059104869763,0.010610086351498396
BHF,Unstructured,W02000006,6,-3.6610503447315575e-4,-0.012699305125445601,0.011720241635399383
BHF,Unstructured,W02000007,7,8.57753219159756e-4,-0.011148389558975914,0.013466515775623446
BHF,Unstructured,W02000008,8,-0.0011174251801967087,-0.013910167026325027,0.010882458450790665
BHF,Unstructured,W02000009,9,-1.0850571272775216e-4,-0.01236369665847831,0.012065935416938444
BHF,Unstructured,W02000010,10,-7.570053904078091e-4,-0.013484004464183401,0.011425229036589254
BHF,Unstructured,W02000011,11,1.8171877906072472e-4,-0.012062037607233985,0.012546274208257427
BHF,Unstructured,W02000012,12,5.009726128198259e-4,-0.011703760955917408,0.013051724801326596
BHF,Unstructured,W02000013,13,6.189244308435298e-4,-0.011582039387399976,0.013257368414515552
BHF,Unstructured,W02000014,14,0.0013979240201554435,-0.010593576283848126,0.014370447901824629
BHF,Unstructured,W02000015,15,-4.843839795168116e-4,-0.013124495413733988,0.011808542278427961
BHF,Unstructured,W02000016,16,-8.299639711599278e-4,-0.013619843306512594,0.011363488524537878
BHF,Unstructured,W02000017,17,2.5050826533205747e-4,-0.012085094325641279,0.012762831626477032
BHF,Unstructured,W02000018,18,-2.867146265291361e-4,-0.012716237692119882,0.011939985169608062
BHF,Unstructured,W02000019,19,-0.001260833454308001,-0.01409869618816154,0.01069941018725076
BHF,Unstructured,W02000020,20,0.0011905750872080493,-0.010781671713026329,0.013988050931521908
BHF,Unstructured,W02000021,21,2.5179196106258153e-4,-0.012058314955476358,0.012739392520833333
BHF,Unstructured,W02000022,22,-0.0012237727827874149,-0.014017916453263779,0.01072051630728393
BHF,Unstructured,W02000023,23,-7.251921955917584e-4,-0.01346859106181338,0.011496739446084717
BHF,Unstructured,W02000024,24,6.841688580998026e-4,-0.011566259323928015,0.013429556213006046
BHF,Unstructured,W02000025,25,-6.079452119609848e-4,-0.013271223814236857,0.011623896988156867
BHF,Unstructured,W02000026,26,9.360901551232258e-5,-0.012266073697870281,0.012527135381600484
BHF,Unstructured,W02000027,27,-5.958394894474683e-4,-0.013303842659680546,0.011666224720307225
BHF,Unstructured,W02000028,28,-6.515873859343969e-4,-0.01331388541287992,0.01153187115283628
BHF,Unstructured,W02000029,29,-7.879387080861449e-4,-0.01347170326362685,0.011328178859689906
BHF,Unstructured,W02000030,30,-5.937586412787696e-4,-0.01323484960726747,0.01161531518728485
BHF,Unstructured,W02000031,31,-9.009888452676443e-4,-0.013698833419998304,0.011248721384625923
BHF,Unstructured,W02000032,32,-5.44267559136027e-4,-0.013200425850204294,0.011710570187417616
BHF,Unstructured,W02000033,33,4.495667140482146e-5,-0.012232999692807672,0.01234581250109748
BHF,Unstructured,W02000034,34,0.0015553975078670382,-0.010356357254917488,0.01454624937135511
BHF,Unstructured,W02000035,35,-9.7661605969848e-4,-0.013742284101295476,0.011098995989274805
BHF,Unstructured,W02000036,36,-1.0203858574351526e-5,-0.012329892059362337,0.0122944060452814
BHF,Unstructured,W02000037,37,-7.137375256563119e-4,-0.013454639858186285,0.0115108088747784
BHF,Unstructured,W02000038,38,-0.0011110870193791304,-0.013975317373356139,0.010958299982348782
BHF,Unstructured,W02000039,39,-9.756012744772262e-4,-0.013839968626688367,0.011180766991080103
BHF,Unstructured,W02000040,40,-8.322959937503093e-4,-0.013557937652774894,0.011306443839077347
BHF,Unstructured,W02000041,41,4.0130325566588797e-4,-0.011913499802109616,0.012999162942782897
BHF,Unstructured,W02000042,42,1.0842245227144003e-4,-0.012264990247629974,0.012562732916255061
BHF,Unstructured,W02000043,43,0.0013668471916906814,-0.010628856102826328,0.014337489426878082
BHF,Unstructured,W02000044,44,3.1052828449721584e-4,-0.012047023678392391,0.01290173676144881
BHF,Unstructured,W02000045,45,-6.764866452405617e-4,-0.013440623131343244,0.011594535646492442
BHF,Unstructured,W02000047,46,-9.016041183793307e-4,-0.013677542079978558,0.011224806067958738
BHF,Unstructured,W02000049,47,0.0016769455247139073,-0.010278823682271931,0.01482593360873247
BHF,Unstructured,W02000050,48,-5.930903945697821e-4,-0.013284669914507476,0.011669628981999558
BHF,Unstructured,W02000051,49,3.159049051716127e-4,-0.011929147658509517,0.012785159418609292
BHF,Unstructured,W02000052,50,2.6299870045140875e-4,-0.012130546517800118,0.012848672265127805
BHF,Unstructured,W02000053,51,5.276914758039638e-4,-0.0117446413686525,0.013180707274541414
BHF,Unstructured,W02000054,52,0.001339629458785071,-0.010667093523152964,0.01429650921484356
BHF,Unstructured,W02000055,53,0.0024112371935040926,-0.009338353246524274,0.01584192635418151
BHF,Unstructured,W02000056,54,4.654496449553291e-4,-0.011854859501538374,0.013126220130965658
BHF,Unstructured,W02000057,55,-9.703545407806154e-4,-0.013795872058603187,0.011169834218765749
BHF,Unstructured,W02000058,56,0.0010847805945392649,-0.01098838176749271,0.013935268579070594
BHF,Unstructured,W02000059,57,1.8231439040333985e-4,-0.012217961458346633,0.012716211332820191
BHF,Unstructured,W02000060,58,-9.448314841344944e-4,-0.013720538503741091,0.011162065427465586
BHF,Unstructured,W02000061,59,0.0014743829860059414,-0.010499222475019335,0.014486094389548676
BHF,Unstructured,W02000062,60,-2.1770069293544606e-4,-0.01265618000174754,0.012067746973548954
BHF,Unstructured,W02000063,61,-0.0011980910837993386,-0.0140943259770396,0.010849996305770916
BHF,Unstructured,W02000064,62,-8.968545385307054e-4,-0.013726114136488264,0.011287981743407864
BHF,Unstructured,W02000065,63,5.56114790725811e-4,-0.011745417863907136,0.013257236586242144
BHF,Unstructured,W02000066,64,-0.001088641390157903,-0.013940269182649978,0.010991512996616095
BHF,Unstructured,W02000067,65,-9.521993657349422e-4,-0.013762060841702508,0.011178667489187713
BHF,Unstructured,W02000068,66,0.0017440729029880816,-0.01022154525834675,0.014953793620026303
BHF,Unstructured,W02000069,67,-0.001112350192578257,-0.013929639666855901,0.010922942522264677
BHF,Unstructured,W02000070,68,2.872550170091138e-4,-0.012047663072390347,0.012827045314249564
BHF,Unstructured,W02000071,69,3.769552874555449e-4,-0.011912016737251096,0.012931141347239997
BHF,Unstructured,W02000072,70,2.3847610081996694e-6,-0.012370285146716203,0.012379503881784982
BHF,Unstructured,W02000073,71,-9.344708150098523e-4,-0.013778086665890265,0.011236590194360553
BHF,Unstructured,W02000074,72,2.2809218635574225e-4,-0.012107898450985703,0.012724608277500712
BHF,Unstructured,W02000075,73,-9.480539505311959e-4,-0.013736377001938735,0.011170919185458322
BHF,Unstructured,W02000076,74,3.939277223259519e-4,-0.011963492259579694,0.01303524060615807
BHF,Unstructured,W02000077,75,-6.746289436275133e-4,-0.013449093980867506,0.011612523627004413
BHF,Unstructured,W02000080,76,-8.076350173698614e-4,-0.013561441848125334,0.01137022696936341
BHF,Unstructured,W02000081,77,4.5859495826466423e-4,-0.011863274861706272,0.013107779549473215
BHF,Unstructured,W02000082,78,2.5219176718993476e-4,-0.012086391463633718,0.012770483951047394
BHF,Unstructured,W02000083,79,-5.80756337149734e-4,-0.013353167502867901,0.011767829716263343
BHF,Unstructured,W02000085,80,-7.813137975831447e-4,-0.013577187179913661,0.0114498176672228
BHF,Unstructured,W02000087,81,0.002490753791557316,-0.009290535336219949,0.016024665720942022
BHF,Unstructured,W02000088,82,-8.390034454329076e-4,-0.013654604163105795,0.011372964130941524
BHF,Unstructured,W02000089,83,-8.421743411801806e-4,-0.01370422540425999,0.011419246549821587
BHF,Unstructured,W02000090,84,-7.047121064525135e-4,-0.013469395738783582,0.01155298816964057
BHF,Unstructured,W02000091,85,1.728550221115454e-4,-0.012194701922077576,0.012662711597075391
BHF,Unstructured,W02000092,86,-8.947702960589398e-4,-0.013765118999341625,0.011327417260650575
BHF,Unstructured,W02000093,87,4.4669909769712676e-4,-0.011872473670987966,0.013087779519493374
BHF,Unstructured,W02000094,88,-8.015662964799198e-4,-0.013652640721836438,0.011468735070637113
BHF,Unstructured,W02000095,89,-8.975175541258417e-4,-0.013728214800541445,0.011290670478908166
BHF,Unstructured,W02000096,90,0.0016064801584183773,-0.01038502457739089,0.014747374993240135
BHF,Unstructured,W02000097,91,0.0021926681162265206,-0.009442465062222228,0.01529984822467235
BHF,Unstructured,W02000098,92,-0.0015665999367059187,-0.01440904609460139,0.010219898967989567
BHF,Unstructured,W02000099,93,-0.0017422634401031705,-0.014634489021669837,0.009975094638897458
BHF,Unstructured,W02000100,94,0.002474030962980772,-0.008968973979497585,0.015518073261950916
BHF,Unstructured,W02000101,95,-5.955606465855994e-4,-0.013003982546878502,0.011415825116707858
BHF,Unstructured,W02000102,96,5.822414492816226e-4,-0.011388572904273959,0.012961099115435184
BHF,Unstructured,W02000103,97,0.001116026555784318,-0.010629576327200548,0.013615776043859246
BHF,Unstructured,W02000104,98,0.0013806522016193137,-0.010361438515589922,0.014062015139412423
BHF,Unstructured,W02000105,99,6.660511099057805e-5,-0.012081750836585527,0.012286171728810004
BHF,Unstructured,W02000106,100,-2.644853461690795e-4,-0.0124183145559028,0.011746944705980781
BHF,Unstructured,W02000107,101,0.0025019242206243838,-0.008974952350372455,0.015615649029457604
BHF,Unstructured,W02000108,102,0.001043083266208693,-0.010751826996466709,0.013565759064093586
BHF,Unstructured,W02000109,103,0.0037771324137484074,-0.007595841973420243,0.0175583127340153
BHF,Unstructured,W02000110,104,-0.0010311689838248968,-0.01341298614385561,0.010718881170933451
BHF,Unstructured,W02000111,105,-9.755213991702402e-4,-0.01336493775512856,0.010791659836118739
BHF,Unstructured,W02000113,106,0.0014224241499230892,-0.01036764770168869,0.014190488137758358
BHF,Unstructured,W02000114,107,-6.76244979432657e-4,-0.013040788954929492,0.011245220589207293
BHF,Unstructured,W02000116,108,-2.2346541622306586e-4,-0.01257969110796716,0.011996173335313895
BHF,Unstructured,W02000117,109,-7.739857529547227e-4,-0.013303423599035108,0.011249134420113428
BHF,Unstructured,W02000118,110,0.0020845946208938163,-0.009672612601715362,0.01529283625179027
BHF,Unstructured,W02000120,111,-3.425402881226069e-4,-0.012770729793273266,0.011863404967258984
BHF,Unstructured,W02000122,112,0.001320984386295433,-0.010487404776930609,0.014027646810986222
BHF,Unstructured,W02000123,113,0.0023912102945193876,-0.009366841181454437,0.015811769588751468
BHF,Unstructured,W02000124,114,-0.0016025020087883362,-0.014486462946914148,0.010198225967560494
BHF,Unstructured,W02000125,115,1.4926623027439458e-4,-0.011947824822226604,0.012354687751152392
BHF,Unstructured,W02000126,116,1.7944163006440543e-4,-0.012159441795649512,0.012646980460458087
BHF,Unstructured,W02000127,117,-0.0010720162813223017,-0.013849224267315304,0.010960210545529031
BHF,Unstructured,W02000128,118,-0.0013263124894941206,-0.014275452839030835,0.010691429403694533
BHF,Unstructured,W02000129,119,0.0014514139252167848,-0.010541009259219587,0.014474285451396654
BHF,Unstructured,W02000130,120,0.0011750323942311357,-0.010868736824750173,0.014061628742067256
BHF,Unstructured,W02000131,121,-2.3254799962102823e-4,-0.012675162037184625,0.012063421224931883
BHF,Unstructured,W02000132,122,-9.104450187967276e-4,-0.0137438482664503,0.01127077390308793
BHF,Unstructured,W02000133,123,0.0026912508130093192,-0.009076132663692687,0.016347155341981078
BHF,Unstructured,W02000134,124,-1.1256207704650154e-4,-0.012546404735290182,0.012256361680616794
BHF,Unstructured,W02000135,125,-1.7784952646345662e-4,-0.012636692946898447,0.01217211119923974
BHF,Unstructured,W02000136,126,9.00470600949886e-4,-0.011098810994276596,0.013510772790506654
BHF,Unstructured,W02000137,127,0.0010108700386777724,-0.011078450228524333,0.013833590004580922
BHF,Unstructured,W02000138,128,-6.380014197938291e-4,-0.01334885787155308,0.011603434078210505
BHF,Unstructured,W02000139,129,1.9917708674777856e-4,-0.01211025122120421,0.012633659799438264
BHF,Unstructured,W02000140,130,-0.0010348567134098527,-0.013854651856342867,0.01103832912735299
BHF,Unstructured,W02000141,131,-9.539616957178029e-4,-0.01373622238192934,0.011146337019581495
BHF,Unstructured,W02000142,132,3.554496541272053e-4,-0.012011765750312244,0.012984155039984334
BHF,Unstructured,W02000143,133,-7.646935440071672e-4,-0.013549384708781751,0.011475182191954288
BHF,Unstructured,W02000144,134,-0.00128699472066135,-0.014175498847676498,0.010703811920027858
BHF,Unstructured,W02000145,135,-0.0010549055391152512,-0.01389657787675298,0.011039713981335037
BHF,Unstructured,W02000146,136,-5.671165044918669e-4,-0.013309168130808818,0.011763734940622567
BHF,Unstructured,W02000147,137,4.2080601536001455e-4,-0.011906042633930603,0.013052783581203093
BHF,Unstructured,W02000148,138,6.107306804806501e-4,-0.01168173324164281,0.013348173713483732
BHF,Unstructured,W02000149,139,-4.530467422397461e-5,-0.012465985873143228,0.012346038936621407
BHF,Unstructured,W02000151,140,-6.345388554437387e-4,-0.013361047271206404,0.01163334203985599
BHF,Unstructured,W02000152,141,6.96192172532701e-4,-0.011573206359275903,0.013469414231964533
BHF,Unstructured,W02000153,142,-8.160930344121859e-4,-0.013617282064256699,0.011400377864733465
BHF,Unstructured,W02000154,143,3.879627653996491e-4,-0.011923823521231863,0.012977881454871101
BHF,Unstructured,W02000156,144,-8.561278091122914e-4,-0.013674450000972784,0.011348143679554855
BHF,Unstructured,W02000157,145,-9.247754177746515e-4,-0.013782635928970242,0.011267465984676718
BHF,Unstructured,W02000158,146,5.9383272137622e-4,-0.011600175224637483,0.013210409612952369
BHF,Unstructured,W02000159,147,0.002963706889724412,-0.008766837720593251,0.016755861269285487
BHF,Unstructured,W02000160,148,-4.0884479449190245e-4,-0.01312412438148241,0.01200725021163936
BHF,Unstructured,W02000161,149,-9.382786286337959e-4,-0.013763045686836771,0.011217125008665393
BHF,Unstructured,W02000162,150,-6.859721413094794e-4,-0.013472799972365342,0.011606232354399813
BHF,Unstructured,W02000163,151,2.654629359363311e-4,-0.012056122777193156,0.012776621281270155
BHF,Unstructured,W02000164,152,-0.001320676650690615,-0.014242046251045812,0.010674772982864277
BHF,Unstructured,W02000165,153,6.543829762691405e-4,-0.011653205467797929,0.013438808338847499
BHF,Unstructured,W02000166,154,5.130620595104751e-4,-0.011831012961352774,0.013228951338570287
BHF,Unstructured,W02000167,155,3.602678715240376e-4,-0.011996380106745147,0.012978081325763844
BHF,Unstructured,W02000168,156,0.001305826839386048,-0.010648855929356492,0.014172066091578613
BHF,Unstructured,W02000169,157,0.003017897526428663,-0.008701058183571421,0.016827785207113168
BHF,Unstructured,W02000170,158,3.40393661058888e-4,-0.012001108051474457,0.012921799645375421
BHF,Unstructured,W02000171,159,-7.570445280410637e-4,-0.013535516606777582,0.011474144053043768
BHF,Unstructured,W02000172,160,-6.085494752092685e-4,-0.013327918735279765,0.011665429395471237
BHF,Unstructured,W02000173,161,4.938076059121288e-4,-0.011816446201634228,0.013155819059688071
BHF,Unstructured,W02000174,162,-7.500028196426288e-4,-0.013488850369886226,0.011447553859672005
BHF,Unstructured,W02000175,163,-3.691982911162635e-4,-0.013096699926183357,0.012081461157910174
BHF,Unstructured,W02000176,164,-5.704962395816471e-4,-0.013276728119604791,0.011718944066793
BHF,Unstructured,W02000177,165,-6.563055598670986e-4,-0.013413183734590332,0.011620278067401818
BHF,Unstructured,W02000178,166,-8.402464119987954e-4,-0.013577760561334857,0.011295058585250444
BHF,Unstructured,W02000179,167,-0.0011635787728552186,-0.014022111819079773,0.010871120293647592
BHF,Unstructured,W02000180,168,-5.646723664097939e-4,-0.013323014293156068,0.011777755255190913
BHF,Unstructured,W02000181,169,-5.781555588836657e-4,-0.013304041278410283,0.011722267806743819
BHF,Unstructured,W02000182,170,5.278551829897491e-4,-0.011746231790638675,0.013172432632950001
BHF,Unstructured,W02000183,171,-6.633273656441355e-4,-0.013365261175801514,0.011558097252578326
BHF,Unstructured,W02000184,172,4.171014092287723e-4,-0.011889586072552298,0.013016869470207438
BHF,Unstructured,W02000185,173,4.855390718494197e-4,-0.0117940074614077,0.013109722510444321
BHF,Unstructured,W02000186,174,-7.75033578267031e-4,-0.013493999336816939,0.01138922557697133
BHF,Unstructured,W02000188,175,4.4634886130623386e-4,-0.0118799747161987,0.013086616283356885
BHF,Unstructured,W02000189,176,0.001481598687053138,-0.010455619134344623,0.014454040642098152
BHF,Unstructured,W02000191,177,0.0019364865110745783,-0.01001445585144791,0.015269960423789775
BHF,Unstructured,W02000192,178,-0.0011163430398539996,-0.013950652079681065,0.010926010595520855
BHF,Unstructured,W02000193,179,-0.0010155873619778404,-0.01383019788184363,0.011077041773493689
BHF,Unstructured,W02000194,180,3.5373329708692587e-4,-0.01197508489188627,0.012934603797759202
BHF,Unstructured,W02000195,181,-9.885637579450644e-4,-0.013785783573228159,0.011119771353884034
BHF,Unstructured,W02000196,182,0.0014888996264166257,-0.010546460411723198,0.014602660084404317
BHF,Unstructured,W02000197,183,-6.436569285298378e-4,-0.013392802011231,0.011640985129901447
BHF,Unstructured,W02000198,184,0.0013373662175726196,-0.010705243860712154,0.014346607762441961
BHF,Unstructured,W02000200,185,2.82277143771048e-4,-0.012054601134219191,0.012815574002372147
BHF,Unstructured,W02000201,186,-0.001117309727500845,-0.013913156918162538,0.010894806945686855
BHF,Unstructured,W02000202,187,4.2025912076095904e-4,-0.011898393056241227,0.013037169807626899
BHF,Unstructured,W02000204,188,-6.065464230668746e-4,-0.013370271771671946,0.011712072135288586
BHF,Unstructured,W02000205,189,-8.491768279702235e-4,-0.013658184255911887,0.011345964673282815
BHF,Unstructured,W02000206,190,-9.715712322366939e-4,-0.013708686706256345,0.011069707889345201
BHF,Unstructured,W02000207,191,-9.028878665523684e-4,-0.01367689484726931,0.0112182837896071
BHF,Unstructured,W02000208,192,-9.976046411137522e-4,-0.013862989926211771,0.011147713849627434
BHF,Unstructured,W02000210,193,-6.339826941458826e-4,-0.013385382802166541,0.01164745757359652
BHF,Unstructured,W02000211,194,7.347103468696827e-4,-0.01148567970672514,0.013468542947455288
BHF,Unstructured,W02000212,195,4.67567823122798e-4,-0.011800925701453076,0.013056081197507393
BHF,Unstructured,W02000213,196,-8.460000783396823e-4,-0.013620000292766018,0.011311388762468426
BHF,Unstructured,W02000214,197,-7.474994712563947e-4,-0.013488100431120835,0.011440887123257335
BHF,Unstructured,W02000215,198,-6.72498717162467e-4,-0.013382225870257317,0.011538423116910968
BHF,Unstructured,W02000216,199,-7.838851515536022e-4,-0.01354053119176686,0.01140109637262811
BHF,Unstructured,W02000217,200,-0.001020560976836873,-0.013847045652332534,0.01107564622522402
BHF,Unstructured,W02000218,201,5.054020565098278e-4,-0.011761676328256535,0.013123815257141874
BHF,Unstructured,W02000219,202,-4.977946439797814e-4,-0.013167413540733829,0.01180611418891494
BHF,Unstructured,W02000220,203,-0.001016967076943254,-0.013895547628423554,0.011126586073098617
BHF,Unstructured,W02000221,204,-7.409543562813281e-4,-0.013524622561819605,0.011502042975324553
BHF,Unstructured,W02000222,205,4.924271322065871e-4,-0.011778534297816447,0.013104394388259487
BHF,Unstructured,W02000223,206,-0.0012691353530094286,-0.014135235247607595,0.010705589459159465
BHF,Unstructured,W02000224,207,-8.362974022928464e-4,-0.013629907923348906,0.011350944887008736
BHF,Unstructured,W02000225,208,0.001595952204138114,-0.010342583347497955,0.014654528372562408
BHF,Unstructured,W02000226,209,-0.001022752280562684,-0.013806086797412598,0.01103488733936862
BHF,Unstructured,W02000227,210,0.0014232090855495218,-0.010521414881636184,0.01435752172054633
BHF,Unstructured,W02000228,211,5.219124951013907e-4,-0.011778443230627047,0.013190813957516912
BHF,Unstructured,W02000229,212,1.9408512360960441e-4,-0.012154375913807157,0.01268310589351275
BHF,Unstructured,W02000230,213,0.001707063067887583,-0.010262384490478952,0.014887799889108962
BHF,Unstructured,W02000231,214,0.001890795926590887,-0.01002325044622739,0.015143528052875442
BHF,Unstructured,W02000232,215,-0.001145531994448731,-0.014035937894699289,0.010926098727551853
BHF,Unstructured,W02000233,216,-0.001005195014714487,-0.013838276498972455,0.011105452012153258
BHF,Unstructured,W02000234,217,-0.0010101955014751218,-0.01384141693557808,0.011101846623064857
BHF,Unstructured,W02000235,218,-7.253431622881007e-4,-0.013463757818184822,0.011488315882231979
BHF,Unstructured,W02000236,219,-0.0010144899408902701,-0.013813832879692654,0.011063417776798002
BHF,Unstructured,W02000237,220,0.001143949325127802,-0.010875436797712086,0.013958584529976104
BHF,Unstructured,W02000238,221,5.043431484531925e-5,-0.012356419118588681,0.01249297273564279
BHF,Unstructured,W02000239,222,-0.0015354209849499161,-0.01449780074750621,0.010366197508352076
BHF,Unstructured,W02000240,223,3.921064555294656e-5,-0.012402619991377827,0.012515017522075489
BHF,Unstructured,W02000241,224,-0.0011134400764628387,-0.013991555909271777,0.010973000243254493
BHF,Unstructured,W02000242,225,2.9403398143164507e-4,-0.01209131183320337,0.01289267779900927
BHF,Unstructured,W02000243,226,-2.3723630066392392e-4,-0.012694233541240333,0.012062549738312335
BHF,Unstructured,W02000244,227,-0.0014176496744967714,-0.014350669834784922,0.0105298921895298
BHF,Unstructured,W02000245,228,-4.6294524155758925e-5,-0.012488683276927988,0.012365817617946744
BHF,Unstructured,W02000246,229,-0.001069195739192939,-0.013959959189286605,0.011061358510060277
BHF,Unstructured,W02000247,230,-3.513890631223924e-7,-0.012391787355638033,0.012386496130677526
BHF,Unstructured,W02000248,231,-4.027274312821832e-4,-0.012916571115661168,0.011834002980901787
BHF,Unstructured,W02000249,232,0.002996829565363127,-0.008789161321694128,0.01690157188645455
BHF,Unstructured,W02000250,233,-0.0012154621976762762,-0.01414713536292278,0.010849384688673164
BHF,Unstructured,W02000251,234,0.002099484829660948,-0.009679067992985744,0.015329213634492092
BHF,Unstructured,W02000252,235,-7.414697657308121e-4,-0.013484296917121939,0.011472634459403582
BHF,Unstructured,W02000253,236,-5.848982182833507e-4,-0.013327404454332115,0.011732061590980069
BHF,Unstructured,W02000254,237,-7.229575942301635e-4,-0.013530909310453464,0.011559103624230526
BHF,Unstructured,W02000255,238,-7.282796913682083e-4,-0.013492848057450598,0.011512191380367687
BHF,Unstructured,W02000256,239,-4.95128673959771e-4,-0.013244336595309191,0.011890778252946266
BHF,Unstructured,W02000257,240,-7.152902606009325e-4,-0.013541748615500556,0.011589210327057717
BHF,Unstructured,W02000258,241,0.0015955219787962267,-0.010389971428637757,0.014712941141743315
BHF,Unstructured,W02000259,242,-8.313384176738906e-4,-0.013653989079233616,0.011389900337744905
BHF,Unstructured,W02000260,243,0.0019574710579349486,-0.010020340063949846,0.01534749094763631
BHF,Unstructured,W02000261,244,1.322755953641608e-4,-0.012222523511694752,0.012574452998209558
BHF,Unstructured,W02000262,245,-9.09758231420319e-4,-0.013702609753745707,0.011226801464269756
BHF,Unstructured,W02000263,246,-9.594504654818234e-4,-0.013820004249621598,0.011212714956390195
BHF,Unstructured,W02000264,247,2.13256797842486e-4,-0.01211694757016823,0.01269269176720576
BHF,Unstructured,W02000265,248,-5.084905285317717e-4,-0.01321117583565088,0.011821550253760986
BHF,Unstructured,W02000266,249,-5.084600708090593e-4,-0.013228416781151298,0.011840862958843946
BHF,Unstructured,W02000267,250,-3.8610476567130383e-4,-0.01310657546374528,0.012047285480965316
BHF,Unstructured,W02000268,251,4.8651127376165215e-4,-0.0118515222631677,0.01317390160481105
BHF,Unstructured,W02000269,252,-9.333602197777694e-4,-0.013752059161773487,0.011215769783651115
BHF,Unstructured,W02000270,253,-4.920913218952839e-4,-0.013262564566579522,0.011916834279672116
BHF,Unstructured,W02000271,254,4.181958843712521e-4,-0.011985644213731505,0.013126354532857093
BHF,Unstructured,W02000272,255,6.582169137303935e-4,-0.011643281575304601,0.013438174523532853
BHF,Unstructured,W02000273,256,-6.988590944126661e-4,-0.013530544549266887,0.011622842721470024
BHF,Unstructured,W02000274,257,0.0017284745132272231,-0.01020963364169064,0.014887102763998775
BHF,Unstructured,W02000275,258,-5.824503483765723e-4,-0.013354236809554528,0.011765085000334446
BHF,Unstructured,W02000276,259,6.317834584474566e-4,-0.011698894332840293,0.013427029173993335
BHF,Unstructured,W02000277,260,-6.863371499420058e-4,-0.01350041430541424,0.011628870052567965
BHF,Unstructured,W02000278,261,0.0017312290819852954,-0.010248798080765046,0.014952128815708454
BHF,Unstructured,W02000279,262,-9.141687052494209e-4,-0.013733726120096741,0.011253468971706492
BHF,Unstructured,W02000280,263,-7.037121485590988e-4,-0.013502795117408501,0.011584562147046559
BHF,Unstructured,W02000281,264,2.167353618606972e-4,-0.012147177491537934,0.012738581021845467
BHF,Unstructured,W02000282,265,5.406768153316686e-4,-0.011798722459806775,0.013274654063783834
BHF,Unstructured,W02000284,266,0.0016549729336333117,-0.010129818772692223,0.014571073065716396
BHF,Unstructured,W02000285,267,-4.145658216642258e-4,-0.012832414681575345,0.011725930332092408
BHF,Unstructured,W02000286,268,-0.0014744973171810884,-0.014375765854997516,0.010415453483303588
BHF,Unstructured,W02000287,269,0.0020961283403145856,-0.009643820339502788,0.01527549057376431
BHF,Unstructured,W02000288,270,0.0015952932726838597,-0.010108092458344419,0.014359690191306581
BHF,Unstructured,W02000289,271,0.002577677546220684,-0.008955901428684531,0.015800599316357487
BHF,Unstructured,W02000290,272,0.0017046951815620891,-0.010281306460182,0.014912341170139193
BHF,Unstructured,W02000291,273,-5.280292300754391e-4,-0.013287578440779341,0.011848004409141707
BHF,Unstructured,W02000292,274,-6.500062520243329e-4,-0.013415781052673584,0.011645237392481196
BHF,Unstructured,W02000293,275,-5.212548912538544e-4,-0.013304124196637668,0.011878805298790337
BHF,Unstructured,W02000294,276,2.7990677923829906e-4,-0.012045545813616098,0.012800510192737678
BHF,Unstructured,W02000295,277,-5.101002972402441e-4,-0.013244276444889387,0.011848863927247263
BHF,Unstructured,W02000296,278,5.648343601610591e-4,-0.011747355594956422,0.013284715466083143
BHF,Unstructured,W02000297,279,6.876620569079331e-4,-0.011635458515026335,0.013514064083794134
BHF,Unstructured,W02000298,280,-0.0010011187153804266,-0.013860972096700187,0.011139065618421774
BHF,Unstructured,W02000299,281,6.801545863987624e-4,-0.011592457773508499,0.013439710310831365
BHF,Unstructured,W02000300,282,-3.7973053906543877e-4,-0.013118243892400069,0.012076652068902727
BHF,Unstructured,W02000301,283,6.400889667043993e-4,-0.011627372812693054,0.013365666551532823
BHF,Unstructured,W02000302,284,3.572515476270645e-4,-0.011980208724112556,0.012951599632036001
BHF,Unstructured,W02000303,285,-7.809193354877921e-4,-0.01358014764326433,0.011451194581795887
BHF,Unstructured,W02000304,286,-5.95402515193483e-4,-0.013352027029093895,0.0117250138098546
BHF,Unstructured,W02000305,287,-5.491740298667728e-4,-0.013316518799432228,0.01180919351086526
BHF,Unstructured,W02000306,288,-8.818277380568596e-4,-0.013692526761985237,0.01129014874625552
BHF,Unstructured,W02000307,289,5.934689449776273e-4,-0.011720544431271811,0.013337328245331818
BHF,Unstructured,W02000308,290,-0.0010398462840245117,-0.013913197366155736,0.011088722164106484
BHF,Unstructured,W02000309,291,-7.13116392882569e-4,-0.013517799750274563,0.01157135812987128
BHF,Unstructured,W02000310,292,-0.00093186114534133605,-0.013781487576402428,0.01124470273186971
BHF,Unstructured,W02000311,293,8.943635206645714e-4,-0.01138868083939724,0.013830833556086128
BHF,Unstructured,W02000312,294,-7.789524037787532e-4,-0.013578923092445669,0.011456668615181454
BHF,Unstructured,W02000313,295,-5.812192043472711e-4,-0.013388438936566927,0.011798429646568588
BHF,Unstructured,W02000314,296,-2.978469733092793e-4,-0.012643549220962839,0.011841413254745043
BHF,Unstructured,W02000315,297,3.658135197176362e-4,-0.011937154691062222,0.012926568389020041
BHF,Unstructured,W02000316,298,-5.536327193294028e-4,-0.013070061105954732,0.011578297372099838
BHF,Unstructured,W02000317,299,-3.9059793022285866e-4,-0.01284214424585914,0.011787905471378191
BHF,Unstructured,W02000318,300,0.0010204070622751606,-0.010996059345635537,0.013741179276267893
BHF,Unstructured,W02000319,301,-3.475917924247864e-4,-0.012765720973674656,0.01182926344680601
BHF,Unstructured,W02000320,302,-6.178892673194276e-6,-0.012361075553940283,0.012339835116632194
BHF,Unstructured,W02000321,303,-0.0013925202735296084,-0.01424739032258857,0.010498190145499362
BHF,Unstructured,W02000322,304,-1.3604511991265728e-4,-0.012484886504479074,0.012108171588672799
BHF,Unstructured,W02000323,305,2.635754147190469e-4,-0.01212021002585918,0.012831262596859256
BHF,Unstructured,W02000324,306,-8.202217827483658e-4,-0.0135584073776143,0.011329787817983527
BHF,Unstructured,W02000325,307,5.159220149952382e-4,-0.011749987798511437,0.013142181606799775
BHF,Unstructured,W02000326,308,-8.025248310766583e-4,-0.013569031314890623,0.011383889126435634
BHF,Unstructured,W02000327,309,1.1281896234728804e-4,-0.012219236692002637,0.012514351523911785
BHF,Unstructured,W02000328,310,-0.0010799374575116525,-0.013948230598441913,0.01101150083528595
BHF,Unstructured,W02000329,311,-0.0011055708524615106,-0.013898610897247886,0.010907713360116077
BHF,Unstructured,W02000330,312,1.9131176066721866e-4,-0.012189940985449135,0.012701493138001617
BHF,Unstructured,W02000331,313,0.0013427020095929001,-0.010651920899790682,0.014274990168310315
BHF,Unstructured,W02000332,314,-0.0013390223919396245,-0.014186363271322989,0.010575156407811826
BHF,Unstructured,W02000333,315,0.001337060147504631,-0.010586094537879997,0.014177414496268892
BHF,Unstructured,W02000334,316,5.218697889302609e-4,-0.011767717939963576,0.013175931014232024
BHF,Unstructured,W02000335,317,-6.956401462940765e-4,-0.013417274187053395,0.011521629529884477
BHF,Unstructured,W02000336,318,-0.0014718428457577144,-0.014326013373483607,0.010375142648190745
BHF,Unstructured,W02000337,319,7.979328038210813e-4,-0.011229982372254558,0.01337641792992243
BHF,Unstructured,W02000338,320,1.0763439232586104e-4,-0.01218022913708603,0.012465365562453541
BHF,Unstructured,W02000339,321,-0.0013867990798765986,-0.01418428985928818,0.01045072696276215
BHF,Unstructured,W02000340,322,-7.028102269734227e-4,-0.013371988018898617,0.011462749468216514
BHF,Unstructured,W02000341,323,-0.0013770393494360847,-0.014133495126074173,0.010443426869194816
BHF,Unstructured,W02000342,324,0.0017840905202483712,-0.010116689134451885,0.0149365646675366
BHF,Unstructured,W02000343,325,-8.415382164720191e-4,-0.013540964343613656,0.011270126550940654
BHF,Unstructured,W02000344,326,0.001615644050267286,-0.010254263696738224,0.014602022010176699
BHF,Unstructured,W02000345,327,2.0300297067923283e-4,-0.012092459060706938,0.012646450507550032
BHF,Unstructured,W02000346,328,2.601669936063934e-4,-0.012017099280924304,0.012722902709786108
BHF,Unstructured,W02000347,329,0.0012019628861781582,-0.010773813522723141,0.0140086470393952
BHF,Unstructured,W02000348,330,-6.59962988817789e-4,-0.013423523355713146,0.011615561603877675
BHF,Unstructured,W02000349,331,-0.0011373714076023842,-0.013976611192909123,0.010889969189525728
BHF,Unstructured,W02000350,332,3.092050955893321e-4,-0.012069577336415822,0.012908180537987085
BHF,Unstructured,W02000351,333,-5.119461084523599e-4,-0.013252804422866707,0.01184468137123184
BHF,Unstructured,W02000352,334,-6.181722837628189e-4,-0.013366701452266202,0.011671224353554398
BHF,Unstructured,W02000353,335,-3.147854116065642e-4,-0.013024978346240671,0.012155542469182668
BHF,Unstructured,W02000354,336,-5.829862985729724e-4,-0.013326166580012235,0.011729568094691752
BHF,Unstructured,W02000355,337,-6.670115476186512e-4,-0.013434547919720609,0.011609239011585452
BHF,Unstructured,W02000356,338,7.709702908497405e-4,-0.011495795835637718,0.013590538370834356
BHF,Unstructured,W02000357,339,-7.21712589766813e-4,-0.013470495938252598,0.011495011168323235
BHF,Unstructured,W02000358,340,4.932181790287982e-4,-0.011830381661420654,0.01316184740108904
BHF,Unstructured,W02000359,341,-7.151003201245769e-4,-0.013478608254493466,0.011520933360287831
BHF,Unstructured,W02000360,342,-4.287229151231042e-5,-0.012471668448525009,0.012341022711389772
BHF,Unstructured,W02000361,343,-4.304183446592905e-4,-0.013097943822212793,0.011918946442483052
BHF,Unstructured,W02000362,344,-6.978253789425827e-4,-0.013515708497363664,0.011602960358192495
BHF,Unstructured,W02000363,345,-0.001072470047854118,-0.013891790233784455,0.010978587643670611
BHF,Unstructured,W02000364,346,-0.001113328036952624,-0.014019994230571698,0.010983488451579357
BHF,Unstructured,W02000365,347,5.464262772141988e-4,-0.011773271413800657,0.013253701612325447
BHF,Unstructured,W02000366,348,-8.93653822655187e-4,-0.013719510697044291,0.011283541374036993
BHF,Unstructured,W02000367,349,-9.525281870539175e-4,-0.013855653397396413,0.011263375187085159
BHF,Unstructured,W02000368,350,0.001373304106338317,-0.010674628900128456,0.014407871820556181
BHF,Unstructured,W02000369,351,-0.0011009634234012168,-0.013991036323007973,0.011003935438334276
BHF,Unstructured,W02000370,352,0.0019207445433594085,-0.010065969461845568,0.015296792521019637
BHF,Unstructured,W02000371,353,6.447269186071905e-5,-0.012386491350012404,0.012568600981143171
BHF,Unstructured,W02000372,354,0.0038749699041862443,-0.007785006530146664,0.018190144122999793
BHF,Unstructured,W02000373,355,8.846888822247747e-4,-0.011242666048829893,0.013651781574585983
BHF,Unstructured,W02000374,356,0.00162458507652103,-0.010391019494292521,0.014813373205022705
BHF,Unstructured,W02000375,357,0.0017918960163460622,-0.010232161658014844,0.015122669406996261
BHF,Unstructured,W02000376,358,-8.71874469347416e-5,-0.012527459673592208,0.012300192963854246
BHF,Unstructured,W02000377,359,-0.0010711761720235632,-0.013992623378724993,0.011086048142178217
BHF,Unstructured,W02000378,360,2.519993888017155e-4,-0.01217651567301974,0.012866283900967819
BHF,Unstructured,W02000379,361,0.0015002101273015843,-0.010552278909521956,0.014643739149910767
BHF,Unstructured,W02000380,362,-0.0010558994918963543,-0.01397555932687059,0.01110977589837508
BHF,Unstructured,W02000381,363,0.002681249857512889,-0.009130652391397787,0.01639918021643264
BHF,Unstructured,W02000382,364,0.0011578412564119706,-0.010954444494540527,0.014111321379008642
BHF,Unstructured,W02000383,365,-0.0010509011680789918,-0.013987808721910504,0.011130627129792252
BHF,Unstructured,W02000384,366,-9.210522535154645e-4,-0.013787300528583409,0.011283852250095944
BHF,Unstructured,W02000385,367,2.09880941971328e-4,-0.012230745792231252,0.01280591242218326
BHF,Unstructured,W02000386,368,-1.8101263230503814e-4,-0.012718349238588922,0.012228834032902787
BHF,Unstructured,W02000387,369,-0.0014567841746426907,-0.014481867610983214,0.010539730917648782
BHF,Unstructured,W02000388,370,3.403274604274006e-5,-0.012426624672213494,0.012531664806090624
BHF,Unstructured,W02000389,371,-0.001137715490602048,-0.014071275653245712,0.010987570958640567
BHF,Unstructured,W02000390,372,-0.0011386961297947112,-0.014060038053774343,0.010971891516902813
BHF,Unstructured,W02000391,373,-8.501593472288435e-4,-0.013743655566065629,0.011427387688266556
BHF,Unstructured,W02000392,374,0.0016044101431088769,-0.010404245036175593,0.01477103946665187
BHF,Unstructured,W02000393,375,-2.5156965734871706e-4,-0.012796627473100428,0.012124004531966057
BHF,Unstructured,W02000394,376,-0.0012407942558667474,-0.014257627388285421,0.010884655017918209
BHF,Unstructured,W02000395,377,4.718338379959996e-4,-0.011902588998140734,0.013195436228153152
BHF,Unstructured,W02000396,378,2.792953861490205e-4,-0.012148656924675908,0.012913880435789303
BHF,Unstructured,W02000397,379,-1.7846354721376566e-4,-0.012666093152278176,0.012202014428956675
BHF,Unstructured,W02000398,380,4.433670904431994e-5,-0.012410577210878702,0.012541809887216147
BHF,Unstructured,W02000399,381,0.001419850060568264,-0.01062099739672328,0.01448285069448595
BHF,Unstructured,W02000400,382,0.0012554309593820739,-0.010823495938116509,0.014241226206589033
BHF,Unstructured,W02000401,383,0.0017949509331912257,-0.010114243956727964,0.01499488897320871
BHF,Unstructured,W02000402,384,-0.0013267359007903938,-0.014326395710892297,0.010735380888138017
BHF,Unstructured,W02000403,385,-0.0010437244949282462,-0.013952194620786187,0.0111223418835928
BHF,Unstructured,W02000404,386,0.0010838258426165075,-0.011042343075008678,0.01399993338213492
BHF,Unstructured,W02000405,387,0.0012412276664678585,-0.010812585408214826,0.014186768549185465
BHF,Unstructured,W02000406,388,0.0010722393143840984,-0.011071921213993448,0.014012240841532348
BHF,Unstructured,W02000407,389,-8.028645115667787e-4,-0.013650968945343886,0.011467829317486931
BHF,Unstructured,W02000408,390,2.1843717865181292e-4,-0.012208359753574077,0.01281491446446998
BHF,Unstructured,W02000409,391,0.0011405756464035253,-0.01096633067325049,0.014072888671250283
BHF,Unstructured,W02000410,392,0.0022922411085458346,-0.009571006008238236,0.015800054333943617
BHF,Unstructured,W02000411,393,1.5807523725875283e-4,-0.012281614536423758,0.01271959271629964
BHF,Unstructured,W02000412,394,-2.1673808445214277e-4,-0.01275549554008352,0.01219129606326436
BHF,Unstructured,W02000414,395,8.282957473244888e-4,-0.011090679402776804,0.013312880276302935
BHF,Unstructured,W02000415,396,0.0013223852197873475,-0.010452046934364296,0.013986950973190157
BHF,Unstructured,W02000416,397,-2.4637286186165883e-4,-0.012468746086582968,0.01180907039979559
BHF,Unstructured,W02000417,398,-0.0012406481527046577,-0.014066960465601342,0.010720752954891536
BHF,Unstructured,W02000418,399,2.6956390008105283e-4,-0.012027231379954656,0.012760276987200022
BHF,Unstructured,W02000419,400,-8.10182562149688e-4,-0.013610830998109703,0.011400921138511808
BHF,Unstructured,W02000421,401,8.457510140453679e-4,-0.011158143969805278,0.01344833742387038
BHF,Unstructured,W02000422,402,0.0028520420575518014,-0.008950428811969599,0.016681876286612884
BHF,Unstructured,W02000423,403,-9.51046313278578e-5,-0.01261899043903957,0.012377302663547645
BHF,Unstructured,W02000424,404,2.3516463705177152e-4,-0.01215034831602933,0.012790702156617494
BHF,Unstructured,W02000425,405,0.003244416855560143,-0.008534872107493572,0.017317274514126135
BHF,Unstructured,W02000426,406,-7.320964782597844e-4,-0.013549649437049732,0.011553635264743338
BHF,Unstructured,W02000427,407,-0.001534749695320342,-0.01447684263892039,0.01034004330562719
BHF,Unstructured,W02000428,408,-5.395467480273971e-4,-0.01324093759373949,0.011774222404871922
