area_id,time_id,msoa_name,inla,direct_estimate,variance,adj_variance,n,summer,diff
W02000001,2025,Isle of Anglesey 001,0.03382322737808816,0,0,0.07479202193890655,22,0.03394313485462312,-1.1990747653495976e-4
W02000002,2025,Isle of Anglesey 002,0.029565887146807038,0,0,0.07479202193890655,26,0.029705417457931805,-1.3953031112476713e-4
W02000003,2025,Isle of Anglesey 003,0.05640278241267811,0.1576977619503072,0.014828888034497414,0.014828888034497414,24,0.05415011927165828,0.0022526631410198297
W02000004,2025,Isle of Anglesey 004,0.037598833709355926,0.03565226194151003,0.0012799981057346975,0.0012799981057346975,24,0.036423482211589454,0.001175351497766472
W02000005,2025,Isle of Anglesey 005,0.029301362820896595,0,0,0.07479202193890655,20,0.030035024277214353,-7.336614563177579e-4
W02000006,2025,Isle of Anglesey 006,0.03678693414789657,0.01865654196428784,3.559421509882273e-4,3.559421509882273e-4,28,0.03670699985269529,7.993429520127687e-5
W02000007,2025,Isle of Anglesey 007,0.03872614675445931,0.10934196997178637,0.006200308799752165,0.006200308799752165,25,0.03837508574555585,3.5106100890346104e-4
W02000008,2025,Isle of Anglesey 008,0.03214373287123103,0,0,0.07479202193890655,18,0.03128785610895196,8.558767622790717e-4
W02000009,2025,Isle of Anglesey 009,0.032437772450042465,0.04679943133444532,0.002108172756307532,0.002108172756307532,27,0.03398629267261602,-0.0015485202225735545
W02000010,2025,Gwynedd 001,0.05239403341325852,0,0,0.07479202193890655,14,0.052460894288337834,-6.686087507931648e-5
W02000011,2025,Gwynedd 002,0.0350006129852404,0,0,0.07479202193890655,17,0.03571003636228365,-7.094233770432515e-4
W02000012,2025,Gwynedd 003,0.034411573948945604,0.09898799288222276,0.008692141739675599,0.008692141739675599,15,0.034465561506785855,-5.3987557840251554e-5
W02000013,2025,Gwynedd 004,0.03242727339905524,0,0,0.07479202193890655,8,0.0325703436055845,-1.4307020652926106e-4
W02000014,2025,Gwynedd 005,0.03246714038650236,0,0,0.07479202193890655,17,0.03233950914351234,1.2763124299002004e-4
W02000015,2025,Gwynedd 006,0.035129545659661046,0,0,0.07479202193890655,8,0.035980500352688766,-8.509546930277195e-4
W02000016,2025,Gwynedd 007,0.03203710860575145,0,0,0.07479202193890655,15,0.03169813934697337,3.3896925877808376e-4
W02000017,2025,Gwynedd 008,0.03381402727634298,0.12546370357599285,0.01319176345691421,0.01319176345691421,18,0.032877177885923654,9.368493904193254e-4
W02000018,2025,Gwynedd 009,0.03449347775031146,0.011321691227063543,1.336310862612681e-4,1.336310862612681e-4,25,0.03474927312587761,-2.5579537556615073e-4
W02000019,2025,Gwynedd 010,0.03069246515416928,0,0,0.07479202193890655,21,0.029633512678796527,0.0010589524753727535
W02000020,2025,Gwynedd 011,0.03130896855406867,0.04945886707352073,0.002439268907721697,0.002439268907721697,19,0.03171575372742345,-4.0678517335477477e-4
W02000021,2025,Gwynedd 012,0.035049949758559205,0.09203686089221455,0.00778271172557986,0.00778271172557986,16,0.03642654465019452,-0.001376594891635316
W02000022,2025,Gwynedd 013,0.02953427276135665,0,0,0.07479202193890655,21,0.02927558600420809,2.5868675714856015e-4
W02000023,2025,Gwynedd 014,0.033094344894717694,0,0,0.07479202193890655,10,0.032784873996880605,3.094708978370886e-4
W02000024,2025,Gwynedd 015,0.0333556979517507,0,0,0.07479202193890655,10,0.033084508979680224,2.7118897207047826e-4
W02000025,2025,Gwynedd 016,0.03268894357459603,0,0,0.07479202193890655,13,0.03311265624048032,-4.2371266588429185e-4
W02000026,2025,Gwynedd 017,0.030703884815226307,0,0,0.07479202193890655,14,0.030809129905219973,-1.0524508999366564e-4
W02000027,2025,Conwy 001,0.030941972141732776,0,0,0.07479202193890655,14,0.032327154757933275,-0.001385182616200499
W02000028,2025,Conwy 002,0.02925327031561798,0,0,0.07479202193890655,20,0.029931668457562125,-6.783981419441441e-4
W02000029,2025,Conwy 003,0.0265525133457321,0,0,0.07479202193890655,16,0.02634619750142922,2.0631584430287966e-4
W02000030,2025,Conwy 004,0.026807588039326393,0,0,0.07479202193890655,16,0.026788037780888934,1.9550258437459056e-5
W02000031,2025,Conwy 005,0.03131278423163712,0,0,0.07479202193890655,14,0.03147221264400792,-1.5942841237080035e-4
W02000032,2025,Conwy 006,0.027394059605566456,0,0,0.07479202193890655,13,0.02779358468358006,-3.995250780136038e-4
W02000033,2025,Conwy 007,0.03467288396421919,0,0,0.07479202193890655,23,0.03407940430762571,5.934796565934819e-4
W02000034,2025,Conwy 008,0.031045057433962846,0,0,0.07479202193890655,17,0.03114535480855568,-1.0029737459283511e-4
W02000035,2025,Conwy 009,0.032267571898804685,0,0,0.07479202193890655,20,0.0325831929870761,-3.1562108827141305e-4
W02000036,2025,Conwy 010,0.0306804050940228,0.016406394802594895,2.750716332131954e-4,2.750716332131954e-4,25,0.031439436425756744,-7.590313317339427e-4
W02000037,2025,Conwy 011,0.03206412204677162,0,0,0.07479202193890655,13,0.032692809461342724,-6.286874145711024e-4
W02000038,2025,Conwy 012,0.030238549884026345,0,0,0.07479202193890655,20,0.029793970067261658,4.4457981676468764e-4
W02000039,2025,Conwy 013,0.03123827009758223,0,0,0.07479202193890655,16,0.03163413572901628,-3.958656314340496e-4
W02000040,2025,Conwy 014,0.030663525484920406,0,0,0.07479202193890655,10,0.03142284305972331,-7.593175748029021e-4
W02000041,2025,Conwy 015,0.030732775233108862,0,0,0.07479202193890655,14,0.03076865034904115,-3.587511593228926e-5
W02000042,2025,Denbighshire 001,0.034618366625836935,0.011409903941683026,1.366089420114274e-4,1.366089420114274e-4,21,0.03467072051425497,-5.2353888418031624e-5
W02000043,2025,Denbighshire 002,0.037115198551001906,0.05590147431791979,0.0030717987100213,0.0030717987100213,16,0.03735886946946978,-2.436709184678726e-4
W02000044,2025,Denbighshire 003,0.033512214032619475,0.28778703958949137,0.04685027116122833,0.04685027116122833,15,0.03372542397317666,-2.1320994055718662e-4
W02000045,2025,Denbighshire 004,0.03851026166460788,0,0,0.07479202193890655,15,0.039926582555951363,-0.0014163208913434838
W02000047,2025,Denbighshire 006,0.040595899184262964,0,0,0.07479202193890655,16,0.04094310263126453,-3.47203447001565e-4
W02000049,2025,Denbighshire 008,0.03528765405939195,0.13333559387388905,0.01517872795562004,0.01517872795562004,14,0.036072485100062016,-7.848310406700643e-4
W02000050,2025,Denbighshire 009,0.032785452295182586,0,0,0.07479202193890655,16,0.03209674117115775,6.887111240248336e-4
W02000051,2025,Denbighshire 010,0.03272544781174369,0.015601567958698652,2.51871857794326e-4,2.51871857794326e-4,21,0.033085764448171816,-3.603166364281249e-4
W02000052,2025,Denbighshire 011,0.03896716967128641,0.07132945149011996,0.004933998248317695,0.004933998248317695,13,0.0390454584609547,-7.828878966829184e-5
W02000053,2025,Denbighshire 012,0.033369360303600624,0.13524819564683765,0.01491187366615745,0.01491187366615745,16,0.034419235280421255,-0.0010498749768206306
W02000054,2025,Denbighshire 013,0.03391276465887332,0.2025524872712724,0.02347122506149622,0.02347122506149622,17,0.03431538675473781,-4.0262209586448827e-4
W02000055,2025,Denbighshire 014,0.03890941280446675,0.22268672778021087,0.021899706850857414,0.021899706850857414,19,0.03968362650652618,-7.742137020594342e-4
W02000056,2025,Denbighshire 015,0.03394659677040489,0.19736863784948616,0.027886389918139187,0.027886389918139187,14,0.03490147840505345,-9.548816346485606e-4
W02000057,2025,Denbighshire 016,0.033045014218167336,0,0,0.07479202193890655,11,0.03313543264733784,-9.041842917050652e-5
W02000058,2025,Flintshire 001,0.036810253298667786,0.10555151079286637,0.005312599386606862,0.005312599386606862,20,0.03553372722560779,0.0012765260730599956
W02000059,2025,Flintshire 002,0.03419783511465997,0,0,0.07479202193890655,16,0.03491706450755422,-7.192293928942467e-4
W02000060,2025,Flintshire 003,0.03710759003672187,0,0,0.07479202193890655,15,0.03708044040532871,2.7149631393164064e-5
W02000061,2025,Flintshire 004,0.042253504962531614,0.04318272234312543,0.0018739412179948972,0.0018739412179948972,18,0.04189523934594694,3.5826561658467565e-4
W02000062,2025,Flintshire 005,0.03447662148869423,0,0,0.07479202193890655,14,0.03404333909235856,4.332823963356727e-4
W02000063,2025,Flintshire 006,0.03162701986291685,0,0,0.07479202193890655,13,0.03142841634793111,1.9860351498574014e-4
W02000064,2025,Flintshire 007,0.04025192173610923,0,0,0.07479202193890655,17,0.04032999305576712,-7.807131965788944e-5
W02000065,2025,Flintshire 008,0.038792911638528514,0.202974468907828,0.029315689280194582,0.029315689280194582,11,0.03877650430908265,1.6407329445862484e-5
W02000066,2025,Flintshire 009,0.03973629356719333,0,0,0.07479202193890655,16,0.04095218444869366,-0.0012158908815003283
W02000067,2025,Flintshire 010,0.034771892236714654,0,0,0.07479202193890655,16,0.034164846678314556,6.070455584000975e-4
W02000068,2025,Flintshire 011,0.042238592600763375,0.3107597068175071,0.03653694367958951,0.03653694367958951,11,0.04106258811437845,0.0011760044863849267
W02000069,2025,Flintshire 012,0.03347071186922408,0,0,0.07479202193890655,19,0.03264206739928127,8.286444699428103e-4
W02000070,2025,Flintshire 013,0.03552339288589223,0.2573864883803145,0.04217257592665104,0.04217257592665104,11,0.03488966645417985,6.337264317123753e-4
W02000071,2025,Flintshire 014,0.03403783142266723,0.019366670161967994,3.9417229861804715e-4,3.9417229861804715e-4,20,0.03347936069126703,5.584707314002027e-4
W02000072,2025,Flintshire 015,0.03878540472161773,0,0,0.07479202193890655,18,0.03842301118930209,3.6239353231564547e-4
W02000073,2025,Flintshire 016,0.03512191141435125,0,0,0.07479202193890655,16,0.03525909084626063,-1.3717943190937748e-4
W02000074,2025,Flintshire 017,0.03565444748664752,0,0,0.07479202193890655,21,0.03530548734096413,3.489601456833913e-4
W02000075,2025,Flintshire 018,0.03468299471577227,0,0,0.07479202193890655,13,0.034699858857644525,-1.6864141872255378e-5
W02000076,2025,Flintshire 019,0.03406026661004326,0,0,0.07479202193890655,10,0.03288552580735717,0.0011747408026860848
W02000077,2025,Flintshire 020,0.035136053128860895,0,0,0.07479202193890655,9,0.03417891634635304,9.571367825078544e-4
W02000080,2025,Wrexham 003,0.03784282984610146,0,0,0.07479202193890655,13,0.03874331420413387,-9.004843580324093e-4
W02000081,2025,Wrexham 004,0.03767072063560442,0,0,0.07479202193890655,17,0.03772650179025929,-5.5781154654870047e-5
W02000082,2025,Wrexham 005,0.0410888150718172,0.03177502374487386,0.0010432901915048702,0.0010432901915048702,16,0.039906074195753406,0.0011827408760637925
W02000083,2025,Wrexham 006,0.03879805104444678,0,0,0.07479202193890655,8,0.03815899433784975,6.390567065970298e-4
W02000085,2025,Wrexham 008,0.03711388691391959,0,0,0.07479202193890655,9,0.03668190250037043,4.319844135491635e-4
W02000087,2025,Wrexham 010,0.056577858739806926,0.18571582270235554,0.016195961556974878,0.016195961556974878,14,0.0559815246150743,5.96334124732624e-4
W02000088,2025,Wrexham 011,0.044160938646026195,0,0,0.07479202193890655,10,0.04357594302930564,5.849956167205544e-4
W02000089,2025,Wrexham 012,0.05111961876940469,0,0,0.07479202193890655,8,0.05092587362903444,1.9374514037025226e-4
W02000090,2025,Wrexham 013,0.03676639901727629,0,0,0.07479202193890655,14,0.037084124917692085,-3.1772590041579535e-4
W02000091,2025,Wrexham 014,0.038122235315409266,0.20395852952915317,0.03016063295451389,0.03016063295451389,13,0.03731028419249652,8.119511229127477e-4
W02000092,2025,Wrexham 015,0.039382040991139455,0,0,0.07479202193890655,8,0.03902592446143284,3.5611652970661545e-4
W02000093,2025,Wrexham 016,0.03753001369445834,0.03134304309810053,0.00103385242345525,0.00103385242345525,13,0.03769491981440719,-1.6490611994884885e-4
W02000094,2025,Wrexham 017,0.038833458730143364,0,0,0.07479202193890655,10,0.03831985915507967,5.135995750636946e-4
W02000095,2025,Wrexham 018,0.03324472759720887,0,0,0.07479202193890655,15,0.033416516798051195,-1.7178920084232746e-4
W02000096,2025,Wrexham 019,0.037004565330596546,0.3287667418960497,0.035616101470749215,0.035616101470749215,13,0.03703749464833712,-3.292931774057095e-5
W02000097,2025,Powys 001,0.03237542586799267,0,0,0.07479202193890655,25,0.031904545799759855,4.7088006823281514e-4
W02000098,2025,Powys 002,0.03126319028642117,0,0,0.07479202193890655,22,0.032172762166346784,-9.095718799256164e-4
W02000099,2025,Powys 003,0.034872663722017715,0,0,0.07479202193890655,31,0.03517505093038962,-3.0238720837190425e-4
W02000100,2025,Powys 004,0.035557616668249484,0.0446688492451941,0.0011391684343799407,0.0011391684343799407,25,0.035935574380274456,-3.779577120249719e-4
W02000101,2025,Powys 005,0.030598988183750765,0,0,0.07479202193890655,26,0.03216264041900581,-0.0015636522352550433
W02000102,2025,Powys 006,0.03387901730795937,0.031084520573306365,9.886640793069067e-4,9.886640793069067e-4,22,0.03401745896390165,-1.384416559422827e-4
W02000103,2025,Powys 007,0.0347161879971273,0.05424423383190538,0.0015753405425751434,0.0015753405425751434,36,0.03378724619403123,9.289418030960714e-4
W02000104,2025,Powys 008,0.03682647622209288,0,0,0.07479202193890655,34,0.03721481215607372,-3.8833593398084065e-4
W02000105,2025,Powys 009,0.043879625549033956,0.05788192243470435,0.0031025955481103593,0.0031025955481103593,34,0.04270279897461665,0.0011768265744173043
W02000106,2025,Powys 010,0.0355863451229805,0.03345615687114829,5.712377411321819e-4,5.712377411321819e-4,37,0.03475948635480754,8.268587681729625e-4
W02000107,2025,Powys 011,0.035979749807179016,0.080041217984629,0.0029660134487555613,0.0029660134487555613,34,0.03539934612734178,5.804036798372353e-4
W02000108,2025,Powys 012,0.03410914638123581,0.056846619024819356,0.0030152513030957773,0.0030152513030957773,31,0.03356171954577508,5.474268354607251e-4
W02000109,2025,Powys 013,0.042523539986926706,0.13599677777762986,0.00614520253132327,0.00614520253132327,35,0.04085602978285682,0.001667510204069883
W02000110,2025,Powys 014,0.036164665459809654,0.029088940230775864,8.445384922974376e-4,8.445384922974376e-4,30,0.035684168487713296,4.8049697209635867e-4
W02000111,2025,Powys 015,0.033925413444463405,0.03669401334704078,0.0013031888409529046,0.0013031888409529046,40,0.0333528165565109,5.725968879525048e-4
W02000113,2025,Powys 017,0.042207553999292505,0.0626057808821755,0.00196127293296178,0.00196127293296178,36,0.04131972667397573,8.878273253167743e-4
W02000114,2025,Powys 018,0.03202235188261914,0.02899635970913261,8.255058876793846e-4,8.255058876793846e-4,34,0.03214639344516207,-1.2404156254292725e-4
W02000116,2025,Ceredigion 001,0.03415848532907656,0,0,0.07479202193890655,28,0.03350678486720038,6.517004618761812e-4
W02000117,2025,Ceredigion 002,0.06380441388744183,0.029861764954578433,8.77573821021147e-4,8.77573821021147e-4,33,0.0621706198827259,0.00163379400471593
W02000118,2025,Ceredigion 003,0.04654972176462375,0.01994216310294762,4.0942102127646023e-4,4.0942102127646023e-4,23,0.04548244037945737,0.0010672813851663812
W02000120,2025,Ceredigion 005,0.03620734727900846,0.04072394979529784,0.0016122134420982997,0.0016122134420982997,31,0.03600438955972571,2.0295771928275502e-4
W02000122,2025,Ceredigion 007,0.037621713804992025,0.07321110912365389,0.0017993028480663897,0.0017993028480663897,36,0.037347716377661495,2.739974273305301e-4
W02000123,2025,Ceredigion 008,0.03983671734268696,0.0436665538210929,0.001191101649431256,0.001191101649431256,21,0.039141583567596304,6.951337750906589e-4
W02000124,2025,Ceredigion 009,0.037348030200006606,0,0,0.07479202193890655,27,0.03630190883006785,0.0010461213699387573
W02000125,2025,Ceredigion 010,0.03487512791638749,0.011724876619354988,1.3964781827584735e-4,1.3964781827584735e-4,37,0.03469495699522522,1.801709211622718e-4
W02000126,2025,Pembrokeshire 001,0.03853963910125397,0.06796726379345756,0.004343709877005913,0.004343709877005913,18,0.037577420074891205,9.622190263627664e-4
W02000127,2025,Pembrokeshire 002,0.03783055346532053,0,0,0.07479202193890655,14,0.037558330616931826,2.722228483887021e-4
W02000128,2025,Pembrokeshire 003,0.03904167743414363,0,0,0.07479202193890655,14,0.037087809922034164,0.001953867512109464
W02000129,2025,Pembrokeshire 004,0.040273776873379644,0.25399211810864486,0.027900550089231764,0.027900550089231764,16,0.04008587820578662,1.8789866759302137e-4
W02000130,2025,Pembrokeshire 005,0.053764668248140884,0.0981238857956411,0.004815320179741089,0.004815320179741089,16,0.05401328032148507,-2.486120733441871e-4
W02000131,2025,Pembrokeshire 006,0.042379366009800655,0,0,0.07479202193890655,13,0.042429779268670156,-5.0413258869501376e-5
W02000132,2025,Pembrokeshire 007,0.03828906803891159,0,0,0.07479202193890655,10,0.036481753532252685,0.0018073145066589066
W02000133,2025,Pembrokeshire 008,0.04431773873493347,0.2724134013050462,0.01967425000089351,0.01967425000089351,14,0.043639177618373756,6.785611165597144e-4
W02000134,2025,Pembrokeshire 009,0.04254885963076931,0.04305623597406316,0.0018247140711127338,0.0018247140711127338,19,0.04149446899035664,0.0010543906404126765
W02000135,2025,Pembrokeshire 010,0.04560388908618369,0,0,0.07479202193890655,16,0.04499598873524995,6.07900350933735e-4
W02000136,2025,Pembrokeshire 011,0.036502548598632355,0.03483827032711878,6.446620506612663e-4,6.446620506612663e-4,24,0.036035546982688384,4.6700161594397105e-4
W02000137,2025,Pembrokeshire 012,0.04852982013172938,0.05836942389591046,0.0033639876188835834,0.0033639876188835834,13,0.047740696992825765,7.891231389036135e-4
W02000138,2025,Pembrokeshire 013,0.0410094905048831,0,0,0.07479202193890655,13,0.04127184493136901,-2.6235442648590845e-4
W02000139,2025,Pembrokeshire 014,0.035658293952963174,0.040022436740227076,0.001605156898299298,0.001605156898299298,20,0.03514109373066308,5.172002223000974e-4
W02000140,2025,Pembrokeshire 015,0.03987357778486422,0,0,0.07479202193890655,14,0.03899318041329777,8.803973715664493e-4
W02000141,2025,Pembrokeshire 016,0.0372597791552814,0,0,0.07479202193890655,16,0.03575089016606573,0.0015088889892156676
W02000142,2025,Carmarthenshire 001,0.03791313351684334,0.08133704743903515,0.006478293857657653,0.006478293857657653,9,0.037915284801948654,-2.1512851053132054e-6
W02000143,2025,Carmarthenshire 002,0.03557496717401507,0,0,0.07479202193890655,7,0.03510821742567612,4.667497483389488e-4
W02000144,2025,Carmarthenshire 003,0.03528135653175045,0,0,0.07479202193890655,18,0.03537873539309349,-9.737886134304069e-5
W02000145,2025,Carmarthenshire 004,0.03400969286202185,0,0,0.07479202193890655,15,0.03301181404547858,9.978788165432712e-4
W02000146,2025,Carmarthenshire 005,0.03520590821296253,0,0,0.07479202193890655,10,0.035083369085960214,1.2253912700231628e-4
W02000147,2025,Carmarthenshire 006,0.04242962791715886,0.04374435846709626,0.0019387817950039681,0.0019387817950039681,12,0.0416562036096689,7.734243074899588e-4
W02000148,2025,Carmarthenshire 007,0.04646526103771829,0.08663419520279785,0.007103991415215202,0.007103991415215202,11,0.04484224756413746,0.0016230134735808269
W02000149,2025,Carmarthenshire 008,0.03914334411677408,0,0,0.07479202193890655,15,0.03925700472973428,-1.1366061296019803e-4
W02000151,2025,Carmarthenshire 010,0.03804379109210231,0,0,0.07479202193890655,12,0.03791737861056355,1.264124815387596e-4
W02000152,2025,Carmarthenshire 011,0.03590976512738731,0.08807098372747282,0.007383519926911046,0.007383519926911046,11,0.037180743723971225,-0.0012709785965839132
W02000153,2025,Carmarthenshire 012,0.03668804200245627,0,0,0.07479202193890655,11,0.03549088022235714,0.0011971617800991263
W02000154,2025,Carmarthenshire 013,0.04002392224236555,0.033453812880093116,0.0011583450866985581,0.0011583450866985581,13,0.03979162066700869,2.3230157535685664e-4
W02000156,2025,Carmarthenshire 015,0.03915807627099102,0,0,0.07479202193890655,7,0.037400232774257955,0.0017578434967330664
W02000157,2025,Carmarthenshire 016,0.03785156838690092,0,0,0.07479202193890655,10,0.03686780605598856,9.83762330912366e-4
W02000158,2025,Carmarthenshire 017,0.03847836025447782,0.11995782437877213,0.012986315187627282,0.012986315187627282,10,0.03950809018607283,-0.0010297299315950165
W02000159,2025,Carmarthenshire 018,0.0399357369290148,0.11541527583403557,0.01228904418486651,0.01228904418486651,9,0.03993664948559128,-9.125565764780963e-7
W02000160,2025,Carmarthenshire 019,0.03690981925411778,0,0,0.07479202193890655,6,0.036757425121038106,1.5239413307967242e-4
W02000161,2025,Carmarthenshire 020,0.04052641036542866,0,0,0.07479202193890655,8,0.04010716446377155,4.1924590165710873e-4
W02000162,2025,Carmarthenshire 021,0.03813393282904295,0,0,0.07479202193890655,5,0.037567337543224964,5.665952858179835e-4
W02000163,2025,Carmarthenshire 022,0.044238138749773684,0.04995194940408503,0.002560761373894398,0.002560761373894398,12,0.04254976750700684,0.0016883712427668424
W02000164,2025,Carmarthenshire 023,0.038963615369844,0,0,0.07479202193890655,21,0.03829272444224853,6.70890927595473e-4
W02000165,2025,Carmarthenshire 024,0.04441451859426695,0,0,0.07479202193890655,5,0.04316100470248729,0.0012535138917796548
W02000166,2025,Carmarthenshire 025,0.045075277549864005,0.10945117253822854,0.010986221017845561,0.010986221017845561,11,0.04343747663255093,0.0016378009173130745
W02000167,2025,Carmarthenshire 026,0.048787366754919126,0.07520499352405367,0.005447086941015859,0.005447086941015859,10,0.04758776566879804,0.001199601086121084
W02000168,2025,Swansea 001,0.03906141873994217,0.02275544785005516,5.475670003816087e-4,5.475670003816087e-4,17,0.04063924218404863,-0.001577823444106459
W02000169,2025,Swansea 002,0.04108564804886132,0.17491384248555408,0.009607214661755466,0.009607214661755466,17,0.042682086793052236,-0.0015964387441909159
W02000170,2025,Swansea 003,0.037412427152067475,0.025451602102028847,6.892009555309017e-4,6.892009555309017e-4,14,0.03903964112453602,-0.0016272139724685455
W02000171,2025,Swansea 004,0.03663127161598949,0,0,0.07479202193890655,5,0.03651881019485352,1.1246142113596758e-4
W02000172,2025,Swansea 005,0.0379432043970545,0,0,0.07479202193890655,7,0.03691449128830411,0.0010287131087503912
W02000173,2025,Swansea 006,0.04011697448103424,0.13584555172983476,0.016461669568469697,0.016461669568469697,7,0.04155476862899183,-0.0014377941479575898
W02000174,2025,Swansea 007,0.03393669405759244,0,0,0.07479202193890655,10,0.03482981558062331,-8.931215230308723e-4
W02000175,2025,Swansea 008,0.03803950452362988,0,0,0.07479202193890655,6,0.040402638522165316,-0.0023631339985354383
W02000176,2025,Swansea 009,0.0357494767521113,0,0,0.07479202193890655,8,0.035698407870542605,5.106888156869438e-5
W02000177,2025,Swansea 010,0.038623041847219534,0,0,0.07479202193890655,6,0.03819908243444518,4.239594127743579e-4
W02000178,2025,Swansea 011,0.04399296903764477,0,0,0.07479202193890655,10,0.04371098874679553,2.8198029084924164e-4
W02000179,2025,Swansea 012,0.03289245179349065,0,0,0.07479202193890655,14,0.032682902642568665,2.0954915092198656e-4
W02000180,2025,Swansea 013,0.038565631761446346,0,0,0.07479202193890655,9,0.03952331904661559,-9.576872851692411e-4
W02000181,2025,Swansea 014,0.03848041928468299,0,0,0.07479202193890655,8,0.0397057468883738,-0.001225327603690811
W02000182,2025,Swansea 015,0.038454476274533474,0,0,0.07479202193890655,10,0.03902154035716289,-5.670640826294163e-4
W02000183,2025,Swansea 016,0.04372430932664199,0,0,0.07479202193890655,9,0.04552094460454824,-0.0017966352779062514
W02000184,2025,Swansea 017,0.03773917229076929,0.023253688648241382,5.65498030432949e-4,5.65498030432949e-4,16,0.03819959320264635,-4.604209118770561e-4
W02000185,2025,Swansea 018,0.030962486576947012,0,0,0.07479202193890655,6,0.032209183603066106,-0.0012466970261190945
W02000186,2025,Swansea 019,0.04460059464293664,0,0,0.07479202193890655,11,0.04603095401542656,-0.00143035937248992
W02000188,2025,Swansea 021,0.04564233059597264,0,0,0.07479202193890655,6,0.04675350969748364,-0.0011111791015109979
W02000189,2025,Swansea 022,0.03497211991063955,0.045245800415916214,0.0020724102485816503,0.0020724102485816503,15,0.03602558291273031,-0.0010534630020907557
W02000191,2025,Swansea 024,0.043452223078258904,0,0,0.07479202193890655,10,0.043403321707562455,4.890137069644973e-5
W02000192,2025,Swansea 025,0.053296040369284516,0,0,0.07479202193890655,17,0.05333450318370995,-3.846281442543287e-5
W02000193,2025,Swansea 026,0.05178585887190528,0,0,0.07479202193890655,14,0.051415165341541016,3.706935303642647e-4
W02000194,2025,Swansea 027,0.0355433456977328,0.057861618671069794,0.0034155876022569248,0.0034155876022569248,14,0.037907876639729776,-0.002364530941996977
W02000195,2025,Swansea 028,0.029543464891020638,0,0,0.07479202193890655,11,0.030174854055235904,-6.31389164215266e-4
W02000196,2025,Swansea 029,0.03469754461043277,0.06431353158070455,0.0041851053588100266,0.0041851053588100266,10,0.03551873701247881,-8.211924020460407e-4
W02000197,2025,Swansea 030,0.028756167341275268,0,0,0.07479202193890655,8,0.030005666383402487,-0.0012494990421272195
W02000198,2025,Swansea 031,0.030821859052702797,0,0,0.07479202193890655,10,0.03214859447697313,-0.0013267354242703332
W02000200,2025,Neath Port Talbot 002,0.03782880214881395,0,0,0.07479202193890655,11,0.036298953663793314,0.001529848485020635
W02000201,2025,Neath Port Talbot 003,0.036805081511096266,0,0,0.07479202193890655,16,0.03650784619504535,2.9723531605091447e-4
W02000202,2025,Neath Port Talbot 004,0.037058442277354865,0,0,0.07479202193890655,9,0.03740048557242551,-3.4204329507064174e-4
W02000204,2025,Neath Port Talbot 006,0.034832613425198,0,0,0.07479202193890655,4,0.03438880233219675,4.438110930012479e-4
W02000205,2025,Neath Port Talbot 007,0.03529247664603545,0,0,0.07479202193890655,11,0.036382008116669494,-0.0010895314706340434
W02000206,2025,Neath Port Talbot 008,0.03921972541146097,0,0,0.07479202193890655,18,0.03986682706924827,-6.47101657787294e-4
W02000207,2025,Neath Port Talbot 009,0.03300077076523802,0,0,0.07479202193890655,14,0.03320183028863683,-2.0105952339881383e-4
W02000208,2025,Neath Port Talbot 010,0.04165906974120936,0,0,0.07479202193890655,9,0.04232848628218209,-6.69416540972731e-4
W02000210,2025,Neath Port Talbot 012,0.03936407994953942,0,0,0.07479202193890655,8,0.03893371904254669,4.3036090699273555e-4
W02000211,2025,Neath Port Talbot 013,0.0402885524232164,0.08879655252184405,0.00780270651726559,0.00780270651726559,10,0.04146833557039871,-0.0011797831471823117
W02000212,2025,Neath Port Talbot 014,0.03836098733892972,0.2655819659314653,0.04299357300009459,0.04299357300009459,11,0.039327135708261414,-9.661483693316972e-4
W02000213,2025,Neath Port Talbot 015,0.03362907736855341,0,0,0.07479202193890655,11,0.03421213510979897,-5.830577412455629e-4
W02000214,2025,Neath Port Talbot 016,0.036568107815632876,0,0,0.07479202193890655,16,0.03651479811595647,5.330969967640847e-5
W02000215,2025,Neath Port Talbot 017,0.038409875841912376,0,0,0.07479202193890655,17,0.038494946806477415,-8.507096456503854e-5
W02000216,2025,Neath Port Talbot 018,0.03708777885058699,0,0,0.07479202193890655,13,0.03737829869585749,-2.9051984527049546e-4
W02000217,2025,Neath Port Talbot 019,0.036673119482555826,0,0,0.07479202193890655,16,0.036604048930880546,6.907055167527931e-5
W02000218,2025,Bridgend 001,0.04313734405499796,0.10910048097014553,0.010758045337505273,0.010758045337505273,11,0.04255258971850703,5.847543364909252e-4
W02000219,2025,Bridgend 002,0.03842255577172365,0,0,0.07479202193890655,12,0.03850085250923881,-7.829673751516553e-5
W02000220,2025,Bridgend 003,0.03966454901058639,0,0,0.07479202193890655,15,0.038983903357388626,6.806456531977673e-4
W02000221,2025,Bridgend 004,0.04068553398761955,0,0,0.07479202193890655,12,0.039231330793115214,0.0014542031945043374
W02000222,2025,Bridgend 005,0.0374022807385504,0.092350063637613,0.007874227362893319,0.007874227362893319,15,0.03706262262187117,3.396581166792284e-4
W02000223,2025,Bridgend 006,0.03741485546729511,0,0,0.07479202193890655,17,0.03685785445430009,5.570010129950162e-4
W02000224,2025,Bridgend 007,0.03924115416411075,0,0,0.07479202193890655,12,0.03882340392232159,4.1775024178916653e-4
W02000225,2025,Bridgend 008,0.03990814415965718,0.28250679011949603,0.0461937704273078,0.0461937704273078,10,0.03970199330901363,2.0615085064355082e-4
W02000226,2025,Bridgend 009,0.036362932282631856,0,0,0.07479202193890655,12,0.036886314346345754,-5.233820637138981e-4
W02000227,2025,Bridgend 010,0.04004310520942151,0.05848109116298291,0.0032701092898489406,0.0032701092898489406,19,0.03909175058247123,9.513546269502779e-4
W02000228,2025,Bridgend 011,0.04168622034293735,0.07207263098062257,0.0050886970374061855,0.0050886970374061855,12,0.04223848431844368,-5.522639755063327e-4
W02000229,2025,Bridgend 012,0.03720353952649268,0,0,0.07479202193890655,15,0.03677952535445942,4.2401417203325603e-4
W02000230,2025,Bridgend 013,0.03446717181277759,0.1464101254794437,0.017629753716311685,0.017629753716311685,14,0.03499359944824695,-5.264276354693537e-4
W02000231,2025,Bridgend 014,0.04398846450116133,0.07183417284544649,0.005249421462850407,0.005249421462850407,8,0.04325373009731316,7.34734403848171e-4
W02000232,2025,Bridgend 015,0.03810693917817456,0,0,0.07479202193890655,9,0.03704513537689175,0.001061803801282811
W02000233,2025,Bridgend 016,0.03983512571483569,0,0,0.07479202193890655,13,0.03976872917782306,6.63965370126321e-5
W02000234,2025,Bridgend 017,0.03793284434233256,0,0,0.07479202193890655,15,0.03757078698861182,3.6205735372073916e-4
W02000235,2025,Bridgend 018,0.03157412239638517,0,0,0.07479202193890655,13,0.03180563098130835,-2.3150858492317766e-4
W02000236,2025,Bridgend 019,0.03258544244190911,0,0,0.07479202193890655,16,0.033670027031923594,-0.0010845845900144813
W02000237,2025,Vale of Glamorgan 001,0.03569138863738845,0.03299495021307682,0.0010977342923550331,0.0010977342923550331,20,0.035702622269768995,-1.1233632380543146e-5
W02000238,2025,Vale of Glamorgan 002,0.03534308657237544,0.06415583379282938,0.004148765243193905,0.004148765243193905,12,0.033849175743847625,0.0014939108285278169
W02000239,2025,Vale of Glamorgan 003,0.03774095370157211,0,0,0.07479202193890655,15,0.037148635858678704,5.923178428934028e-4
W02000240,2025,Vale of Glamorgan 004,0.04544548323584171,0.1448573720935013,0.017416515864917187,0.017416515864917187,9,0.04560209817331907,-1.56614937477359e-4
W02000241,2025,Vale of Glamorgan 005,0.042548227811589345,0,0,0.07479202193890655,13,0.04106462320144182,0.0014836046101475223
W02000242,2025,Vale of Glamorgan 006,0.039050405438810026,0,0,0.07479202193890655,10,0.038225371897213554,8.250335415964719e-4
W02000243,2025,Vale of Glamorgan 007,0.04786784847308464,0,0,0.07479202193890655,11,0.047070194472447785,7.976540006368535e-4
W02000244,2025,Vale of Glamorgan 008,0.038887001830957564,0,0,0.07479202193890655,18,0.03879388996950251,9.311186145505301e-5
W02000245,2025,Vale of Glamorgan 009,0.0467486299344998,0.1167767187903577,0.011720271257864052,0.011720271257864052,16,0.04664497275771996,1.0365717677983388e-4
W02000246,2025,Vale of Glamorgan 010,0.037377113961470254,0,0,0.07479202193890655,13,0.036618571957730134,7.585420037401203e-4
W02000247,2025,Vale of Glamorgan 011,0.03813040932357097,0.0596274866203391,0.0034270692222085363,0.0034270692222085363,18,0.03876965471518929,-6.392453916183177e-4
W02000248,2025,Vale of Glamorgan 012,0.051933660141741576,0.07073787693267697,0.004683293358499987,0.004683293358499987,19,0.0509149409542674,0.0010187191874741763
W02000249,2025,Vale of Glamorgan 013,0.05238851255939795,0.3151517375304732,0.02178849084273634,0.02178849084273634,13,0.05231929269136123,6.92198680367212e-5
W02000250,2025,Vale of Glamorgan 014,0.03935277461314034,0,0,0.07479202193890655,13,0.03904171023828773,0.00031106437485260707
W02000251,2025,Vale of Glamorgan 015,0.049399124949468916,0.09791487836760734,0.004642951103399274,0.004642951103399274,18,0.04812580030947893,0.001273324639989984
W02000252,2025,Rhondda Cynon Taf 001,0.040109565966493406,0,0,0.07479202193890655,5,0.040054704238589256,5.486172790414995e-5
W02000253,2025,Rhondda Cynon Taf 002,0.04067350950553245,0,0,0.07479202193890655,7,0.040079401035816954,5.941084697154986e-4
W02000254,2025,Rhondda Cynon Taf 003,0.03980757857949486,0,0,0.07479202193890655,6,0.03996110418432287,-1.535256048280087e-4
W02000255,2025,Rhondda Cynon Taf 004,0.03910848959812665,0,0,0.07479202193890655,6,0.03833967414761632,7.688154505103295e-4
W02000256,2025,Rhondda Cynon Taf 005,0.042919124997665814,0,0,0.07479202193890655,8,0.04160095996006973,0.0013181650375960821
W02000257,2025,Rhondda Cynon Taf 006,0.04147859875564083,0,0,0.07479202193890655,7,0.04099375620155554,4.8484255408529076e-4
W02000258,2025,Rhondda Cynon Taf 007,0.04205146773542425,0.1835071450253025,0.02670266284096593,0.02670266284096593,8,0.041983332429551136,6.813530587311545e-5
W02000259,2025,Rhondda Cynon Taf 008,0.045540037180905,0,0,0.07479202193890655,5,0.04408548920632022,0.0014545479745847745
W02000260,2025,Rhondda Cynon Taf 009,0.0432024330606784,0.372965428737721,0.07479202193890655,0.07479202193890655,4,0.04261470832807415,5.877247326042459e-4
W02000261,2025,Rhondda Cynon Taf 010,0.04087079686049009,0.045296965724577386,0.002061615559570713,0.002061615559570713,14,0.040021445454324366,8.493514061657242e-4
W02000262,2025,Rhondda Cynon Taf 011,0.04061944933691192,0,0,0.07479202193890655,12,0.03996503610655336,6.544132303585581e-4
W02000263,2025,Rhondda Cynon Taf 012,0.041999841986506664,0,0,0.07479202193890655,8,0.04131485300877177,6.849889777348975e-4
W02000264,2025,Rhondda Cynon Taf 013,0.04581120668723308,0.04494464590020504,0.0020929666188328998,0.0020929666188328998,10,0.045693095576001264,1.181111112318195e-4
W02000265,2025,Rhondda Cynon Taf 014,0.04234880914859387,0,0,0.07479202193890655,9,0.04195163050942061,3.9717863917326096e-4
W02000266,2025,Rhondda Cynon Taf 015,0.043523176572721416,0,0,0.07479202193890655,9,0.0413650665397818,0.002158110032939614
W02000267,2025,Rhondda Cynon Taf 016,0.0424702832648967,0,0,0.07479202193890655,4,0.04267622690015685,-2.0594363526015014e-4
W02000268,2025,Rhondda Cynon Taf 017,0.044048962543104336,0.030777319895560595,0.001020827248197679,0.001020827248197679,11,0.043507140952355465,5.418215907488713e-4
W02000269,2025,Rhondda Cynon Taf 018,0.042076041153758244,0,0,0.07479202193890655,7,0.04125291606419449,8.231250895637532e-4
W02000270,2025,Rhondda Cynon Taf 019,0.0404542481831937,0,0,0.07479202193890655,4,0.039742849038808856,7.113991443848458e-4
W02000271,2025,Rhondda Cynon Taf 020,0.04480380366625569,0.07951487718834524,0.00692752292892289,0.00692752292892289,6,0.04524124107110417,-4.3743740484848e-4
W02000272,2025,Rhondda Cynon Taf 021,0.04466145658362068,0.12102535306222087,0.01346208863778119,0.01346208863778119,8,0.04311191520405573,0.0015495413795649504
W02000273,2025,Rhondda Cynon Taf 022,0.053713117988075494,0,0,0.07479202193890655,7,0.05206954601926137,0.0016435719688141226
W02000274,2025,Rhondda Cynon Taf 023,0.043776995307147556,0.18878885681428406,0.028438505385034805,0.028438505385034805,7,0.043233889694905714,5.431056122418426e-4
W02000275,2025,Rhondda Cynon Taf 024,0.04147205110589843,0,0,0.07479202193890655,8,0.04086824359245815,6.038075134402812e-4
W02000276,2025,Rhondda Cynon Taf 025,0.04079299316164445,0.08958261461549491,0.007545075036506737,0.007545075036506737,10,0.04035690288177889,4.3609027986555443e-4
W02000277,2025,Rhondda Cynon Taf 026,0.040611344040419745,0,0,0.07479202193890655,6,0.03878935803662635,0.0018219860037933938
W02000278,2025,Rhondda Cynon Taf 027,0.04301921441707519,0.29019637320776104,0.035326501554663006,0.035326501554663006,8,0.043008158038302755,1.105637877243243e-5
W02000279,2025,Rhondda Cynon Taf 028,0.04127063570759082,0,0,0.07479202193890655,11,0.04139010477976588,-1.1946907217506159e-4
W02000280,2025,Rhondda Cynon Taf 029,0.0412059355913857,0,0,0.07479202193890655,6,0.0403016831680751,9.042524233106031e-4
W02000281,2025,Rhondda Cynon Taf 030,0.03941174710768495,0.10268536105479557,0.009488590892008058,0.009488590892008058,11,0.03982639002530726,-4.1464291762231126e-4
W02000282,2025,Rhondda Cynon Taf 031,0.03966056170218812,0,0,0.07479202193890655,5,0.03891312554182243,7.474361603656901e-4
W02000284,2025,Merthyr Tydfil 002,0.04374739099038615,0.07662753602614975,0.0029131988219726276,0.0029131988219726276,30,0.043640477785661796,1.0691320472435567e-4
W02000285,2025,Merthyr Tydfil 003,0.03907792024330837,0.02592549616654297,6.794967840329848e-4,6.794967840329848e-4,22,0.038150426101874885,9.274941414334839e-4
W02000286,2025,Merthyr Tydfil 004,0.04445007992365429,0,0,0.07479202193890655,16,0.04365171365952432,7.983662641299696e-4
W02000287,2025,Merthyr Tydfil 005,0.04308784306737211,0.07818534734615408,0.0031797815227670384,0.0031797815227670384,19,0.04167774034833073,0.0014101027190413784
W02000288,2025,Merthyr Tydfil 006,0.04427927813997267,0.06759886661755571,0.0024032233821080612,0.0024032233821080612,32,0.042719299149336414,0.0015599789906362571
W02000289,2025,Merthyr Tydfil 007,0.04523562247067217,0.2616029766464976,0.013834622409649631,0.013834622409649631,32,0.04564840661233112,-4.1278414165894783e-4
W02000290,2025,Caerphilly 001,0.042674359183091926,0.12914368012326416,0.015622803029404015,0.015622803029404015,7,0.04274175810196423,-6.739891887230787e-5
W02000291,2025,Caerphilly 002,0.041940121747723026,0,0,0.07479202193890655,5,0.04029199657294755,0.001648125174775479
W02000292,2025,Caerphilly 003,0.04092719039534063,0,0,0.07479202193890655,9,0.04020591428297515,7.212761123654779e-4
W02000293,2025,Caerphilly 004,0.04147364728948113,0,0,0.07479202193890655,6,0.04000882397472872,0.0014648233147524087
W02000294,2025,Caerphilly 005,0.03696596007672621,0.09479690215287191,0.008168299199631317,0.008168299199631317,14,0.036344667621635816,6.212924550903914e-4
W02000295,2025,Caerphilly 006,0.0360470030505453,0,0,0.07479202193890655,7,0.035599059570432245,4.4794348011305274e-4
W02000296,2025,Caerphilly 007,0.04008859737677379,0.07681844747274189,0.005923746592062732,0.005923746592062732,8,0.03983008984039943,2.585075363743597e-4
W02000297,2025,Caerphilly 008,0.03980933936566943,0.020509995320708425,4.833395336142721e-4,4.833395336142721e-4,8,0.040045084020134666,-2.3574465446523502e-4
W02000298,2025,Caerphilly 009,0.036320981132610564,0,0,0.07479202193890655,10,0.03537837559923374,9.42605533376821e-4
W02000299,2025,Caerphilly 010,0.036069532851685904,0,0,0.07479202193890655,7,0.0350600365650985,0.0010094962865874052
W02000300,2025,Caerphilly 011,0.036830522159414424,0,0,0.07479202193890655,5,0.036386385685234335,4.441364741800888e-4
W02000301,2025,Caerphilly 012,0.041282513756671566,0.044161521111563275,0.0021653401572206826,0.0021653401572206826,9,0.04146713873042213,-1.8462497375056758e-4
W02000302,2025,Caerphilly 013,0.03977767497130655,0.0314265350622372,0.0010686353026112037,0.0010686353026112037,12,0.03896322759859034,8.14447372716208e-4
W02000303,2025,Caerphilly 014,0.03612348157458994,0,0,0.07479202193890655,11,0.03620998716701865,-8.650559242871086e-5
W02000304,2025,Caerphilly 015,0.037738163959002216,0,0,0.07479202193890655,7,0.037513454161703416,2.2470979729879992e-4
W02000305,2025,Caerphilly 016,0.03616528242289383,0,0,0.07479202193890655,6,0.03675253701293354,-5.872545900397069e-4
W02000306,2025,Caerphilly 017,0.03633580951915954,0,0,0.07479202193890655,10,0.03511455857302146,0.0012212509461380777
W02000307,2025,Caerphilly 018,0.04209256153551056,0,0,0.07479202193890655,10,0.041678575803349195,4.139857321613649e-4
W02000308,2025,Caerphilly 019,0.03960073962566753,0,0,0.07479202193890655,10,0.038366678464225513,0.0012340611614420141
W02000309,2025,Caerphilly 020,0.03744425724707817,0,0,0.07479202193890655,9,0.03639959946653493,0.0010446577805432386
W02000310,2025,Caerphilly 021,0.03657320047293108,0,0,0.07479202193890655,11,0.037401865794049347,-8.286653211182632e-4
W02000311,2025,Caerphilly 022,0.04142946956872727,0.05899856156677649,0.003761920912173069,0.003761920912173069,8,0.040889681451304886,5.397881174223837e-4
W02000312,2025,Caerphilly 023,0.037239029366120384,0,0,0.07479202193890655,9,0.03781276551387911,-5.737361477587272e-4
W02000313,2025,Caerphilly 024,0.03820258403836825,0,0,0.07479202193890655,6,0.037224743896288326,9.778401420799249e-4
W02000314,2025,Blaenau Gwent 001,0.0351550411798458,0,0,0.07479202193890655,27,0.03540021818958593,-2.451770097401246e-4
W02000315,2025,Blaenau Gwent 002,0.037693170809197964,0,0,0.07479202193890655,12,0.03726410083423989,4.2906997495807675e-4
W02000316,2025,Blaenau Gwent 003,0.03718400141187497,0.041311955855826386,0.0016775272305463054,0.0016775272305463054,22,0.03747524494033812,-2.9124352846314483e-4
W02000317,2025,Blaenau Gwent 004,0.035518238711187276,0,0,0.07479202193890655,23,0.03565723486646433,-1.389961552770505e-4
W02000318,2025,Blaenau Gwent 005,0.038786798476880394,0.1107561007057057,0.005701888932761922,0.005701888932761922,19,0.03844574264440281,3.410558324775867e-4
W02000319,2025,Blaenau Gwent 006,0.037976585415257905,0,0,0.07479202193890655,23,0.036776459960272866,0.001200125454985039
W02000320,2025,Blaenau Gwent 007,0.0387311194509635,0,0,0.07479202193890655,17,0.038200811686227465,5.303077647360321e-4
W02000321,2025,Blaenau Gwent 008,0.03729187514114039,0,0,0.07479202193890655,23,0.037185207400272306,1.0666774086808689e-4
W02000322,2025,Blaenau Gwent 009,0.03854723114286802,0.07439244023293175,0.005236269416521719,0.005236269416521719,17,0.03834657098352482,2.006601593431967e-4
W02000323,2025,Torfaen 001,0.03846967207923785,0.1673449155592207,0.021211440630420342,0.021211440630420342,16,0.038170997718048806,2.986743611890427e-4
W02000324,2025,Torfaen 002,0.035309882983195554,0,0,0.07479202193890655,14,0.03533371498615119,-2.3832002955637144e-5
W02000325,2025,Torfaen 003,0.03707859149850145,0,0,0.07479202193890655,13,0.03697133910716448,1.072523913369719e-4
W02000326,2025,Torfaen 004,0.03568555564478286,0,0,0.07479202193890655,12,0.03504774181856275,6.378138262201072e-4
W02000327,2025,Torfaen 005,0.030744364744197967,0,0,0.07479202193890655,20,0.029713944188919813,0.001030420555278154
W02000328,2025,Torfaen 006,0.03275231325373311,0,0,0.07479202193890655,17,0.03337057943109795,-6.182661773648443e-4
W02000329,2025,Torfaen 007,0.036009649988747464,0,0,0.07479202193890655,21,0.035356901995078224,6.527479936692393e-4
W02000330,2025,Torfaen 008,0.032767355459953115,0.01332074880698912,1.904282509668827e-4,1.904282509668827e-4,16,0.03360078432387593,-8.334288639228124e-4
W02000331,2025,Torfaen 009,0.03939906517864883,0.14960598510964573,0.017589606389133167,0.017589606389133167,18,0.0387995426677268,5.99522510922032e-4
W02000332,2025,Torfaen 010,0.03687303498452579,0,0,0.07479202193890655,24,0.03641396390934867,4.5907107517711987e-4
W02000333,2025,Torfaen 011,0.0366389091156184,0.05493737990494775,0.002887661735253496,0.002887661735253496,21,0.035697598781794376,9.413103338240247e-4
W02000334,2025,Torfaen 012,0.03407008000498612,0.10152552706692189,0.009079615769801805,0.009079615769801805,15,0.03465294220961422,-5.828622046281026e-4
W02000335,2025,Torfaen 013,0.032438240219442166,0,0,0.07479202193890655,16,0.032486483488741495,-4.824326929932926e-5
W02000336,2025,Monmouthshire 001,0.033398279504218906,0,0,0.07479202193890655,34,0.03198022127140014,0.001418058232818764
W02000337,2025,Monmouthshire 002,0.042606083754166836,0.07652570355924396,0.002832660310234071,0.002832660310234071,26,0.04204929807433888,5.56785679827955e-4
W02000338,2025,Monmouthshire 003,0.032698517296586314,0.018197012236512447,3.414497685947275e-4,3.414497685947275e-4,25,0.03303053141156552,-3.3201411497920524e-4
W02000339,2025,Monmouthshire 004,0.031027993617937892,0,0,0.07479202193890655,26,0.032007896728029464,-9.79903110091572e-4
W02000340,2025,Monmouthshire 005,0.03033175290993976,0,0,0.07479202193890655,16,0.03043502408986213,-1.0327117992237067e-4
W02000341,2025,Monmouthshire 006,0.030030947151538787,0,0,0.07479202193890655,29,0.02908789761381535,9.430495377234366e-4
W02000342,2025,Monmouthshire 007,0.03326006131675505,0.0864006320826495,0.0038526052260398,0.0038526052260398,16,0.03277882453914362,4.812367776114365e-4
W02000343,2025,Monmouthshire 008,0.03612895444361723,0,0,0.07479202193890655,16,0.035920200584189405,2.0875385942782654e-4
W02000344,2025,Monmouthshire 009,0.03486587434600753,0.09349921206224143,0.005825912320302069,0.005825912320302069,21,0.0334191598453443,0.0014467145006632348
W02000345,2025,Monmouthshire 010,0.0345661162524882,0,0,0.07479202193890655,19,0.033586791136871096,9.793251156171023e-4
W02000346,2025,Monmouthshire 011,0.03541866031034779,0.016494613608538086,2.8022897583731535e-4,2.8022897583731535e-4,24,0.034461118369249005,9.575419410987815e-4
W02000347,2025,Newport 001,0.03308830479138187,0.04564497497763991,0.002064499986228287,0.002064499986228287,18,0.03212515504591925,9.631497454626187e-4
W02000348,2025,Newport 002,0.033137325697142235,0,0,0.07479202193890655,9,0.032384318654284726,7.530070428575092e-4
W02000349,2025,Newport 003,0.039344659352187505,0,0,0.07479202193890655,20,0.03851045464305358,8.342047091339233e-4
W02000350,2025,Newport 004,0.035589239417286984,0.1931215982247358,0.02760198474752334,0.02760198474752334,12,0.03453677001751374,0.0010524693997732426
W02000351,2025,Newport 005,0.035909046248811145,0,0,0.07479202193890655,10,0.03492560936326414,9.83436885547008e-4
W02000352,2025,Newport 006,0.03854609903474211,0,0,0.07479202193890655,15,0.037665410359823584,8.806886749185283e-4
W02000353,2025,Newport 007,0.03623480389502467,0,0,0.07479202193890655,6,0.03623405166881723,7.522262074413644e-7
W02000354,2025,Newport 008,0.03336944600628346,0,0,0.07479202193890655,8,0.03294923253877068,4.2021346751277416e-4
W02000355,2025,Newport 009,0.03316695942855512,0,0,0.07479202193890655,11,0.032672440050583694,4.945193779714238e-4
W02000356,2025,Newport 010,0.04207711199083642,0.1375688723671366,0.016121212889531413,0.016121212889531413,11,0.04250499248674548,-4.2788049590906235e-4
W02000357,2025,Newport 011,0.03886663539692766,0,0,0.07479202193890655,15,0.037565880334401544,0.0013007550625261169
W02000358,2025,Newport 012,0.03208921601258254,0,0,0.07479202193890655,7,0.032052295850205276,3.6920162377267196e-5
W02000359,2025,Newport 013,0.042398371832104806,0,0,0.07479202193890655,16,0.04085950323582239,0.001538868596282418
W02000360,2025,Newport 014,0.04231708832120986,0,0,0.07479202193890655,18,0.04123283599138236,0.0010842523298274995
W02000361,2025,Newport 015,0.03746078626571735,0,0,0.07479202193890655,9,0.037487894645711436,-2.710837999408966e-5
W02000362,2025,Newport 016,0.03389232706221676,0,0,0.07479202193890655,9,0.03393052580276764,-3.819874055088074e-5
W02000363,2025,Newport 017,0.03437374406266601,0,0,0.07479202193890655,18,0.034824475465652475,-4.5073140298646647e-4
W02000364,2025,Newport 018,0.045667552169981564,0,0,0.07479202193890655,17,0.0451075039848793,5.600481851022604e-4
W02000365,2025,Newport 019,0.040143835451220876,0,0,0.07479202193890655,8,0.03912094578841255,0.001022889662808328
W02000366,2025,Newport 020,0.03547323445842925,0,0,0.07479202193890655,13,0.03407338903207691,0.001399845426352339
W02000367,2025,Cardiff 001,0.033480506039087456,0,0,0.07479202193890655,6,0.03364261097177508,-1.6210493268762477e-4
W02000368,2025,Cardiff 002,0.039583617166788064,0.12193376846192051,0.013033677550895387,0.013033677550895387,12,0.03933757588336742,2.460412834206435e-4
W02000369,2025,Cardiff 003,0.040361469084073544,0,0,0.07479202193890655,10,0.040895535791059354,-5.340667069858099e-4
W02000370,2025,Cardiff 004,0.034030162745555176,0,0,0.07479202193890655,4,0.03380783787901491,2.2232486654026606e-4
W02000371,2025,Cardiff 005,0.038646006144345796,0,0,0.07479202193890655,10,0.03914799962019763,-5.019934758518363e-4
W02000372,2025,Cardiff 006,0.042619233661863695,0.18076974748478322,0.015297590076622422,0.015297590076622422,10,0.04194417687548218,6.750567863815157e-4
W02000373,2025,Cardiff 007,0.045460729775132845,0.07165943205597675,0.004967771954565637,0.004967771954565637,14,0.0443048100900789,0.0011559196850539424
W02000374,2025,Cardiff 008,0.03459803896785002,0,0,0.07479202193890655,9,0.03557276950828304,-9.747305404330178e-4
W02000375,2025,Cardiff 009,0.04691694457467134,0.30068132256802843,0.052915119157267945,0.052915119157267945,7,0.04724698281051527,-3.3003823584393244e-4
W02000376,2025,Cardiff 010,0.03961195136224659,0,0,0.07479202193890655,10,0.03875926023675194,8.52691125494652e-4
W02000377,2025,Cardiff 011,0.04189639455995617,0,0,0.07479202193890655,11,0.04078533910606591,0.0011110554538902584
W02000378,2025,Cardiff 012,0.03907062650660049,0.10574992853048226,0.011136999392268076,0.011136999392268076,7,0.03917194780889678,-1.013213022962936e-4
W02000379,2025,Cardiff 013,0.052507809739187575,0.2701890564282451,0.029800571631433882,0.029800571631433882,9,0.05118704781699703,0.0013207619221905428
W02000380,2025,Cardiff 014,0.038056925950737744,0,0,0.07479202193890655,8,0.03756674031448443,4.901856362533111e-4
W02000381,2025,Cardiff 015,0.046898669063596854,0.12956175159137706,0.008859857044014726,0.008859857044014726,14,0.04698164417879442,-8.297511519756579e-5
W02000382,2025,Cardiff 016,0.046423722548791374,0.057663972642131696,0.003352259929406651,0.003352259929406651,13,0.046705760769091935,-2.8203822030056086e-4
W02000383,2025,Cardiff 017,0.04357990267913329,0,0,0.07479202193890655,8,0.04303280596705232,5.470967120809675e-4
W02000384,2025,Cardiff 018,0.036849508225288596,0,0,0.07479202193890655,10,0.03615337890832448,6.961293169641183e-4
W02000385,2025,Cardiff 019,0.040130957396786106,0.04869950215947111,0.0023817906496585947,0.0023817906496585947,12,0.03968922495446603,4.4173244232007663e-4
W02000386,2025,Cardiff 020,0.034436566702506825,0,0,0.07479202193890655,14,0.03450168734091702,-6.512063841019461e-5
W02000387,2025,Cardiff 021,0.03944667557871454,0,0,0.07479202193890655,11,0.038901180989267495,5.454945894470473e-4
W02000388,2025,Cardiff 022,0.03838955177906827,0,0,0.07479202193890655,12,0.03843778343439749,-4.823165532922419e-5
W02000389,2025,Cardiff 023,0.04486019675831381,0,0,0.07479202193890655,14,0.04410116546700184,7.590312913119748e-4
W02000390,2025,Cardiff 024,0.03704055920197236,0,0,0.07479202193890655,15,0.035675549493248714,0.0013650097087236496
W02000391,2025,Cardiff 025,0.06166910800060888,0,0,0.07479202193890655,9,0.061493591382818256,1.7551661779062477e-4
W02000392,2025,Cardiff 026,0.042082294895777285,0.13255745431994895,0.017149455030541903,0.017149455030541903,7,0.04252188855304097,-4.39593657263683e-4
W02000393,2025,Cardiff 027,0.04825466471597619,0.14436253916542102,0.016852133851301274,0.016852133851301274,15,0.04753918114566311,7.154835703130774e-4
W02000394,2025,Cardiff 028,0.06411035121127469,0,0,0.07479202193890655,10,0.06311670713087261,9.936440804020757e-4
W02000395,2025,Cardiff 029,0.045259187269356564,0,0,0.07479202193890655,7,0.04368399966042522,0.0015751876089313416
W02000396,2025,Cardiff 030,0.05664145864808578,0,0,0.07479202193890655,7,0.05509515667796292,0.001546301970122857
W02000397,2025,Cardiff 031,0.048461499052364534,0.04505550320170703,0.0021332025390737855,0.0021332025390737855,10,0.049620955482672,-0.0011594564303074664
W02000398,2025,Cardiff 032,0.08055642744020382,0.209119616445308,0.03142155925635628,0.03142155925635628,12,0.07887735569265066,0.0016790717475531625
W02000399,2025,Cardiff 033,0.06624591426904476,0,0,0.07479202193890655,9,0.0648602786851394,0.0013856355839053647
W02000400,2025,Cardiff 034,0.05232781035432474,0.11443183680590295,0.012649276943125962,0.012649276943125962,10,0.05139278916629375,9.350211880309878e-4
W02000401,2025,Cardiff 035,0.05368999201837552,0.1723200188440654,0.017577063260656944,0.017577063260656944,15,0.053253774499266215,4.362175191093068e-4
W02000402,2025,Cardiff 036,0.07023419656737513,0,0,0.07479202193890655,9,0.06850817289547134,0.0017260236719037897
W02000403,2025,Cardiff 037,0.050257962156561295,0,0,0.07479202193890655,10,0.04993464571984353,3.233164367177632e-4
W02000404,2025,Cardiff 038,0.06242425469034965,0.2729301838262963,0.0278307674287556,0.0278307674287556,11,0.059532617981204974,0.0028916367091446765
W02000405,2025,Cardiff 039,0.05019448867811332,0,0,0.07479202193890655,12,0.050561390607374655,-3.6690192926133736e-4
W02000406,2025,Cardiff 040,0.061770759637068975,0.06915928582967376,0.002711511653209829,0.002711511653209829,12,0.062136524264066455,-3.657646269974793e-4
W02000407,2025,Cardiff 041,0.04570695174459831,0,0,0.07479202193890655,4,0.04539766408875362,3.092876558446894e-4
W02000408,2025,Cardiff 042,0.0683654763712318,0.03611261512652058,0.0013554470587408252,0.0013554470587408252,11,0.06378354883997232,0.00458192753125948
W02000409,2025,Cardiff 043,0.044112542152942684,0.06363479570044832,0.004007171892000003,0.004007171892000003,12,0.04427165401668382,-1.5911186374113762e-4
W02000410,2025,Cardiff 044,0.07110419670324439,0.22211963346845814,0.021608672505453418,0.021608672505453418,13,0.06929387068446197,0.001810326018782421
W02000411,2025,Cardiff 045,0.045873156752958964,0,0,0.07479202193890655,13,0.044597629257274195,0.0012755274956847695
W02000412,2025,Cardiff 046,0.05917014609931825,0.07517513125728101,0.005414159939758611,0.005414159939758611,14,0.05906191871053757,1.0822738878067673e-4
W02000414,2025,Powys 020,0.03446937570783732,0.02692761658604264,7.230309728837008e-4,7.230309728837008e-4,26,0.034846870678758184,-3.774949709208636e-4
W02000415,2025,Merthyr Tydfil 008,0.0488869786788207,0.07540262003601914,0.0019756858652994857,0.0019756858652994857,32,0.04915799754295439,-0.00027101886413369303
W02000416,2025,Powys 021,0.036534325105051946,0.012610472729314546,1.6438418843201622e-4,1.6438418843201622e-4,25,0.036299273435612116,2.3505166943982997e-4
W02000417,2025,Neath Port Talbot 020,0.03760875130958037,0,0,0.07479202193890655,13,0.037843636748403596,-2.3488543882322493e-4
W02000418,2025,Carmarthenshire 027,0.03587003061808206,0,0,0.07479202193890655,11,0.03633098420969069,-4.609535916086302e-4
W02000419,2025,Denbighshire 017,0.03426556837942665,0,0,0.07479202193890655,13,0.032969762367449446,0.0012958060119772075
W02000421,2025,Ceredigion 011,0.03753072595152916,0.05967554438557314,0.001762615379198844,0.001762615379198844,25,0.03704723576548183,4.834901860473334e-4
W02000422,2025,Cardiff 048,0.07098388075734494,0.2562992155511787,0.023617860388681314,0.023617860388681314,10,0.06938838437928703,0.0015954963780579062
W02000423,2025,Cardiff 049,0.06886115327983008,0.09134367967570546,0.007988523887480139,0.007988523887480139,11,0.0671356433913015,0.0017255098885285841
W02000424,2025,Wrexham 021,0.034440615497761944,0.04243708752218207,0.0019201318555020497,0.0019201318555020497,11,0.034627613331006744,-1.869978332448008e-4
W02000425,2025,Wrexham 022,0.0425149627383004,0.20200319657606383,0.015430792500374088,0.015430792500374088,10,0.04169167581081185,8.232869274885507e-4
W02000426,2025,Wrexham 023,0.03462875215128054,0,0,0.07479202193890655,11,0.036066947870283486,-0.0014381957190029437
W02000427,2025,Neath Port Talbot 021,0.03732752872923344,0,0,0.07479202193890655,17,0.0376027862293183,-2.7525750008485644e-4
W02000428,2025,Swansea 032,0.03372039316452879,0,0,0.07479202193890655,4,0.034800938759118244,-0.0010805455945894563
